manufacturer,our_sku,supplier_sku,product_name,active,category,material_type,product_use,mpn,family_id,family_name,knowledge_file,thermal_r_value,acoustic_rw,nrc_aw,performance_source,tds_url,sds_url,validation_status,validation_notes,bot_content_status,family_confidence,family_recommendation_eligible,sku_selection_eligible,source_workbook,source_sha256
Fletcher,FI PW Batt 168,FIPWBATT100W168L1200PK,P/Wall Btt 1200*168*100 338005,Yes,Batt,Rockwool,Party Wall Acoustic,4006706,FLETCHER_PARTY_WALL_STONEWOOL,Fletcher Protect / Fire Stop Party Wall Stonewool,knowledge/fletcher/party-wall-stonewool.md,R2.0,Review: Rw 40 | Rw 50,Not stated,Spec Total R-value; Spec Product R-value; Spec Acoustic Rating; Legacy performance,https://insulation.com.au/wp-content/uploads/2024/TDS_Party_Wall_Stonewool_Batts-Blankets_Rev_5_05122024.pdf,https://insulation.com.au/wp-content/uploads/2024/SUIS-FBS-1-Glasswool-Bio-soluble-Insulation-Rev3-171024.pdf,REVIEW,Duplicate Our SKU; Duplicate SKU; Material conflict between product and spec fields; Acoustic Rw conflict between legacy and spec fields; Order Flag contains repeated 6712; confirm intended meaning; Order Quantity contains repeated 6712; confirm intended meaning,READY,manufacturer_supported,True,False,Product_Master_Bot_Sheet1_Validated.xlsx,cab733ff840db5bb8116e4869b42915772cd667d035912612bd78c0d35b4b5b7
Fletcher,FI PW Batt 168,FIPWBATT100W168L1200PK,Pink Batts Wall Insulation,,Wall Insulation,Glasswool,External Walls; Internal Walls,,FLETCHER_PINK_BATTS_WALL,Pink Batts Wall Insulation,knowledge/fletcher/pink-batts-wall.md,R1.5,Not stated,NRC 0.95; αw 1.0,Spec Total R-value; Spec Product R-value; Spec Acoustic Rating; Legacy performance,https://insulation.com.au/wp-content/uploads/2024/TDS-Pink-Batts-Wall-Rev12-010225.pdf,https://insulation.com.au/wp-content/uploads/2024/SUIS-FBS-1-Glasswool-Bio-soluble-Insulation-Rev3-171024.pdf,REVIEW,Duplicate Our SKU; Duplicate SKU; Order Quantity contains repeated 6712; confirm intended meaning,READY,manufacturer_supported,True,False,Product_Master_Bot_Sheet1_Validated.xlsx,cab733ff840db5bb8116e4869b42915772cd667d035912612bd78c0d35b4b5b7
Fletcher,FI Protect PW Batt 300,FIPROTECTPWBATT50W300L1200PK,Protect PW Batt 1200*300*50,Yes,Batt,Rockwool,Party Wall Fire,4010579,FLETCHER_PARTY_WALL_STONEWOOL,Fletcher Protect / Fire Stop Party Wall Stonewool,knowledge/fletcher/party-wall-stonewool.md,Not stated,Review: Rw 40+ | Rw 40-65,NRC 1.00; α 0.9 (reported),Spec Total R-value; Spec Product R-value; Spec Acoustic Rating; Legacy performance,https://insulation.com.au/wp-content/uploads/2024/TDS_Party_Wall_Stonewool_Batts-Blankets_Rev_5_05122024.pdf,https://insulation.com.au/wp-content/uploads/2024/SUIS-FBS-1-Glasswool-Bio-soluble-Insulation-Rev3-171024.pdf,REVIEW,Duplicate Our SKU; Duplicate SKU; Material conflict between product and spec fields; Acoustic Rw conflict between legacy and spec fields; Order Quantity contains repeated 6712; confirm intended meaning,READY,manufacturer_supported,True,False,Product_Master_Bot_Sheet1_Validated.xlsx,cab733ff840db5bb8116e4869b42915772cd667d035912612bd78c0d35b4b5b7
Fletcher,FI Protect PW Batt 300,FIPROTECTPWBATT50W300L1200PK,Fletcher Protect Party Wall Stonewool Batts,,Party Wall Insulation,Stonewool,Party Walls; External Walls; Soffits; Roofing,,FLETCHER_PARTY_WALL_STONEWOOL,Fletcher Protect / Fire Stop Party Wall Stonewool,knowledge/fletcher/party-wall-stonewool.md,R1.5,Rw 40,Not stated,Spec Total R-value; Spec Product R-value; Legacy performance,https://insulation.com.au/wp-content/uploads/2024/TDS_Party_Wall_Stonewool_Batts-Blankets_Rev_5_05122024.pdf,https://insulation.com.au/wp-content/uploads/2024/SUIS-FBS-1-Glasswool-Bio-soluble-Insulation-Rev3-171024.pdf,REVIEW,Duplicate Our SKU; Duplicate SKU; Order Quantity contains repeated 6712; confirm intended meaning,READY,manufacturer_supported,True,False,Product_Master_Bot_Sheet1_Validated.xlsx,cab733ff840db5bb8116e4869b42915772cd667d035912612bd78c0d35b4b5b7
Fletcher,pbattflr,FIPBFLOORT90W430L1160PK12,Pink Floor Batts 1160*430mm,Yes,Batt,Glasswool,Floor,4006073/900263,FLETCHER_PINK_BATTS_FLOOR,Pink Batts Floor Insulation,knowledge/fletcher/pink-batts-floor.md,Review: R2.2 | R2.5,Rw 35,Not stated,Spec Total R-value; Spec Product R-value; Spec Acoustic Rating; Legacy performance,https://insulation.com.au/wp-content/uploads/2024/TDS-Pink-Batts-Floor-Rev2-15042024-2.pdf,https://insulation.com.au/wp-content/uploads/2024/SUIS-FBS-1-Glasswool-Bio-soluble-Insulation-Rev3-171024.pdf,REVIEW,Thermal R conflict between legacy and spec fields; Order Flag contains repeated 6712; confirm intended meaning; Order Quantity contains repeated 6712; confirm intended meaning,READY,manufacturer_supported,True,False,Product_Master_Bot_Sheet1_Validated.xlsx,cab733ff840db5bb8116e4869b42915772cd667d035912612bd78c0d35b4b5b7
Fletcher,FI PB 20430,FIPBR20T90W430L1160PK24,PinkBatt R2.0 1160*430*90,Yes,Batt,Glasswool,Internal Wall | External Wall,4006093,FLETCHER_PINK_BATTS_WALL,Pink Batts Wall Insulation,knowledge/fletcher/pink-batts-wall.md,Review: R2.2 | R2.0,Rw 35,Not stated,Spec Total R-value; Spec Product R-value; Spec Acoustic Rating; Legacy performance,https://insulation.com.au/wp-content/uploads/2024/TDS-Pink-Batts-Wall-Rev12-010225.pdf,https://insulation.com.au/wp-content/uploads/2024/SUIS-FBS-1-Glasswool-Bio-soluble-Insulation-Rev3-171024.pdf,REVIEW,Thermal R conflict between legacy and spec fields; Order Flag contains repeated 6712; confirm intended meaning; Order Quantity contains repeated 6712; confirm intended meaning,READY,manufacturer_supported,True,False,Product_Master_Bot_Sheet1_Validated.xlsx,cab733ff840db5bb8116e4869b42915772cd667d035912612bd78c0d35b4b5b7
Fletcher,FI PB 20580,FIPBR20T90W580L1160PK24,PinkBatt R2.0 1160*580*90,Yes,Batt,Glasswool,Internal Wall | External Wall,4006094,FLETCHER_PINK_BATTS_WALL,Pink Batts Wall Insulation,knowledge/fletcher/pink-batts-wall.md,Review: R2.17 | R2.0,Rw 40+,NRC 0.95,Spec Total R-value; Spec Product R-value; Spec Acoustic Rating; Legacy performance,https://insulation.com.au/wp-content/uploads/2024/TDS-Pink-Batts-Wall-Rev12-010225.pdf,https://insulation.com.au/wp-content/uploads/2024/SUIS-FBS-1-Glasswool-Bio-soluble-Insulation-Rev3-171024.pdf,REVIEW,Thermal R conflict between legacy and spec fields; Order Flag contains repeated 6712; confirm intended meaning; Order Quantity contains repeated 6712; confirm intended meaning,READY,manufacturer_supported,True,False,Product_Master_Bot_Sheet1_Validated.xlsx,cab733ff840db5bb8116e4869b42915772cd667d035912612bd78c0d35b4b5b7
Fletcher,FI PB 20430HD,FIPBHDR20T70W430L1160PK12,PinkBatt R2.0HD 1160*430*70,Yes,Batt,Glasswool,Internal Wall | External Wall,900210,FLETCHER_PINK_BATTS_WALL,Pink Batts Wall Insulation,knowledge/fletcher/pink-batts-wall.md,Review: R2.2 | R2.0,Rw 38,Not stated,Spec Total R-value; Spec Product R-value; Spec Acoustic Rating; Legacy performance,https://insulation.com.au/wp-content/uploads/2024/TDS-Pink-Batts-Wall-Rev12-010225.pdf,https://insulation.com.au/wp-content/uploads/2024/SUIS-FBS-1-Glasswool-Bio-soluble-Insulation-Rev3-171024.pdf,REVIEW,Thermal R conflict between legacy and spec fields; Order Flag contains repeated 6712; confirm intended meaning; Order Quantity contains repeated 6712; confirm intended meaning,READY,manufacturer_supported,True,False,Product_Master_Bot_Sheet1_Validated.xlsx,cab733ff840db5bb8116e4869b42915772cd667d035912612bd78c0d35b4b5b7
Fletcher,FI PB 20580HD,FIPBHDR20T70W580L1160PK12,PinkBatt R2.0HD 1160*580*70,Yes,Batt,Glasswool,Internal Wall | External Wall,900211,FLETCHER_PINK_BATTS_WALL,Pink Batts Wall Insulation,knowledge/fletcher/pink-batts-wall.md,Review: R2.17 | R2.0,Rw 35,NRC 0.90,Spec Total R-value; Spec Product R-value; Spec Acoustic Rating; Legacy performance,https://insulation.com.au/wp-content/uploads/2024/TDS-Pink-Batts-Wall-Rev12-010225.pdf,https://insulation.com.au/wp-content/uploads/2024/SUIS-FBS-1-Glasswool-Bio-soluble-Insulation-Rev3-171024.pdf,REVIEW,Thermal R conflict between legacy and spec fields; Order Flag contains repeated 6712; confirm intended meaning; Order Quantity contains repeated 6712; confirm intended meaning,READY,manufacturer_supported,True,False,Product_Master_Bot_Sheet1_Validated.xlsx,cab733ff840db5bb8116e4869b42915772cd667d035912612bd78c0d35b4b5b7
Fletcher,FI PB 25430HD,FIPBHDR25T90W430L1160PK12,PinkBatt R2.5HD 1160*430*90,Yes,Batt,Glasswool,Internal Wall | External Wall,900253,FLETCHER_PINK_BATTS_WALL,Pink Batts Wall Insulation,knowledge/fletcher/pink-batts-wall.md,Review: R2.7 | R2.5,Rw 39,Not stated,Spec Total R-value; Spec Product R-value; Spec Acoustic Rating; Legacy performance,https://insulation.com.au/wp-content/uploads/2024/TDS-Pink-Batts-Wall-Rev12-010225.pdf,https://insulation.com.au/wp-content/uploads/2024/SUIS-FBS-1-Glasswool-Bio-soluble-Insulation-Rev3-171024.pdf,REVIEW,Thermal R conflict between legacy and spec fields; Order Flag contains repeated 6712; confirm intended meaning; Order Quantity contains repeated 6712; confirm intended meaning,READY,manufacturer_supported,True,False,Product_Master_Bot_Sheet1_Validated.xlsx,cab733ff840db5bb8116e4869b42915772cd667d035912612bd78c0d35b4b5b7
Fletcher,FI PB 25580HD,FIPBHDR25T90W580L1160PK12,PinkBatt R2.5HD 1160*580*90,Yes,Batt,Glasswool,Internal Wall | External Wall,900256,FLETCHER_PINK_BATTS_WALL,Pink Batts Wall Insulation,knowledge/fletcher/pink-batts-wall.md,Review: R2.67 | R2.5,Rw 40+,NRC 0.95,Spec Total R-value; Spec Product R-value; Spec Acoustic Rating; Legacy performance,https://insulation.com.au/wp-content/uploads/2024/TDS-Pink-Batts-Wall-Rev12-010225.pdf,https://insulation.com.au/wp-content/uploads/2024/SUIS-FBS-1-Glasswool-Bio-soluble-Insulation-Rev3-171024.pdf,REVIEW,Thermal R conflict between legacy and spec fields; Order Flag contains repeated 6712; confirm intended meaning; Order Quantity contains repeated 6712; confirm intended meaning,READY,manufacturer_supported,True,False,Product_Master_Bot_Sheet1_Validated.xlsx,cab733ff840db5bb8116e4869b42915772cd667d035912612bd78c0d35b4b5b7
Fletcher,FI PB 40430HD,FIPBHDR40T140W430L1160PK5,PinkBatt R4.0HD 1160*430*140,Yes,Batt,Glasswool,Internal Wall | External Wall,4021220,FLETCHER_PINK_BATTS_WALL,Pink Batts Wall Insulation,knowledge/fletcher/pink-batts-wall.md,Review: R4.5 | R4.0,Rw 40,Not stated,Spec Total R-value; Spec Product R-value; Spec Acoustic Rating; Legacy performance,https://insulation.com.au/wp-content/uploads/2019/11/TDS-Pink-Batts-Ceiling-v4.pdf,https://insulation.com.au/wp-content/uploads/2024/SUIS-FBS-1-Glasswool-Bio-soluble-Insulation-Rev3-171024.pdf,REVIEW,Thermal R conflict between legacy and spec fields,READY,manufacturer_supported,True,False,Product_Master_Bot_Sheet1_Validated.xlsx,cab733ff840db5bb8116e4869b42915772cd667d035912612bd78c0d35b4b5b7
Fletcher,FI PB 40580HD,FIPBHDR40T140W580L1160PK5,PinkBatt R4.0HD 1160*580*140,Yes,Batt,Glasswool,Internal Wall | External Wall,4021241,FLETCHER_PINK_BATTS_WALL,Pink Batts Wall Insulation,knowledge/fletcher/pink-batts-wall.md,Review: R4.17 | R4.0,Rw 40+,NRC 0.95,Spec Total R-value; Spec Product R-value; Spec Acoustic Rating; Legacy performance,https://insulation.com.au/wp-content/uploads/2019/11/TDS-Pink-Batts-Ceiling-v4.pdf,https://insulation.com.au/wp-content/uploads/2024/SUIS-FBS-1-Glasswool-Bio-soluble-Insulation-Rev3-171024.pdf,REVIEW,Thermal R conflict between legacy and spec fields,READY,manufacturer_supported,True,False,Product_Master_Bot_Sheet1_Validated.xlsx,cab733ff840db5bb8116e4869b42915772cd667d035912612bd78c0d35b4b5b7
Fletcher,FI PB 30430,FIPBR30T155W430L1160PK16,PinkBatt R3.0 1160*430*155,Yes,Batt,Glasswool,Ceiling,901304,FLETCHER_PINK_BATTS_CEILING,Pink Batts Ceiling Insulation,knowledge/fletcher/pink-batts-ceiling.md,Review: R3.5 | R3.0,Rw 36,Not stated,Spec Total R-value; Spec Product R-value; Spec Acoustic Rating; Legacy performance,https://insulation.com.au/wp-content/uploads/2019/11/TDS-Pink-Batts-Ceiling-v4.pdf,https://insulation.com.au/wp-content/uploads/2024/SUIS-FBS-1-Glasswool-Bio-soluble-Insulation-Rev3-171024.pdf,REVIEW,Thermal R conflict between legacy and spec fields; Order Flag contains repeated 6712; confirm intended meaning; Order Quantity contains repeated 6712; confirm intended meaning,READY,manufacturer_supported,True,False,Product_Master_Bot_Sheet1_Validated.xlsx,cab733ff840db5bb8116e4869b42915772cd667d035912612bd78c0d35b4b5b7
Fletcher,FI PB 30580,FIPBR30T155W580L1160PK16,PinkBatt R3.0 1160*580*155,Yes,Batt,Glasswool,Ceiling,901305,FLETCHER_PINK_BATTS_CEILING,Pink Batts Ceiling Insulation,knowledge/fletcher/pink-batts-ceiling.md,Review: R3.17 | R3.0,Rw 40+,NRC 0.95,Spec Total R-value; Spec Product R-value; Spec Acoustic Rating; Legacy performance,https://insulation.com.au/wp-content/uploads/2019/11/TDS-Pink-Batts-Ceiling-v4.pdf,https://insulation.com.au/wp-content/uploads/2024/SUIS-FBS-1-Glasswool-Bio-soluble-Insulation-Rev3-171024.pdf,REVIEW,Thermal R conflict between legacy and spec fields; Order Flag contains repeated 6712; confirm intended meaning; Order Quantity contains repeated 6712; confirm intended meaning,READY,manufacturer_supported,True,False,Product_Master_Bot_Sheet1_Validated.xlsx,cab733ff840db5bb8116e4869b42915772cd667d035912612bd78c0d35b4b5b7
Fletcher,FI PB 35430,FIPBR35T175W430L1160PK16,PinkBatt R3.5 1160*430*175,Yes,Batt,Glasswool,Ceiling,901354,FLETCHER_PINK_BATTS_CEILING,Pink Batts Ceiling Insulation,knowledge/fletcher/pink-batts-ceiling.md,Review: R3.67 | R3.5,Rw 40+,NRC 0.95,Spec Total R-value; Spec Product R-value; Spec Acoustic Rating; Legacy performance,https://insulation.com.au/wp-content/uploads/2019/11/TDS-Pink-Batts-Ceiling-v4.pdf,https://insulation.com.au/wp-content/uploads/2024/SUIS-FBS-1-Glasswool-Bio-soluble-Insulation-Rev3-171024.pdf,REVIEW,Thermal R conflict between legacy and spec fields; Order Flag contains repeated 6712; confirm intended meaning; Order Quantity contains repeated 6712; confirm intended meaning,READY,manufacturer_supported,True,False,Product_Master_Bot_Sheet1_Validated.xlsx,cab733ff840db5bb8116e4869b42915772cd667d035912612bd78c0d35b4b5b7
Fletcher,FI PB 35580,FIPBR35T175W580L1160PK10,PinkBatt R3.5 1160*580*175,Yes,Batt,Glasswool,Ceiling,901355,FLETCHER_PINK_BATTS_CEILING,Pink Batts Ceiling Insulation,knowledge/fletcher/pink-batts-ceiling.md,Review: R3.67 | R3.5,Rw 40+,NRC 0.95,Spec Total R-value; Spec Product R-value; Spec Acoustic Rating; Legacy performance,https://insulation.com.au/wp-content/uploads/2019/11/TDS-Pink-Batts-Ceiling-v4.pdf,https://insulation.com.au/wp-content/uploads/2024/SUIS-FBS-1-Glasswool-Bio-soluble-Insulation-Rev3-171024.pdf,REVIEW,Thermal R conflict between legacy and spec fields; Order Flag contains repeated 6712; confirm intended meaning; Order Quantity contains repeated 6712; confirm intended meaning,READY,manufacturer_supported,True,False,Product_Master_Bot_Sheet1_Validated.xlsx,cab733ff840db5bb8116e4869b42915772cd667d035912612bd78c0d35b4b5b7
Fletcher,FI PB 41430,FIPBR41T195W430L1160PK10,PinkBatt R4.1 1160*430*195,Yes,Batt,Glasswool,Ceiling,901414,FLETCHER_PINK_BATTS_CEILING,Pink Batts Ceiling Insulation,knowledge/fletcher/pink-batts-ceiling.md,Review: R4.27 | R4.1,Rw 40+,NRC 0.95,Spec Total R-value; Spec Product R-value; Spec Acoustic Rating; Legacy performance,https://insulation.com.au/wp-content/uploads/2019/11/TDS-Pink-Batts-Ceiling-v4.pdf,https://insulation.com.au/wp-content/uploads/2024/SUIS-FBS-1-Glasswool-Bio-soluble-Insulation-Rev3-171024.pdf,REVIEW,Thermal R conflict between legacy and spec fields; Order Flag contains repeated 6712; confirm intended meaning; Order Quantity contains repeated 6712; confirm intended meaning,READY,manufacturer_supported,True,False,Product_Master_Bot_Sheet1_Validated.xlsx,cab733ff840db5bb8116e4869b42915772cd667d035912612bd78c0d35b4b5b7
Fletcher,FI PB 41580,FIPBR41T195W580L1160PK10,PinkBatt R4.1 1160*580*195,Yes,Batt,Glasswool,Ceiling,901415,FLETCHER_PINK_BATTS_CEILING,Pink Batts Ceiling Insulation,knowledge/fletcher/pink-batts-ceiling.md,Review: R4.27 | R4.1,Rw 40+,NRC 0.95,Spec Total R-value; Spec Product R-value; Spec Acoustic Rating; Legacy performance,https://insulation.com.au/wp-content/uploads/2019/11/TDS-Pink-Batts-Ceiling-v4.pdf,https://insulation.com.au/wp-content/uploads/2024/SUIS-FBS-1-Glasswool-Bio-soluble-Insulation-Rev3-171024.pdf,REVIEW,Thermal R conflict between legacy and spec fields; Order Flag contains repeated 6712; confirm intended meaning; Order Quantity contains repeated 6712; confirm intended meaning,READY,manufacturer_supported,True,False,Product_Master_Bot_Sheet1_Validated.xlsx,cab733ff840db5bb8116e4869b42915772cd667d035912612bd78c0d35b4b5b7
Fletcher,FI PB 50430,FIPBR50T215W430L1160PK8,PinkBatt R5.0 1160*430*215,Yes,Batt,Glasswool,Ceiling,901504,FLETCHER_PINK_BATTS_CEILING,Pink Batts Ceiling Insulation,knowledge/fletcher/pink-batts-ceiling.md,Review: R5.17 | R5.0,Rw 40+,NRC 0.95,Spec Total R-value; Spec Product R-value; Spec Acoustic Rating; Legacy performance,https://insulation.com.au/wp-content/uploads/2019/11/TDS-Pink-Batts-Ceiling-v4.pdf,https://insulation.com.au/wp-content/uploads/2024/SUIS-FBS-1-Glasswool-Bio-soluble-Insulation-Rev3-171024.pdf,REVIEW,Thermal R conflict between legacy and spec fields; Order Flag contains repeated 6712; confirm intended meaning; Order Quantity contains repeated 6712; confirm intended meaning,READY,manufacturer_supported,True,False,Product_Master_Bot_Sheet1_Validated.xlsx,cab733ff840db5bb8116e4869b42915772cd667d035912612bd78c0d35b4b5b7
Fletcher,FI PB 50580,FIPBR50T215W580L1160PK8,PinkBatt R5.0 1160*580*215,Yes,Batt,Glasswool,Ceiling,901505,FLETCHER_PINK_BATTS_CEILING,Pink Batts Ceiling Insulation,knowledge/fletcher/pink-batts-ceiling.md,Review: R5.17 | R5.0,Rw 40+,NRC 0.95,Spec Total R-value; Spec Product R-value; Spec Acoustic Rating; Legacy performance,https://insulation.com.au/wp-content/uploads/2019/11/TDS-Pink-Batts-Ceiling-v4.pdf,https://insulation.com.au/wp-content/uploads/2024/SUIS-FBS-1-Glasswool-Bio-soluble-Insulation-Rev3-171024.pdf,REVIEW,Thermal R conflict between legacy and spec fields; Order Flag contains repeated 6712; confirm intended meaning; Order Quantity contains repeated 6712; confirm intended meaning,READY,manufacturer_supported,True,False,Product_Master_Bot_Sheet1_Validated.xlsx,cab733ff840db5bb8116e4869b42915772cd667d035912612bd78c0d35b4b5b7
Fletcher,FI PB 60430,FIPBR60T250W430L1160PK6,PinkBatt R6.0 1160*430*250,Yes,Batt,Glasswool,Ceiling,901604,FLETCHER_PINK_BATTS_CEILING,Pink Batts Ceiling Insulation,knowledge/fletcher/pink-batts-ceiling.md,Review: R6.17 | R6.0,Rw 40+,NRC 0.95,Spec Total R-value; Spec Product R-value; Spec Acoustic Rating; Legacy performance,https://insulation.com.au/wp-content/uploads/2019/11/TDS-Pink-Batts-Ceiling-v4.pdf,https://insulation.com.au/wp-content/uploads/2024/SUIS-FBS-1-Glasswool-Bio-soluble-Insulation-Rev3-171024.pdf,REVIEW,Thermal R conflict between legacy and spec fields; Order Flag contains repeated 6712; confirm intended meaning; Order Quantity contains repeated 6712; confirm intended meaning,READY,manufacturer_supported,True,False,Product_Master_Bot_Sheet1_Validated.xlsx,cab733ff840db5bb8116e4869b42915772cd667d035912612bd78c0d35b4b5b7
Fletcher,FI PB 60580,FIPBR60T250W580L1160PK6,PinkBatt R6.0 1160*580*250,Yes,Batt,Glasswool,Ceiling,901605,FLETCHER_PINK_BATTS_CEILING,Pink Batts Ceiling Insulation,knowledge/fletcher/pink-batts-ceiling.md,Review: R6.17 | R6.0,Rw 40+,NRC 0.95,Spec Total R-value; Spec Product R-value; Spec Acoustic Rating; Legacy performance,https://insulation.com.au/wp-content/uploads/2019/11/TDS-Pink-Batts-Ceiling-v4.pdf,https://insulation.com.au/wp-content/uploads/2024/SUIS-FBS-1-Glasswool-Bio-soluble-Insulation-Rev3-171024.pdf,REVIEW,Thermal R conflict between legacy and spec fields; Order Flag contains repeated 6712; confirm intended meaning; Order Quantity contains repeated 6712; confirm intended meaning,READY,manufacturer_supported,True,False,Product_Master_Bot_Sheet1_Validated.xlsx,cab733ff840db5bb8116e4869b42915772cd667d035912612bd78c0d35b4b5b7
Fletcher,FI PB 70430,FIPBR70T250W430L1160PK4,PinkBatt R7.0 1160*430*250,Yes,Batt,Glasswool,Ceiling,901704,FLETCHER_PINK_BATTS_CEILING,Pink Batts Ceiling Insulation,knowledge/fletcher/pink-batts-ceiling.md,Review: R7.17 | R7.0,Rw 40+,NRC 0.95,Spec Total R-value; Spec Product R-value; Spec Acoustic Rating; Legacy performance,https://insulation.com.au/wp-content/uploads/2019/11/TDS-Pink-Batts-Ceiling-v4.pdf,https://insulation.com.au/wp-content/uploads/2024/SUIS-FBS-1-Glasswool-Bio-soluble-Insulation-Rev3-171024.pdf,REVIEW,Thermal R conflict between legacy and spec fields; Order Flag contains repeated 6712; confirm intended meaning; Order Quantity contains repeated 6712; confirm intended meaning,READY,manufacturer_supported,True,False,Product_Master_Bot_Sheet1_Validated.xlsx,cab733ff840db5bb8116e4869b42915772cd667d035912612bd78c0d35b4b5b7
Fletcher,FI PB 70580,FIPBR70T250W580L1160PK4,PinkBatt R7.0 1160*580*250,Yes,Batt,Glasswool,Ceiling,901705,FLETCHER_PINK_BATTS_CEILING,Pink Batts Ceiling Insulation,knowledge/fletcher/pink-batts-ceiling.md,Review: R7.17 | R7.0,Rw 40+,NRC 0.95,Spec Total R-value; Spec Product R-value; Spec Acoustic Rating; Legacy performance,https://insulation.com.au/wp-content/uploads/2019/11/TDS-Pink-Batts-Ceiling-v4.pdf,https://insulation.com.au/wp-content/uploads/2024/SUIS-FBS-1-Glasswool-Bio-soluble-Insulation-Rev3-171024.pdf,REVIEW,Thermal R conflict between legacy and spec fields; Order Flag contains repeated 6712; confirm intended meaning; Order Quantity contains repeated 6712; confirm intended meaning,READY,manufacturer_supported,True,False,Product_Master_Bot_Sheet1_Validated.xlsx,cab733ff840db5bb8116e4869b42915772cd667d035912612bd78c0d35b4b5b7
Fletcher,FI SB 17430 SB,FISBR17W430L1160PK12,PinksSoundB R1.7 SB 1160*430,Yes,Batt,Glasswool,Internal Wall | Ceiling | General Acoustic,902191,FLETCHER_SOUNDBREAK,Soundbreak Acoustic Insulation,knowledge/fletcher/soundbreak.md,Review: R1.87 | R1.7,Rw 40,NRC 0.75,Spec Total R-value; Spec Product R-value; Spec Acoustic Rating; Legacy performance,https://insulation.com.au/wp-content/uploads/2023/TDS-Pink-Soundbreak-Rev6-150124.pdf,https://insulation.com.au/wp-content/uploads/2024/SUIS-FBS-1-Glasswool-Bio-soluble-Insulation-Rev3-171024.pdf,REVIEW,Thermal R conflict between legacy and spec fields; Order Quantity contains repeated 6712; confirm intended meaning,READY,manufacturer_supported,True,False,Product_Master_Bot_Sheet1_Validated.xlsx,cab733ff840db5bb8116e4869b42915772cd667d035912612bd78c0d35b4b5b7
Fletcher,FI SB 17580 SB,FISBR17W580L1160PK12,PinksSoundB R1.7 SB 1160*580,Yes,Batt,Glasswool,Internal Wall | Ceiling | General Acoustic,902192,FLETCHER_SOUNDBREAK,Soundbreak Acoustic Insulation,knowledge/fletcher/soundbreak.md,Review: R1.87 | R1.7,Rw 40,NRC 0.75,Spec Total R-value; Spec Product R-value; Spec Acoustic Rating; Legacy performance,https://insulation.com.au/wp-content/uploads/2023/TDS-Pink-Soundbreak-Rev6-150124.pdf,https://insulation.com.au/wp-content/uploads/2024/SUIS-FBS-1-Glasswool-Bio-soluble-Insulation-Rev3-171024.pdf,REVIEW,Thermal R conflict between legacy and spec fields; Order Flag contains repeated 6712; confirm intended meaning; Order Quantity contains repeated 6712; confirm intended meaning,READY,manufacturer_supported,True,False,Product_Master_Bot_Sheet1_Validated.xlsx,cab733ff840db5bb8116e4869b42915772cd667d035912612bd78c0d35b4b5b7
Fletcher,FI SB 20430 SB,FISBR20W430L1160PK10,PinksSoundB R2.0 SB 1160*430,Yes,Batt,Glasswool,Internal Wall | Ceiling | General Acoustic,902193,FLETCHER_SOUNDBREAK,Soundbreak Acoustic Insulation,knowledge/fletcher/soundbreak.md,Review: R2.17 | R2.0,Rw 45,NRC 0.75,Spec Total R-value; Spec Product R-value; Spec Acoustic Rating; Legacy performance,https://insulation.com.au/wp-content/uploads/2023/TDS-Pink-Soundbreak-Rev6-150124.pdf,https://insulation.com.au/wp-content/uploads/2024/SUIS-FBS-1-Glasswool-Bio-soluble-Insulation-Rev3-171024.pdf,REVIEW,Thermal R conflict between legacy and spec fields,READY,manufacturer_supported,True,False,Product_Master_Bot_Sheet1_Validated.xlsx,cab733ff840db5bb8116e4869b42915772cd667d035912612bd78c0d35b4b5b7
Fletcher,FI SB 20580 SB,FISBR20W580L1160PK10,PinksSoundB R2.0 SB 1160*580,Yes,Batt,Glasswool,Internal Wall | Ceiling | General Acoustic,902194,FLETCHER_SOUNDBREAK,Soundbreak Acoustic Insulation,knowledge/fletcher/soundbreak.md,Review: R2.17 | R2.0,Rw 45,NRC 0.75,Spec Total R-value; Spec Product R-value; Spec Acoustic Rating; Legacy performance,https://insulation.com.au/wp-content/uploads/2023/TDS-Pink-Soundbreak-Rev6-150124.pdf,https://insulation.com.au/wp-content/uploads/2024/SUIS-FBS-1-Glasswool-Bio-soluble-Insulation-Rev3-171024.pdf,REVIEW,Thermal R conflict between legacy and spec fields,READY,manufacturer_supported,True,False,Product_Master_Bot_Sheet1_Validated.xlsx,cab733ff840db5bb8116e4869b42915772cd667d035912612bd78c0d35b4b5b7
Fletcher,FI SB 27430 SB,FISBR27W430L1160PK8,PinksSoundB R2.7 SB 1160*430,Yes,Batt,Glasswool,Internal Wall | Ceiling | General Acoustic,902198,FLETCHER_SOUNDBREAK,Soundbreak Acoustic Insulation,knowledge/fletcher/soundbreak.md,Review: R2.87 | R2.7,Rw 50,NRC 0.75,Spec Total R-value; Spec Product R-value; Spec Acoustic Rating; Legacy performance,https://insulation.com.au/wp-content/uploads/2023/TDS-Pink-Soundbreak-Rev6-150124.pdf,https://insulation.com.au/wp-content/uploads/2024/SUIS-FBS-1-Glasswool-Bio-soluble-Insulation-Rev3-171024.pdf,REVIEW,Thermal R conflict between legacy and spec fields; Order Flag contains repeated 6712; confirm intended meaning; Order Quantity contains repeated 6712; confirm intended meaning,READY,manufacturer_supported,True,False,Product_Master_Bot_Sheet1_Validated.xlsx,cab733ff840db5bb8116e4869b42915772cd667d035912612bd78c0d35b4b5b7
Fletcher,FI SB 27580 SB,FISBR27W580L1160PK8,PinksSoundB R2.7 SB 1160*580,Yes,Batt,Glasswool,Internal Wall | Ceiling | General Acoustic,902199,FLETCHER_SOUNDBREAK,Soundbreak Acoustic Insulation,knowledge/fletcher/soundbreak.md,Review: R2.87 | R2.7,Rw 50,NRC 0.75,Spec Total R-value; Spec Product R-value; Spec Acoustic Rating; Legacy performance,https://insulation.com.au/wp-content/uploads/2023/TDS-Pink-Soundbreak-Rev6-150124.pdf,https://insulation.com.au/wp-content/uploads/2024/SUIS-FBS-1-Glasswool-Bio-soluble-Insulation-Rev3-171024.pdf,REVIEW,Thermal R conflict between legacy and spec fields; Order Flag contains repeated 6712; confirm intended meaning; Order Quantity contains repeated 6712; confirm intended meaning,READY,manufacturer_supported,True,False,Product_Master_Bot_Sheet1_Validated.xlsx,cab733ff840db5bb8116e4869b42915772cd667d035912612bd78c0d35b4b5b7
Fletcher,FI SB 31430 SB,FISBR31W430L1160PK6,PinksSoundB R3.1 SB 1160*430,Yes,Batt,Glasswool,Internal Wall | Ceiling | General Acoustic,902201,FLETCHER_SOUNDBREAK,Soundbreak Acoustic Insulation,knowledge/fletcher/soundbreak.md,Review: R3.27 | R3.1,Rw 50,NRC 0.75,Spec Total R-value; Spec Product R-value; Spec Acoustic Rating; Legacy performance,https://insulation.com.au/wp-content/uploads/2023/TDS-Pink-Soundbreak-Rev6-150124.pdf,https://insulation.com.au/wp-content/uploads/2024/SUIS-FBS-1-Glasswool-Bio-soluble-Insulation-Rev3-171024.pdf,REVIEW,Thermal R conflict between legacy and spec fields,READY,manufacturer_supported,True,False,Product_Master_Bot_Sheet1_Validated.xlsx,cab733ff840db5bb8116e4869b42915772cd667d035912612bd78c0d35b4b5b7
Fletcher,FI SB 31580 SB,FISBR31W580L1160PK6,PinksSoundB R3.1 SB 1160*580,Yes,Batt,Glasswool,Internal Wall | Ceiling | General Acoustic,902202,FLETCHER_SOUNDBREAK,Soundbreak Acoustic Insulation,knowledge/fletcher/soundbreak.md,Review: R3.27 | R3.1,Rw 50,NRC 0.75,Spec Total R-value; Spec Product R-value; Spec Acoustic Rating; Legacy performance,https://insulation.com.au/wp-content/uploads/2023/TDS-Pink-Soundbreak-Rev6-150124.pdf,https://insulation.com.au/wp-content/uploads/2024/SUIS-FBS-1-Glasswool-Bio-soluble-Insulation-Rev3-171024.pdf,REVIEW,Thermal R conflict between legacy and spec fields; Order Flag contains repeated 6712; confirm intended meaning; Order Quantity contains repeated 6712; confirm intended meaning,READY,manufacturer_supported,True,False,Product_Master_Bot_Sheet1_Validated.xlsx,cab733ff840db5bb8116e4869b42915772cd667d035912612bd78c0d35b4b5b7
Fletcher,FI PP 1150450,FIPP11T50W450L1200PK32,Pink Partition11kg*1200*450*50,Yes,Batt,Glasswool,Internal Wall,903442,FLETCHER_PINK_PARTITION,Pink Partition Insulation,knowledge/fletcher/pink-partition.md,Review: R1.42 | R1.3,Not stated,NRC 0.85,Spec Total R-value; Spec Acoustic Rating; Legacy performance,https://insulation.com.au/wp-content/uploads/2024/TDS-Pink-Batts-Wall-Rev12-010225.pdf,https://insulation.com.au/wp-content/uploads/2024/SUIS-FBS-1-Glasswool-Bio-soluble-Insulation-Rev3-171024.pdf,REVIEW,Thermal R conflict between legacy and spec fields; Order Flag contains repeated 6712; confirm intended meaning; Order Quantity contains repeated 6712; confirm intended meaning,READY,manufacturer_supported,True,False,Product_Master_Bot_Sheet1_Validated.xlsx,cab733ff840db5bb8116e4869b42915772cd667d035912612bd78c0d35b4b5b7
Fletcher,FI PP 1150600,FIPP11T50W600L1200PK32,Pink Partition11kg*1200*600*50,Yes,Batt,Glasswool,Internal Wall,903444,FLETCHER_PINK_PARTITION,Pink Partition Insulation,knowledge/fletcher/pink-partition.md,Review: R1.42 | R1.3,Not stated,NRC 0.85,Spec Total R-value; Spec Acoustic Rating; Legacy performance,https://insulation.com.au/wp-content/uploads/2024/TDS-Pink-Batts-Wall-Rev12-010225.pdf,https://insulation.com.au/wp-content/uploads/2024/SUIS-FBS-1-Glasswool-Bio-soluble-Insulation-Rev3-171024.pdf,REVIEW,Thermal R conflict between legacy and spec fields; Order Flag contains repeated 6712; confirm intended meaning; Order Quantity contains repeated 6712; confirm intended meaning,READY,manufacturer_supported,True,False,Product_Master_Bot_Sheet1_Validated.xlsx,cab733ff840db5bb8116e4869b42915772cd667d035912612bd78c0d35b4b5b7
Thermotec,RSPI12725,THERRWSPID120PLNID12P7T25M,RW 120kg Plain SPI 12.7 x 25mm,Yes,Pipe Insulation,Stonewool,Pipe,RSPI12725,THERMOTEC_ROCKWOOL_PIPE,Rockwool Pipe Insulation,knowledge/thermotec/rockwool-pipe-insulation.md,Review: R1.2 | R2.5,Review: Rw 50+ | Rw 120,NRC 0.95,Spec Total R-value; Spec Product R-value; Spec Acoustic Rating; Legacy performance,https://www.brierleyhose.com.au/uploads/6/1/8/4/61849789/thermotec-4-zero.pdf,https://www.brierleyhose.com.au/uploads/6/1/8/4/61849789/thermotec.pdf,REVIEW,Thermal R conflict between legacy and spec fields; Acoustic Rw conflict between legacy and spec fields; Order Flag contains repeated 6712; confirm intended meaning; Order Quantity contains repeated 6712; confirm intended meaning,READY,manufacturer_supported,True,False,Product_Master_Bot_Sheet1_Validated.xlsx,cab733ff840db5bb8116e4869b42915772cd667d035912612bd78c0d35b4b5b7
Thermotec,RSPI12740,THERRWSPID120PLNID12P7T40M,RW 120kg Plain SPI 12.7 x 40mm,Yes,Pipe Insulation,Stonewool,Pipe,RSPI12740,THERMOTEC_ROCKWOOL_PIPE,Rockwool Pipe Insulation,knowledge/thermotec/rockwool-pipe-insulation.md,Review: R1.2 | R2.5,Review: Rw 50+ | Rw 120,NRC 0.95,Spec Total R-value; Spec Product R-value; Spec Acoustic Rating; Legacy performance,https://www.brierleyhose.com.au/uploads/6/1/8/4/61849789/thermotec-4-zero.pdf,https://www.brierleyhose.com.au/uploads/6/1/8/4/61849789/thermotec.pdf,REVIEW,Thermal R conflict between legacy and spec fields; Acoustic Rw conflict between legacy and spec fields; Order Flag contains repeated 6712; confirm intended meaning; Order Quantity contains repeated 6712; confirm intended meaning,READY,manufacturer_supported,True,False,Product_Master_Bot_Sheet1_Validated.xlsx,cab733ff840db5bb8116e4869b42915772cd667d035912612bd78c0d35b4b5b7
Thermotec,RSPI12750,THERRWSPID120PLNID12P7T50M,RW 120kg Plain SPI 12.7 x 50mm,Yes,Pipe Insulation,Stonewool,Pipe,RSPI12750,THERMOTEC_ROCKWOOL_PIPE,Rockwool Pipe Insulation,knowledge/thermotec/rockwool-pipe-insulation.md,Review: R1.2 | R2.5,Review: Rw 50+ | Rw 120,NRC 0.95,Spec Total R-value; Spec Product R-value; Spec Acoustic Rating; Legacy performance,https://www.brierleyhose.com.au/uploads/6/1/8/4/61849789/thermotec-4-zero.pdf,https://www.brierleyhose.com.au/uploads/6/1/8/4/61849789/thermotec.pdf,REVIEW,Thermal R conflict between legacy and spec fields; Acoustic Rw conflict between legacy and spec fields; Order Flag contains repeated 6712; confirm intended meaning; Order Quantity contains repeated 6712; confirm intended meaning,READY,manufacturer_supported,True,False,Product_Master_Bot_Sheet1_Validated.xlsx,cab733ff840db5bb8116e4869b42915772cd667d035912612bd78c0d35b4b5b7
Thermotec,RSPI16025,THERRWSPID120PLNID16P0T25M,RW 120kg Plain SPI 16.0 x 25mm,Yes,Pipe Insulation,Stonewool,Pipe,RSPI16025,THERMOTEC_ROCKWOOL_PIPE,Rockwool Pipe Insulation,knowledge/thermotec/rockwool-pipe-insulation.md,Review: R1.2 | R2.5,Review: Rw 50+ | Rw 120,NRC 0.95,Spec Total R-value; Spec Product R-value; Spec Acoustic Rating; Legacy performance,https://www.brierleyhose.com.au/uploads/6/1/8/4/61849789/thermotec-4-zero.pdf,https://www.brierleyhose.com.au/uploads/6/1/8/4/61849789/thermotec.pdf,REVIEW,Thermal R conflict between legacy and spec fields; Acoustic Rw conflict between legacy and spec fields; Order Flag contains repeated 6712; confirm intended meaning; Order Quantity contains repeated 6712; confirm intended meaning,READY,manufacturer_supported,True,False,Product_Master_Bot_Sheet1_Validated.xlsx,cab733ff840db5bb8116e4869b42915772cd667d035912612bd78c0d35b4b5b7
Thermotec,RSPI16040,THERRWSPID120PLNID16P0T40M,RW 120kg Plain SPI 16.0 x 40mm,Yes,Pipe Insulation,Stonewool,Pipe,RSPI16040,THERMOTEC_ROCKWOOL_PIPE,Rockwool Pipe Insulation,knowledge/thermotec/rockwool-pipe-insulation.md,Review: R1.2 | R2.5,Review: Rw 50+ | Rw 120,NRC 0.95,Spec Total R-value; Spec Product R-value; Spec Acoustic Rating; Legacy performance,https://www.brierleyhose.com.au/uploads/6/1/8/4/61849789/thermotec-4-zero.pdf,https://www.brierleyhose.com.au/uploads/6/1/8/4/61849789/thermotec.pdf,REVIEW,Thermal R conflict between legacy and spec fields; Acoustic Rw conflict between legacy and spec fields; Order Flag contains repeated 6712; confirm intended meaning; Order Quantity contains repeated 6712; confirm intended meaning,READY,manufacturer_supported,True,False,Product_Master_Bot_Sheet1_Validated.xlsx,cab733ff840db5bb8116e4869b42915772cd667d035912612bd78c0d35b4b5b7
Thermotec,RSPI16050,THERRWSPID120PLNID16P0T50M,RW 120kg Plain SPI 16.0 x 50mm,Yes,Pipe Insulation,Stonewool,Pipe,RSPI16050,THERMOTEC_ROCKWOOL_PIPE,Rockwool Pipe Insulation,knowledge/thermotec/rockwool-pipe-insulation.md,Review: R1.2 | R2.5,Review: Rw 50+ | Rw 120,NRC 0.95,Spec Total R-value; Spec Product R-value; Spec Acoustic Rating; Legacy performance,https://www.brierleyhose.com.au/uploads/6/1/8/4/61849789/thermotec-4-zero.pdf,https://www.brierleyhose.com.au/uploads/6/1/8/4/61849789/thermotec.pdf,REVIEW,Thermal R conflict between legacy and spec fields; Acoustic Rw conflict between legacy and spec fields; Order Flag contains repeated 6712; confirm intended meaning; Order Quantity contains repeated 6712; confirm intended meaning,READY,manufacturer_supported,True,False,Product_Master_Bot_Sheet1_Validated.xlsx,cab733ff840db5bb8116e4869b42915772cd667d035912612bd78c0d35b4b5b7
Thermotec,RSPI19125,THERRWSPID120PLNID19P1T25M,RW 120kg Plain SPI 19.1 x 25mm,Yes,Pipe Insulation,Stonewool,Pipe,RSPI19125,THERMOTEC_ROCKWOOL_PIPE,Rockwool Pipe Insulation,knowledge/thermotec/rockwool-pipe-insulation.md,Review: R1.2 | R2.5,Review: Rw 50+ | Rw 120,NRC 0.95,Spec Total R-value; Spec Product R-value; Spec Acoustic Rating; Legacy performance,https://www.brierleyhose.com.au/uploads/6/1/8/4/61849789/thermotec-4-zero.pdf,https://www.brierleyhose.com.au/uploads/6/1/8/4/61849789/thermotec.pdf,REVIEW,Thermal R conflict between legacy and spec fields; Acoustic Rw conflict between legacy and spec fields; Order Flag contains repeated 6712; confirm intended meaning; Order Quantity contains repeated 6712; confirm intended meaning,READY,manufacturer_supported,True,False,Product_Master_Bot_Sheet1_Validated.xlsx,cab733ff840db5bb8116e4869b42915772cd667d035912612bd78c0d35b4b5b7
Thermotec,RSPI19140,THERRWSPID120PLNID19P1T40M,RW 120kg Plain SPI 19.1 x 40mm,Yes,Pipe Insulation,Stonewool,Pipe,RSPI19140,THERMOTEC_ROCKWOOL_PIPE,Rockwool Pipe Insulation,knowledge/thermotec/rockwool-pipe-insulation.md,Review: R1.2 | R2.5,Review: Rw 50+ | Rw 120,NRC 0.95,Spec Total R-value; Spec Product R-value; Spec Acoustic Rating; Legacy performance,https://www.brierleyhose.com.au/uploads/6/1/8/4/61849789/thermotec-4-zero.pdf,https://www.brierleyhose.com.au/uploads/6/1/8/4/61849789/thermotec.pdf,REVIEW,Thermal R conflict between legacy and spec fields; Acoustic Rw conflict between legacy and spec fields; Order Flag contains repeated 6712; confirm intended meaning; Order Quantity contains repeated 6712; confirm intended meaning,READY,manufacturer_supported,True,False,Product_Master_Bot_Sheet1_Validated.xlsx,cab733ff840db5bb8116e4869b42915772cd667d035912612bd78c0d35b4b5b7
Thermotec,RSPI19150,THERRWSPID120PLNID19P1T50M,RW 120kg Plain SPI 19.1 x 50mm,Yes,Pipe Insulation,Stonewool,Pipe,RSPI19150,THERMOTEC_ROCKWOOL_PIPE,Rockwool Pipe Insulation,knowledge/thermotec/rockwool-pipe-insulation.md,Review: R1.2 | R2.5,Review: Rw 50+ | Rw 120,NRC 0.95,Spec Total R-value; Spec Product R-value; Spec Acoustic Rating; Legacy performance,https://www.brierleyhose.com.au/uploads/6/1/8/4/61849789/thermotec-4-zero.pdf,https://www.brierleyhose.com.au/uploads/6/1/8/4/61849789/thermotec.pdf,REVIEW,Thermal R conflict between legacy and spec fields; Acoustic Rw conflict between legacy and spec fields; Order Flag contains repeated 6712; confirm intended meaning; Order Quantity contains repeated 6712; confirm intended meaning,READY,manufacturer_supported,True,False,Product_Master_Bot_Sheet1_Validated.xlsx,cab733ff840db5bb8116e4869b42915772cd667d035912612bd78c0d35b4b5b7
Thermotec,RSPI21525,THERRWSPID120PLNID21P5T25M,RW 120kg Plain SPI 21.5 x 25mm,Yes,Pipe Insulation,Stonewool,Pipe,RSPI21525,THERMOTEC_ROCKWOOL_PIPE,Rockwool Pipe Insulation,knowledge/thermotec/rockwool-pipe-insulation.md,Review: R1.2 | R2.5,Review: Rw 50+ | Rw 120,NRC 0.95,Spec Total R-value; Spec Product R-value; Spec Acoustic Rating; Legacy performance,https://www.brierleyhose.com.au/uploads/6/1/8/4/61849789/thermotec-4-zero.pdf,https://www.brierleyhose.com.au/uploads/6/1/8/4/61849789/thermotec.pdf,REVIEW,Thermal R conflict between legacy and spec fields; Acoustic Rw conflict between legacy and spec fields; Order Flag contains repeated 6712; confirm intended meaning; Order Quantity contains repeated 6712; confirm intended meaning,READY,manufacturer_supported,True,False,Product_Master_Bot_Sheet1_Validated.xlsx,cab733ff840db5bb8116e4869b42915772cd667d035912612bd78c0d35b4b5b7
Thermotec,RSPI21540,THERRWSPID120PLNID21P5T40M,RW 120kg Plain SPI 21.5 x 40mm,Yes,Pipe Insulation,Stonewool,Pipe,RSPI21540,THERMOTEC_ROCKWOOL_PIPE,Rockwool Pipe Insulation,knowledge/thermotec/rockwool-pipe-insulation.md,Review: R1.2 | R2.5,Review: Rw 50+ | Rw 120,NRC 0.95,Spec Total R-value; Spec Product R-value; Spec Acoustic Rating; Legacy performance,https://www.brierleyhose.com.au/uploads/6/1/8/4/61849789/thermotec-4-zero.pdf,https://www.brierleyhose.com.au/uploads/6/1/8/4/61849789/thermotec.pdf,REVIEW,Thermal R conflict between legacy and spec fields; Acoustic Rw conflict between legacy and spec fields; Order Flag contains repeated 6712; confirm intended meaning; Order Quantity contains repeated 6712; confirm intended meaning,READY,manufacturer_supported,True,False,Product_Master_Bot_Sheet1_Validated.xlsx,cab733ff840db5bb8116e4869b42915772cd667d035912612bd78c0d35b4b5b7
Thermotec,RSPI21550,THERRWSPID120PLNID21P5T50M,RW 120kg Plain SPI 21.5 x 50mm,Yes,Pipe Insulation,Stonewool,Pipe,RSPI21550,THERMOTEC_ROCKWOOL_PIPE,Rockwool Pipe Insulation,knowledge/thermotec/rockwool-pipe-insulation.md,Review: R1.2 | R2.5,Review: Rw 50+ | Rw 120,NRC 0.95,Spec Total R-value; Spec Product R-value; Spec Acoustic Rating; Legacy performance,https://www.brierleyhose.com.au/uploads/6/1/8/4/61849789/thermotec-4-zero.pdf,https://www.brierleyhose.com.au/uploads/6/1/8/4/61849789/thermotec.pdf,REVIEW,Thermal R conflict between legacy and spec fields; Acoustic Rw conflict between legacy and spec fields; Order Flag contains repeated 6712; confirm intended meaning; Order Quantity contains repeated 6712; confirm intended meaning,READY,manufacturer_supported,True,False,Product_Master_Bot_Sheet1_Validated.xlsx,cab733ff840db5bb8116e4869b42915772cd667d035912612bd78c0d35b4b5b7
Thermotec,RSPI25425,THERRWSPID120PLNID25P4T25M,RW 120kg Plain SPI 25.4 x 25mm,Yes,Pipe Insulation,Stonewool,Pipe,RSPI25425,THERMOTEC_ROCKWOOL_PIPE,Rockwool Pipe Insulation,knowledge/thermotec/rockwool-pipe-insulation.md,Review: R1.2 | R2.5,Review: Rw 50+ | Rw 120,NRC 0.95,Spec Total R-value; Spec Product R-value; Spec Acoustic Rating; Legacy performance,https://www.brierleyhose.com.au/uploads/6/1/8/4/61849789/thermotec-4-zero.pdf,https://www.brierleyhose.com.au/uploads/6/1/8/4/61849789/thermotec.pdf,REVIEW,Thermal R conflict between legacy and spec fields; Acoustic Rw conflict between legacy and spec fields; Order Flag contains repeated 6712; confirm intended meaning; Order Quantity contains repeated 6712; confirm intended meaning,READY,manufacturer_supported,True,False,Product_Master_Bot_Sheet1_Validated.xlsx,cab733ff840db5bb8116e4869b42915772cd667d035912612bd78c0d35b4b5b7
Thermotec,RSP25440,THERRWSPID120PLNID25P4T40M,RW 120kg Plain SPI 25.4 x 40mm,Yes,Pipe Insulation,Stonewool,Pipe,RSP25440,THERMOTEC_ROCKWOOL_PIPE,Rockwool Pipe Insulation,knowledge/thermotec/rockwool-pipe-insulation.md,Review: R1.2 | R2.5,Review: Rw 50+ | Rw 120,NRC 0.95,Spec Total R-value; Spec Product R-value; Spec Acoustic Rating; Legacy performance,https://www.brierleyhose.com.au/uploads/6/1/8/4/61849789/thermotec-4-zero.pdf,https://www.brierleyhose.com.au/uploads/6/1/8/4/61849789/thermotec.pdf,REVIEW,Thermal R conflict between legacy and spec fields; Acoustic Rw conflict between legacy and spec fields; Order Flag contains repeated 6712; confirm intended meaning; Order Quantity contains repeated 6712; confirm intended meaning,READY,manufacturer_supported,True,False,Product_Master_Bot_Sheet1_Validated.xlsx,cab733ff840db5bb8116e4869b42915772cd667d035912612bd78c0d35b4b5b7
Thermotec,RSPI25450,THERRWSPID120PLNID25P4T50M,RW 120kg Plain SPI 25.4 x 50mm,Yes,Pipe Insulation,Stonewool,Pipe,RSPI25450,THERMOTEC_ROCKWOOL_PIPE,Rockwool Pipe Insulation,knowledge/thermotec/rockwool-pipe-insulation.md,Review: R1.2 | R2.5,Review: Rw 50+ | Rw 120,NRC 0.95,Spec Total R-value; Spec Product R-value; Spec Acoustic Rating; Legacy performance,https://www.brierleyhose.com.au/uploads/6/1/8/4/61849789/thermotec-4-zero.pdf,https://www.brierleyhose.com.au/uploads/6/1/8/4/61849789/thermotec.pdf,REVIEW,Thermal R conflict between legacy and spec fields; Acoustic Rw conflict between legacy and spec fields; Order Flag contains repeated 6712; confirm intended meaning; Order Quantity contains repeated 6712; confirm intended meaning,READY,manufacturer_supported,True,False,Product_Master_Bot_Sheet1_Validated.xlsx,cab733ff840db5bb8116e4869b42915772cd667d035912612bd78c0d35b4b5b7
Thermotec,RSPI26925,THERRWSPID120PLNID26P9T25M,RW 120kg Plain SPI 26.9 x 25mm,Yes,Pipe Insulation,Stonewool,Pipe,RSPI26925,THERMOTEC_ROCKWOOL_PIPE,Rockwool Pipe Insulation,knowledge/thermotec/rockwool-pipe-insulation.md,Review: R1.2 | R2.5,Review: Rw 50+ | Rw 120,NRC 0.95,Spec Total R-value; Spec Product R-value; Spec Acoustic Rating; Legacy performance,https://www.brierleyhose.com.au/uploads/6/1/8/4/61849789/thermotec-4-zero.pdf,https://www.brierleyhose.com.au/uploads/6/1/8/4/61849789/thermotec.pdf,REVIEW,Thermal R conflict between legacy and spec fields; Acoustic Rw conflict between legacy and spec fields; Order Flag contains repeated 6712; confirm intended meaning; Order Quantity contains repeated 6712; confirm intended meaning,READY,manufacturer_supported,True,False,Product_Master_Bot_Sheet1_Validated.xlsx,cab733ff840db5bb8116e4869b42915772cd667d035912612bd78c0d35b4b5b7
Thermotec,RSPI26940,THERRWSPID120PLNID26P9T40M,RW 120kg Plain SPI 26.9 x 40mm,Yes,Pipe Insulation,Stonewool,Pipe,RSPI26940,THERMOTEC_ROCKWOOL_PIPE,Rockwool Pipe Insulation,knowledge/thermotec/rockwool-pipe-insulation.md,Review: R1.2 | R2.5,Review: Rw 50+ | Rw 120,NRC 0.95,Spec Total R-value; Spec Product R-value; Spec Acoustic Rating; Legacy performance,https://www.brierleyhose.com.au/uploads/6/1/8/4/61849789/thermotec-4-zero.pdf,https://www.brierleyhose.com.au/uploads/6/1/8/4/61849789/thermotec.pdf,REVIEW,Thermal R conflict between legacy and spec fields; Acoustic Rw conflict between legacy and spec fields; Order Flag contains repeated 6712; confirm intended meaning; Order Quantity contains repeated 6712; confirm intended meaning,READY,manufacturer_supported,True,False,Product_Master_Bot_Sheet1_Validated.xlsx,cab733ff840db5bb8116e4869b42915772cd667d035912612bd78c0d35b4b5b7
Thermotec,RSPI26950,THERRWSPID120PLNID26P9T50M,RW 120kg Plain SPI 26.9 x 50mm,Yes,Pipe Insulation,Stonewool,Pipe,RSPI26950,THERMOTEC_ROCKWOOL_PIPE,Rockwool Pipe Insulation,knowledge/thermotec/rockwool-pipe-insulation.md,Review: R1.2 | R2.5,Review: Rw 50+ | Rw 120,NRC 0.95,Spec Total R-value; Spec Product R-value; Spec Acoustic Rating; Legacy performance,https://www.brierleyhose.com.au/uploads/6/1/8/4/61849789/thermotec-4-zero.pdf,https://www.brierleyhose.com.au/uploads/6/1/8/4/61849789/thermotec.pdf,REVIEW,Thermal R conflict between legacy and spec fields; Acoustic Rw conflict between legacy and spec fields; Order Flag contains repeated 6712; confirm intended meaning; Order Quantity contains repeated 6712; confirm intended meaning,READY,manufacturer_supported,True,False,Product_Master_Bot_Sheet1_Validated.xlsx,cab733ff840db5bb8116e4869b42915772cd667d035912612bd78c0d35b4b5b7
Thermotec,RSPI31825,THERRWSPID120PLNID31P8T25M,RW 120kg Plain SPI 31.8 x 25mm,Yes,Pipe Insulation,Stonewool,Pipe,RSPI31825,THERMOTEC_ROCKWOOL_PIPE,Rockwool Pipe Insulation,knowledge/thermotec/rockwool-pipe-insulation.md,Review: R1.2 | R2.5,Review: Rw 50+ | Rw 120,NRC 0.95,Spec Total R-value; Spec Product R-value; Spec Acoustic Rating; Legacy performance,https://www.brierleyhose.com.au/uploads/6/1/8/4/61849789/thermotec-4-zero.pdf,https://www.brierleyhose.com.au/uploads/6/1/8/4/61849789/thermotec.pdf,REVIEW,Thermal R conflict between legacy and spec fields; Acoustic Rw conflict between legacy and spec fields; Order Flag contains repeated 6712; confirm intended meaning; Order Quantity contains repeated 6712; confirm intended meaning,READY,manufacturer_supported,True,False,Product_Master_Bot_Sheet1_Validated.xlsx,cab733ff840db5bb8116e4869b42915772cd667d035912612bd78c0d35b4b5b7
Thermotec,RSPI31840,THERRWSPID120PLNID31P8T40M,RW 120kg Plain SPI 31.8 x 40mm,Yes,Pipe Insulation,Stonewool,Pipe,RSPI31840,THERMOTEC_ROCKWOOL_PIPE,Rockwool Pipe Insulation,knowledge/thermotec/rockwool-pipe-insulation.md,Review: R1.2 | R2.5,Review: Rw 50+ | Rw 120,NRC 0.95,Spec Total R-value; Spec Product R-value; Spec Acoustic Rating; Legacy performance,https://www.brierleyhose.com.au/uploads/6/1/8/4/61849789/thermotec-4-zero.pdf,https://www.brierleyhose.com.au/uploads/6/1/8/4/61849789/thermotec.pdf,REVIEW,Thermal R conflict between legacy and spec fields; Acoustic Rw conflict between legacy and spec fields; Order Flag contains repeated 6712; confirm intended meaning; Order Quantity contains repeated 6712; confirm intended meaning,READY,manufacturer_supported,True,False,Product_Master_Bot_Sheet1_Validated.xlsx,cab733ff840db5bb8116e4869b42915772cd667d035912612bd78c0d35b4b5b7
Thermotec,RSPI31850,THERRWSPID120PLNID31P8T50M,RW 120kg Plain SPI 31.8 x 50mm,Yes,Pipe Insulation,Stonewool,Pipe,RSPI31850,THERMOTEC_ROCKWOOL_PIPE,Rockwool Pipe Insulation,knowledge/thermotec/rockwool-pipe-insulation.md,Review: R1.2 | R2.5,Review: Rw 50+ | Rw 120,NRC 0.95,Spec Total R-value; Spec Product R-value; Spec Acoustic Rating; Legacy performance,https://www.brierleyhose.com.au/uploads/6/1/8/4/61849789/thermotec-4-zero.pdf,https://www.brierleyhose.com.au/uploads/6/1/8/4/61849789/thermotec.pdf,REVIEW,Thermal R conflict between legacy and spec fields; Acoustic Rw conflict between legacy and spec fields; Order Flag contains repeated 6712; confirm intended meaning; Order Quantity contains repeated 6712; confirm intended meaning,READY,manufacturer_supported,True,False,Product_Master_Bot_Sheet1_Validated.xlsx,cab733ff840db5bb8116e4869b42915772cd667d035912612bd78c0d35b4b5b7
Thermotec,RSPI33825,THERRWSPID120PLNID33P8T25M,RW 120kg Plain SPI 33.8 x 25mm,Yes,Pipe Insulation,Stonewool,Pipe,RSPI33825,THERMOTEC_ROCKWOOL_PIPE,Rockwool Pipe Insulation,knowledge/thermotec/rockwool-pipe-insulation.md,Review: R1.2 | R2.5,Review: Rw 50+ | Rw 120,NRC 0.95,Spec Total R-value; Spec Product R-value; Spec Acoustic Rating; Legacy performance,https://www.brierleyhose.com.au/uploads/6/1/8/4/61849789/thermotec-4-zero.pdf,https://www.brierleyhose.com.au/uploads/6/1/8/4/61849789/thermotec.pdf,REVIEW,Thermal R conflict between legacy and spec fields; Acoustic Rw conflict between legacy and spec fields; Order Flag contains repeated 6712; confirm intended meaning; Order Quantity contains repeated 6712; confirm intended meaning,READY,manufacturer_supported,True,False,Product_Master_Bot_Sheet1_Validated.xlsx,cab733ff840db5bb8116e4869b42915772cd667d035912612bd78c0d35b4b5b7
Thermotec,RSPI33840,THERRWSPID120PLNID33P8T40M,RW 120kg Plain SPI 33.8 x 40mm,Yes,Pipe Insulation,Stonewool,Pipe,RSPI33840,THERMOTEC_ROCKWOOL_PIPE,Rockwool Pipe Insulation,knowledge/thermotec/rockwool-pipe-insulation.md,Review: R1.2 | R2.5,Review: Rw 50+ | Rw 120,NRC 0.95,Spec Total R-value; Spec Product R-value; Spec Acoustic Rating; Legacy performance,https://www.brierleyhose.com.au/uploads/6/1/8/4/61849789/thermotec-4-zero.pdf,https://www.brierleyhose.com.au/uploads/6/1/8/4/61849789/thermotec.pdf,REVIEW,Thermal R conflict between legacy and spec fields; Acoustic Rw conflict between legacy and spec fields; Order Flag contains repeated 6712; confirm intended meaning; Order Quantity contains repeated 6712; confirm intended meaning,READY,manufacturer_supported,True,False,Product_Master_Bot_Sheet1_Validated.xlsx,cab733ff840db5bb8116e4869b42915772cd667d035912612bd78c0d35b4b5b7
Thermotec,RSPI33850,THERRWSPID120PLNID33P8T50M,RW 120kg Plain SPI 33.8 x 50mm,Yes,Pipe Insulation,Stonewool,Pipe,RSPI33850,THERMOTEC_ROCKWOOL_PIPE,Rockwool Pipe Insulation,knowledge/thermotec/rockwool-pipe-insulation.md,Review: R1.2 | R2.5,Review: Rw 50+ | Rw 120,NRC 0.95,Spec Total R-value; Spec Product R-value; Spec Acoustic Rating; Legacy performance,https://www.brierleyhose.com.au/uploads/6/1/8/4/61849789/thermotec-4-zero.pdf,https://www.brierleyhose.com.au/uploads/6/1/8/4/61849789/thermotec.pdf,REVIEW,Thermal R conflict between legacy and spec fields; Acoustic Rw conflict between legacy and spec fields; Order Flag contains repeated 6712; confirm intended meaning; Order Quantity contains repeated 6712; confirm intended meaning,READY,manufacturer_supported,True,False,Product_Master_Bot_Sheet1_Validated.xlsx,cab733ff840db5bb8116e4869b42915772cd667d035912612bd78c0d35b4b5b7
Thermotec,RSPI38225,THERRWSPID120PLNID38P2T25M,RW 120kg Plain SPI 38.2 x 25mm,Yes,Pipe Insulation,Stonewool,Pipe,RSPI38225,THERMOTEC_ROCKWOOL_PIPE,Rockwool Pipe Insulation,knowledge/thermotec/rockwool-pipe-insulation.md,Review: R1.2 | R2.5,Review: Rw 50+ | Rw 120,NRC 0.95,Spec Total R-value; Spec Product R-value; Spec Acoustic Rating; Legacy performance,https://www.brierleyhose.com.au/uploads/6/1/8/4/61849789/thermotec-4-zero.pdf,https://www.brierleyhose.com.au/uploads/6/1/8/4/61849789/thermotec.pdf,REVIEW,Thermal R conflict between legacy and spec fields; Acoustic Rw conflict between legacy and spec fields; Order Flag contains repeated 6712; confirm intended meaning; Order Quantity contains repeated 6712; confirm intended meaning,READY,manufacturer_supported,True,False,Product_Master_Bot_Sheet1_Validated.xlsx,cab733ff840db5bb8116e4869b42915772cd667d035912612bd78c0d35b4b5b7
Thermotec,RSPI38240,THERRWSPID120PLNID38P2T40M,RW 120kg Plain SPI 38.2 x 40mm,Yes,Pipe Insulation,Stonewool,Pipe,RSPI38240,THERMOTEC_ROCKWOOL_PIPE,Rockwool Pipe Insulation,knowledge/thermotec/rockwool-pipe-insulation.md,Review: R1.2 | R2.5,Review: Rw 50+ | Rw 120,NRC 0.95,Spec Total R-value; Spec Product R-value; Spec Acoustic Rating; Legacy performance,https://www.brierleyhose.com.au/uploads/6/1/8/4/61849789/thermotec-4-zero.pdf,https://www.brierleyhose.com.au/uploads/6/1/8/4/61849789/thermotec.pdf,REVIEW,Thermal R conflict between legacy and spec fields; Acoustic Rw conflict between legacy and spec fields; Order Flag contains repeated 6712; confirm intended meaning; Order Quantity contains repeated 6712; confirm intended meaning,READY,manufacturer_supported,True,False,Product_Master_Bot_Sheet1_Validated.xlsx,cab733ff840db5bb8116e4869b42915772cd667d035912612bd78c0d35b4b5b7
Thermotec,RSPI38250,THERRWSPID120PLNID38P2T50M,RW 120kg Plain SPI 38.2 x 50mm,Yes,Pipe Insulation,Stonewool,Pipe,RSPI38250,THERMOTEC_ROCKWOOL_PIPE,Rockwool Pipe Insulation,knowledge/thermotec/rockwool-pipe-insulation.md,Review: R1.2 | R2.5,Review: Rw 50+ | Rw 120,NRC 0.95,Spec Total R-value; Spec Product R-value; Spec Acoustic Rating; Legacy performance,https://www.brierleyhose.com.au/uploads/6/1/8/4/61849789/thermotec-4-zero.pdf,https://www.brierleyhose.com.au/uploads/6/1/8/4/61849789/thermotec.pdf,REVIEW,Thermal R conflict between legacy and spec fields; Acoustic Rw conflict between legacy and spec fields; Order Flag contains repeated 6712; confirm intended meaning; Order Quantity contains repeated 6712; confirm intended meaning,READY,manufacturer_supported,True,False,Product_Master_Bot_Sheet1_Validated.xlsx,cab733ff840db5bb8116e4869b42915772cd667d035912612bd78c0d35b4b5b7
Thermotec,RSPI42225,THERRWSPID120PLNID42P2T25M,RW 120kg Plain SPI 42.2 x 25mm,Yes,Pipe Insulation,Stonewool,Pipe,RSPI42225,THERMOTEC_ROCKWOOL_PIPE,Rockwool Pipe Insulation,knowledge/thermotec/rockwool-pipe-insulation.md,Review: R1.2 | R2.5,Review: Rw 50+ | Rw 120,NRC 0.95,Spec Total R-value; Spec Product R-value; Spec Acoustic Rating; Legacy performance,https://www.brierleyhose.com.au/uploads/6/1/8/4/61849789/thermotec-4-zero.pdf,https://www.brierleyhose.com.au/uploads/6/1/8/4/61849789/thermotec.pdf,REVIEW,Thermal R conflict between legacy and spec fields; Acoustic Rw conflict between legacy and spec fields; Order Flag contains repeated 6712; confirm intended meaning; Order Quantity contains repeated 6712; confirm intended meaning,READY,manufacturer_supported,True,False,Product_Master_Bot_Sheet1_Validated.xlsx,cab733ff840db5bb8116e4869b42915772cd667d035912612bd78c0d35b4b5b7
Thermotec,RSPI42240,THERRWSPID120PLNID42P2T40M,RW 120kg Plain SPI 42.2 x 40mm,Yes,Pipe Insulation,Stonewool,Pipe,RSPI42240,THERMOTEC_ROCKWOOL_PIPE,Rockwool Pipe Insulation,knowledge/thermotec/rockwool-pipe-insulation.md,Review: R1.2 | R2.5,Review: Rw 50+ | Rw 120,NRC 0.95,Spec Total R-value; Spec Product R-value; Spec Acoustic Rating; Legacy performance,https://www.brierleyhose.com.au/uploads/6/1/8/4/61849789/thermotec-4-zero.pdf,https://www.brierleyhose.com.au/uploads/6/1/8/4/61849789/thermotec.pdf,REVIEW,Thermal R conflict between legacy and spec fields; Acoustic Rw conflict between legacy and spec fields; Order Flag contains repeated 6712; confirm intended meaning; Order Quantity contains repeated 6712; confirm intended meaning,READY,manufacturer_supported,True,False,Product_Master_Bot_Sheet1_Validated.xlsx,cab733ff840db5bb8116e4869b42915772cd667d035912612bd78c0d35b4b5b7
Thermotec,RSPI42250,THERRWSPID120PLNID42P2T50M,RW 120kg Plain SPI 42.2 x 50mm,Yes,Pipe Insulation,Stonewool,Pipe,RSPI42250,THERMOTEC_ROCKWOOL_PIPE,Rockwool Pipe Insulation,knowledge/thermotec/rockwool-pipe-insulation.md,Review: R1.2 | R2.5,Review: Rw 50+ | Rw 120,NRC 0.95,Spec Total R-value; Spec Product R-value; Spec Acoustic Rating; Legacy performance,https://www.brierleyhose.com.au/uploads/6/1/8/4/61849789/thermotec-4-zero.pdf,https://www.brierleyhose.com.au/uploads/6/1/8/4/61849789/thermotec.pdf,REVIEW,Thermal R conflict between legacy and spec fields; Acoustic Rw conflict between legacy and spec fields; Order Flag contains repeated 6712; confirm intended meaning; Order Quantity contains repeated 6712; confirm intended meaning,READY,manufacturer_supported,True,False,Product_Master_Bot_Sheet1_Validated.xlsx,cab733ff840db5bb8116e4869b42915772cd667d035912612bd78c0d35b4b5b7
Thermotec,RSPI48425,THERRWSPID120PLNID48P4T25M,RW 120kg Plain SPI 48.4 x 25mm,Yes,Pipe Insulation,Stonewool,Pipe,RSPI48425,THERMOTEC_ROCKWOOL_PIPE,Rockwool Pipe Insulation,knowledge/thermotec/rockwool-pipe-insulation.md,Review: R1.2 | R2.5,Review: Rw 50+ | Rw 120,NRC 0.95,Spec Total R-value; Spec Product R-value; Spec Acoustic Rating; Legacy performance,https://www.brierleyhose.com.au/uploads/6/1/8/4/61849789/thermotec-4-zero.pdf,https://www.brierleyhose.com.au/uploads/6/1/8/4/61849789/thermotec.pdf,REVIEW,Thermal R conflict between legacy and spec fields; Acoustic Rw conflict between legacy and spec fields; Order Flag contains repeated 6712; confirm intended meaning; Order Quantity contains repeated 6712; confirm intended meaning,READY,manufacturer_supported,True,False,Product_Master_Bot_Sheet1_Validated.xlsx,cab733ff840db5bb8116e4869b42915772cd667d035912612bd78c0d35b4b5b7
Thermotec,RSPI48440,THERRWSPID120PLNID48P4T40M,RW 120kg Plain SPI 48.4 x 40mm,Yes,Pipe Insulation,Stonewool,Pipe,RSPI48440,THERMOTEC_ROCKWOOL_PIPE,Rockwool Pipe Insulation,knowledge/thermotec/rockwool-pipe-insulation.md,Review: R1.2 | R2.5,Review: Rw 50+ | Rw 120,NRC 0.95,Spec Total R-value; Spec Product R-value; Spec Acoustic Rating; Legacy performance,https://www.brierleyhose.com.au/uploads/6/1/8/4/61849789/thermotec-4-zero.pdf,https://www.brierleyhose.com.au/uploads/6/1/8/4/61849789/thermotec.pdf,REVIEW,Thermal R conflict between legacy and spec fields; Acoustic Rw conflict between legacy and spec fields; Order Flag contains repeated 6712; confirm intended meaning; Order Quantity contains repeated 6712; confirm intended meaning,READY,manufacturer_supported,True,False,Product_Master_Bot_Sheet1_Validated.xlsx,cab733ff840db5bb8116e4869b42915772cd667d035912612bd78c0d35b4b5b7
Thermotec,RSPI48450,THERRWSPID120PLNID48P4T50M,RW 120kg Plain SPI 48.4 x 50mm,Yes,Pipe Insulation,Stonewool,Pipe,RSPI48450,THERMOTEC_ROCKWOOL_PIPE,Rockwool Pipe Insulation,knowledge/thermotec/rockwool-pipe-insulation.md,Review: R1.2 | R2.5,Review: Rw 50+ | Rw 120,NRC 0.95,Spec Total R-value; Spec Product R-value; Spec Acoustic Rating; Legacy performance,https://www.brierleyhose.com.au/uploads/6/1/8/4/61849789/thermotec-4-zero.pdf,https://www.brierleyhose.com.au/uploads/6/1/8/4/61849789/thermotec.pdf,REVIEW,Thermal R conflict between legacy and spec fields; Acoustic Rw conflict between legacy and spec fields; Order Flag contains repeated 6712; confirm intended meaning; Order Quantity contains repeated 6712; confirm intended meaning,READY,manufacturer_supported,True,False,Product_Master_Bot_Sheet1_Validated.xlsx,cab733ff840db5bb8116e4869b42915772cd667d035912612bd78c0d35b4b5b7
Thermotec,RSPI50725,THERRWSPID120PLNID50P7T25M,RW 120kg Plain SPI 50.7 x 25mm,Yes,Pipe Insulation,Stonewool,Pipe,RSPI50725,THERMOTEC_ROCKWOOL_PIPE,Rockwool Pipe Insulation,knowledge/thermotec/rockwool-pipe-insulation.md,Review: R1.2 | R2.5,Review: Rw 50+ | Rw 120,NRC 0.95,Spec Total R-value; Spec Product R-value; Spec Acoustic Rating; Legacy performance,https://www.brierleyhose.com.au/uploads/6/1/8/4/61849789/thermotec-4-zero.pdf,https://www.brierleyhose.com.au/uploads/6/1/8/4/61849789/thermotec.pdf,REVIEW,Thermal R conflict between legacy and spec fields; Acoustic Rw conflict between legacy and spec fields; Order Flag contains repeated 6712; confirm intended meaning; Order Quantity contains repeated 6712; confirm intended meaning,READY,manufacturer_supported,True,False,Product_Master_Bot_Sheet1_Validated.xlsx,cab733ff840db5bb8116e4869b42915772cd667d035912612bd78c0d35b4b5b7
Thermotec,RSPI50740,THERRWSPID120PLNID50P7T40M,RW 120kg Plain SPI 50.7 x 40mm,Yes,Pipe Insulation,Stonewool,Pipe,RSPI50740,THERMOTEC_ROCKWOOL_PIPE,Rockwool Pipe Insulation,knowledge/thermotec/rockwool-pipe-insulation.md,Review: R1.2 | R2.5,Review: Rw 50+ | Rw 120,NRC 0.95,Spec Total R-value; Spec Product R-value; Spec Acoustic Rating; Legacy performance,https://www.brierleyhose.com.au/uploads/6/1/8/4/61849789/thermotec-4-zero.pdf,https://www.brierleyhose.com.au/uploads/6/1/8/4/61849789/thermotec.pdf,REVIEW,Thermal R conflict between legacy and spec fields; Acoustic Rw conflict between legacy and spec fields; Order Flag contains repeated 6712; confirm intended meaning; Order Quantity contains repeated 6712; confirm intended meaning,READY,manufacturer_supported,True,False,Product_Master_Bot_Sheet1_Validated.xlsx,cab733ff840db5bb8116e4869b42915772cd667d035912612bd78c0d35b4b5b7
Thermotec,RSPI50750,THERRWSPID120PLNID50P7T50M,RW 120kg Plain SPI 50.7 x 50mm,Yes,Pipe Insulation,Stonewool,Pipe,RSPI50750,THERMOTEC_ROCKWOOL_PIPE,Rockwool Pipe Insulation,knowledge/thermotec/rockwool-pipe-insulation.md,Review: R1.2 | R2.5,Review: Rw 50+ | Rw 120,NRC 0.95,Spec Total R-value; Spec Product R-value; Spec Acoustic Rating; Legacy performance,https://www.brierleyhose.com.au/uploads/6/1/8/4/61849789/thermotec-4-zero.pdf,https://www.brierleyhose.com.au/uploads/6/1/8/4/61849789/thermotec.pdf,REVIEW,Thermal R conflict between legacy and spec fields; Acoustic Rw conflict between legacy and spec fields; Order Flag contains repeated 6712; confirm intended meaning; Order Quantity contains repeated 6712; confirm intended meaning,READY,manufacturer_supported,True,False,Product_Master_Bot_Sheet1_Validated.xlsx,cab733ff840db5bb8116e4869b42915772cd667d035912612bd78c0d35b4b5b7
Thermotec,RSPI60325,THERRWSPID120PLNID60P4T25M,RW 120kg Plain SPI 60.4 x 25mm,Yes,Pipe Insulation,Stonewool,Pipe,RSPI60325,THERMOTEC_ROCKWOOL_PIPE,Rockwool Pipe Insulation,knowledge/thermotec/rockwool-pipe-insulation.md,Review: R1.2 | R2.5,Review: Rw 50+ | Rw 120,NRC 0.95,Spec Total R-value; Spec Product R-value; Spec Acoustic Rating; Legacy performance,https://www.brierleyhose.com.au/uploads/6/1/8/4/61849789/thermotec-4-zero.pdf,https://www.brierleyhose.com.au/uploads/6/1/8/4/61849789/thermotec.pdf,REVIEW,Thermal R conflict between legacy and spec fields; Acoustic Rw conflict between legacy and spec fields; Order Flag contains repeated 6712; confirm intended meaning; Order Quantity contains repeated 6712; confirm intended meaning,READY,manufacturer_supported,True,False,Product_Master_Bot_Sheet1_Validated.xlsx,cab733ff840db5bb8116e4869b42915772cd667d035912612bd78c0d35b4b5b7
Thermotec,RSPI60340,THERRWSPID120PLNID60P4T40M,RW 120kg Plain SPI 60.4 x 40mm,Yes,Pipe Insulation,Stonewool,Pipe,RSPI60340,THERMOTEC_ROCKWOOL_PIPE,Rockwool Pipe Insulation,knowledge/thermotec/rockwool-pipe-insulation.md,Review: R1.2 | R2.5,Review: Rw 50+ | Rw 120,NRC 0.95,Spec Total R-value; Spec Product R-value; Spec Acoustic Rating; Legacy performance,https://www.brierleyhose.com.au/uploads/6/1/8/4/61849789/thermotec-4-zero.pdf,https://www.brierleyhose.com.au/uploads/6/1/8/4/61849789/thermotec.pdf,REVIEW,Thermal R conflict between legacy and spec fields; Acoustic Rw conflict between legacy and spec fields; Order Flag contains repeated 6712; confirm intended meaning; Order Quantity contains repeated 6712; confirm intended meaning,READY,manufacturer_supported,True,False,Product_Master_Bot_Sheet1_Validated.xlsx,cab733ff840db5bb8116e4869b42915772cd667d035912612bd78c0d35b4b5b7
Thermotec,RSPI60350,THERRWSPID120PLNID60P4T50M,RW 120kg Plain SPI 60.4 x 50mm,Yes,Pipe Insulation,Stonewool,Pipe,RSPI60350,THERMOTEC_ROCKWOOL_PIPE,Rockwool Pipe Insulation,knowledge/thermotec/rockwool-pipe-insulation.md,Review: R1.2 | R2.5,Review: Rw 50+ | Rw 120,NRC 0.95,Spec Total R-value; Spec Product R-value; Spec Acoustic Rating; Legacy performance,https://www.brierleyhose.com.au/uploads/6/1/8/4/61849789/thermotec-4-zero.pdf,https://www.brierleyhose.com.au/uploads/6/1/8/4/61849789/thermotec.pdf,REVIEW,Thermal R conflict between legacy and spec fields; Acoustic Rw conflict between legacy and spec fields; Order Flag contains repeated 6712; confirm intended meaning; Order Quantity contains repeated 6712; confirm intended meaning,READY,manufacturer_supported,True,False,Product_Master_Bot_Sheet1_Validated.xlsx,cab733ff840db5bb8116e4869b42915772cd667d035912612bd78c0d35b4b5b7
Thermotec,RSPI63425,THERRWSPID120PLNID63P4T25M,RW 120kg Plain SPI 63.4 x 25mm,Yes,Pipe Insulation,Stonewool,Pipe,RSPI63425,THERMOTEC_ROCKWOOL_PIPE,Rockwool Pipe Insulation,knowledge/thermotec/rockwool-pipe-insulation.md,Review: R1.2 | R2.5,Review: Rw 50+ | Rw 120,NRC 0.95,Spec Total R-value; Spec Product R-value; Spec Acoustic Rating; Legacy performance,https://www.brierleyhose.com.au/uploads/6/1/8/4/61849789/thermotec-4-zero.pdf,https://www.brierleyhose.com.au/uploads/6/1/8/4/61849789/thermotec.pdf,REVIEW,Thermal R conflict between legacy and spec fields; Acoustic Rw conflict between legacy and spec fields; Order Flag contains repeated 6712; confirm intended meaning; Order Quantity contains repeated 6712; confirm intended meaning,READY,manufacturer_supported,True,False,Product_Master_Bot_Sheet1_Validated.xlsx,cab733ff840db5bb8116e4869b42915772cd667d035912612bd78c0d35b4b5b7
Thermotec,RSPI63440,THERRWSPID120PLNID63P4T40M,RW 120kg Plain SPI 63.4 x 40mm,Yes,Pipe Insulation,Stonewool,Pipe,RSPI63440,THERMOTEC_ROCKWOOL_PIPE,Rockwool Pipe Insulation,knowledge/thermotec/rockwool-pipe-insulation.md,Review: R1.2 | R2.5,Review: Rw 50+ | Rw 120,NRC 0.95,Spec Total R-value; Spec Product R-value; Spec Acoustic Rating; Legacy performance,https://www.brierleyhose.com.au/uploads/6/1/8/4/61849789/thermotec-4-zero.pdf,https://www.brierleyhose.com.au/uploads/6/1/8/4/61849789/thermotec.pdf,REVIEW,Thermal R conflict between legacy and spec fields; Acoustic Rw conflict between legacy and spec fields; Order Flag contains repeated 6712; confirm intended meaning; Order Quantity contains repeated 6712; confirm intended meaning,READY,manufacturer_supported,True,False,Product_Master_Bot_Sheet1_Validated.xlsx,cab733ff840db5bb8116e4869b42915772cd667d035912612bd78c0d35b4b5b7
Thermotec,RSPI63450,THERRWSPID120PLNID63P4T50M,RW 120kg Plain SPI 63.4 x 50mm,Yes,Pipe Insulation,Stonewool,Pipe,RSPI63450,THERMOTEC_ROCKWOOL_PIPE,Rockwool Pipe Insulation,knowledge/thermotec/rockwool-pipe-insulation.md,Review: R1.2 | R2.5,Review: Rw 50+ | Rw 120,NRC 0.95,Spec Total R-value; Spec Product R-value; Spec Acoustic Rating; Legacy performance,https://www.brierleyhose.com.au/uploads/6/1/8/4/61849789/thermotec-4-zero.pdf,https://www.brierleyhose.com.au/uploads/6/1/8/4/61849789/thermotec.pdf,REVIEW,Thermal R conflict between legacy and spec fields; Acoustic Rw conflict between legacy and spec fields; Order Flag contains repeated 6712; confirm intended meaning; Order Quantity contains repeated 6712; confirm intended meaning,READY,manufacturer_supported,True,False,Product_Master_Bot_Sheet1_Validated.xlsx,cab733ff840db5bb8116e4869b42915772cd667d035912612bd78c0d35b4b5b7
Thermotec,RSPI76125,THERRWSPID120PLNID76P1T25M,RW 120kg Plain SPI 76.1 x 25mm,Yes,Pipe Insulation,Stonewool,Pipe,RSPI76125,THERMOTEC_ROCKWOOL_PIPE,Rockwool Pipe Insulation,knowledge/thermotec/rockwool-pipe-insulation.md,Review: R1.2 | R2.5,Review: Rw 50+ | Rw 120,NRC 0.95,Spec Total R-value; Spec Product R-value; Spec Acoustic Rating; Legacy performance,https://www.brierleyhose.com.au/uploads/6/1/8/4/61849789/thermotec-4-zero.pdf,https://www.brierleyhose.com.au/uploads/6/1/8/4/61849789/thermotec.pdf,REVIEW,Thermal R conflict between legacy and spec fields; Acoustic Rw conflict between legacy and spec fields; Order Flag contains repeated 6712; confirm intended meaning; Order Quantity contains repeated 6712; confirm intended meaning,READY,manufacturer_supported,True,False,Product_Master_Bot_Sheet1_Validated.xlsx,cab733ff840db5bb8116e4869b42915772cd667d035912612bd78c0d35b4b5b7
Thermotec,RSPI76140,THERRWSPID120PLNID76P1T40M,RW 120kg Plain SPI 76.1 x 40mm,Yes,Pipe Insulation,Stonewool,Pipe,RSPI76140,THERMOTEC_ROCKWOOL_PIPE,Rockwool Pipe Insulation,knowledge/thermotec/rockwool-pipe-insulation.md,Review: R1.2 | R2.5,Review: Rw 50+ | Rw 120,NRC 0.95,Spec Total R-value; Spec Product R-value; Spec Acoustic Rating; Legacy performance,https://www.brierleyhose.com.au/uploads/6/1/8/4/61849789/thermotec-4-zero.pdf,https://www.brierleyhose.com.au/uploads/6/1/8/4/61849789/thermotec.pdf,REVIEW,Thermal R conflict between legacy and spec fields; Acoustic Rw conflict between legacy and spec fields; Order Flag contains repeated 6712; confirm intended meaning; Order Quantity contains repeated 6712; confirm intended meaning,READY,manufacturer_supported,True,False,Product_Master_Bot_Sheet1_Validated.xlsx,cab733ff840db5bb8116e4869b42915772cd667d035912612bd78c0d35b4b5b7
Thermotec,RSPI76150,THERRWSPID120PLNID76P1T50M,RW 120kg Plain SPI 76.1 x 50mm,Yes,Pipe Insulation,Stonewool,Pipe,RSPI76150,THERMOTEC_ROCKWOOL_PIPE,Rockwool Pipe Insulation,knowledge/thermotec/rockwool-pipe-insulation.md,Review: R1.2 | R2.5,Review: Rw 50+ | Rw 120,NRC 0.95,Spec Total R-value; Spec Product R-value; Spec Acoustic Rating; Legacy performance,https://www.brierleyhose.com.au/uploads/6/1/8/4/61849789/thermotec-4-zero.pdf,https://www.brierleyhose.com.au/uploads/6/1/8/4/61849789/thermotec.pdf,REVIEW,Thermal R conflict between legacy and spec fields; Acoustic Rw conflict between legacy and spec fields; Order Flag contains repeated 6712; confirm intended meaning; Order Quantity contains repeated 6712; confirm intended meaning,READY,manufacturer_supported,True,False,Product_Master_Bot_Sheet1_Validated.xlsx,cab733ff840db5bb8116e4869b42915772cd667d035912612bd78c0d35b4b5b7
Thermotec,RSPI88825,THERRWSPID120PLNID88P8T25M,RW 120kg Plain SPI 88.8 x 25mm,Yes,Pipe Insulation,Stonewool,Pipe,RSPI88825,THERMOTEC_ROCKWOOL_PIPE,Rockwool Pipe Insulation,knowledge/thermotec/rockwool-pipe-insulation.md,Review: R1.2 | R2.5,Review: Rw 50+ | Rw 120,NRC 0.95,Spec Total R-value; Spec Product R-value; Spec Acoustic Rating; Legacy performance,https://www.brierleyhose.com.au/uploads/6/1/8/4/61849789/thermotec-4-zero.pdf,https://www.brierleyhose.com.au/uploads/6/1/8/4/61849789/thermotec.pdf,REVIEW,Thermal R conflict between legacy and spec fields; Acoustic Rw conflict between legacy and spec fields; Order Flag contains repeated 6712; confirm intended meaning; Order Quantity contains repeated 6712; confirm intended meaning,READY,manufacturer_supported,True,False,Product_Master_Bot_Sheet1_Validated.xlsx,cab733ff840db5bb8116e4869b42915772cd667d035912612bd78c0d35b4b5b7
Thermotec,RSPI88840,THERRWSPID120PLNID88P8T40M,RW 120kg Plain SPI 88.8 x 40mm,Yes,Pipe Insulation,Stonewool,Pipe,RSPI88840,THERMOTEC_ROCKWOOL_PIPE,Rockwool Pipe Insulation,knowledge/thermotec/rockwool-pipe-insulation.md,Review: R1.2 | R2.5,Review: Rw 50+ | Rw 120,NRC 0.95,Spec Total R-value; Spec Product R-value; Spec Acoustic Rating; Legacy performance,https://www.brierleyhose.com.au/uploads/6/1/8/4/61849789/thermotec-4-zero.pdf,https://www.brierleyhose.com.au/uploads/6/1/8/4/61849789/thermotec.pdf,REVIEW,Thermal R conflict between legacy and spec fields; Acoustic Rw conflict between legacy and spec fields; Order Flag contains repeated 6712; confirm intended meaning; Order Quantity contains repeated 6712; confirm intended meaning,READY,manufacturer_supported,True,False,Product_Master_Bot_Sheet1_Validated.xlsx,cab733ff840db5bb8116e4869b42915772cd667d035912612bd78c0d35b4b5b7
Thermotec,RSPI88850,THERRWSPID120PLNID88P8T50M,RW 120kg Plain SPI 88.8 x 50mm,Yes,Pipe Insulation,Stonewool,Pipe,RSPI88850,THERMOTEC_ROCKWOOL_PIPE,Rockwool Pipe Insulation,knowledge/thermotec/rockwool-pipe-insulation.md,Review: R1.2 | R2.5,Review: Rw 50+ | Rw 120,NRC 0.95,Spec Total R-value; Spec Product R-value; Spec Acoustic Rating; Legacy performance,https://www.brierleyhose.com.au/uploads/6/1/8/4/61849789/thermotec-4-zero.pdf,https://www.brierleyhose.com.au/uploads/6/1/8/4/61849789/thermotec.pdf,REVIEW,Thermal R conflict between legacy and spec fields; Acoustic Rw conflict between legacy and spec fields; Order Flag contains repeated 6712; confirm intended meaning; Order Quantity contains repeated 6712; confirm intended meaning,READY,manufacturer_supported,True,False,Product_Master_Bot_Sheet1_Validated.xlsx,cab733ff840db5bb8116e4869b42915772cd667d035912612bd78c0d35b4b5b7
Thermotec,RSPI101525,THERRWSPID120PLNID101P5T25M,RW 120kg Plain SPI 101.5 x 25mm,Yes,Pipe Insulation,Stonewool,Pipe,RSPI101525,THERMOTEC_ROCKWOOL_PIPE,Rockwool Pipe Insulation,knowledge/thermotec/rockwool-pipe-insulation.md,Review: R1.2 | R2.5,Review: Rw 50+ | Rw 120,NRC 0.95,Spec Total R-value; Spec Product R-value; Spec Acoustic Rating; Legacy performance,https://www.brierleyhose.com.au/uploads/6/1/8/4/61849789/thermotec-4-zero.pdf,https://www.brierleyhose.com.au/uploads/6/1/8/4/61849789/thermotec.pdf,REVIEW,Thermal R conflict between legacy and spec fields; Acoustic Rw conflict between legacy and spec fields; Order Flag contains repeated 6712; confirm intended meaning; Order Quantity contains repeated 6712; confirm intended meaning,READY,manufacturer_supported,True,False,Product_Master_Bot_Sheet1_Validated.xlsx,cab733ff840db5bb8116e4869b42915772cd667d035912612bd78c0d35b4b5b7
Thermotec,RSPI101540,THERRWSPID120PLNID101P5T40M,RW 120kg Plain SPI 101.5 x 40mm,Yes,Pipe Insulation,Stonewool,Pipe,RSPI101540,THERMOTEC_ROCKWOOL_PIPE,Rockwool Pipe Insulation,knowledge/thermotec/rockwool-pipe-insulation.md,Review: R1.2 | R2.5,Review: Rw 50+ | Rw 120,NRC 0.95,Spec Total R-value; Spec Product R-value; Spec Acoustic Rating; Legacy performance,https://www.brierleyhose.com.au/uploads/6/1/8/4/61849789/thermotec-4-zero.pdf,https://www.brierleyhose.com.au/uploads/6/1/8/4/61849789/thermotec.pdf,REVIEW,Thermal R conflict between legacy and spec fields; Acoustic Rw conflict between legacy and spec fields; Order Flag contains repeated 6712; confirm intended meaning; Order Quantity contains repeated 6712; confirm intended meaning,READY,manufacturer_supported,True,False,Product_Master_Bot_Sheet1_Validated.xlsx,cab733ff840db5bb8116e4869b42915772cd667d035912612bd78c0d35b4b5b7
Thermotec,RSPI101550,THERRWSPID120PLNID101P5T50M,RW 120kg Plain SPI 101.5 x 50mm,Yes,Pipe Insulation,Stonewool,Pipe,RSPI101550,THERMOTEC_ROCKWOOL_PIPE,Rockwool Pipe Insulation,knowledge/thermotec/rockwool-pipe-insulation.md,Review: R1.2 | R2.5,Review: Rw 50+ | Rw 120,NRC 0.95,Spec Total R-value; Spec Product R-value; Spec Acoustic Rating; Legacy performance,https://www.brierleyhose.com.au/uploads/6/1/8/4/61849789/thermotec-4-zero.pdf,https://www.brierleyhose.com.au/uploads/6/1/8/4/61849789/thermotec.pdf,REVIEW,Thermal R conflict between legacy and spec fields; Acoustic Rw conflict between legacy and spec fields; Order Flag contains repeated 6712; confirm intended meaning; Order Quantity contains repeated 6712; confirm intended meaning,READY,manufacturer_supported,True,False,Product_Master_Bot_Sheet1_Validated.xlsx,cab733ff840db5bb8116e4869b42915772cd667d035912612bd78c0d35b4b5b7
Thermotec,RSPI114225,THERRWSPID120PLNID114P2T25M,RW 120kg Plain SPI 114.2 x 25mm,Yes,Pipe Insulation,Stonewool,Pipe,RSPI114225,THERMOTEC_ROCKWOOL_PIPE,Rockwool Pipe Insulation,knowledge/thermotec/rockwool-pipe-insulation.md,Review: R1.2 | R2.5,Review: Rw 50+ | Rw 120,NRC 0.95,Spec Total R-value; Spec Product R-value; Spec Acoustic Rating; Legacy performance,https://www.brierleyhose.com.au/uploads/6/1/8/4/61849789/thermotec-4-zero.pdf,https://www.brierleyhose.com.au/uploads/6/1/8/4/61849789/thermotec.pdf,REVIEW,Thermal R conflict between legacy and spec fields; Acoustic Rw conflict between legacy and spec fields; Order Flag contains repeated 6712; confirm intended meaning; Order Quantity contains repeated 6712; confirm intended meaning,READY,manufacturer_supported,True,False,Product_Master_Bot_Sheet1_Validated.xlsx,cab733ff840db5bb8116e4869b42915772cd667d035912612bd78c0d35b4b5b7
Thermotec,RSPI114240,THERRWSPID120PLNID114P2T40M,RW 120kg Plain SPI 114.2 x 40mm,Yes,Pipe Insulation,Stonewool,Pipe,RSPI114240,THERMOTEC_ROCKWOOL_PIPE,Rockwool Pipe Insulation,knowledge/thermotec/rockwool-pipe-insulation.md,Review: R1.2 | R2.5,Review: Rw 50+ | Rw 120,NRC 0.95,Spec Total R-value; Spec Product R-value; Spec Acoustic Rating; Legacy performance,https://www.brierleyhose.com.au/uploads/6/1/8/4/61849789/thermotec-4-zero.pdf,https://www.brierleyhose.com.au/uploads/6/1/8/4/61849789/thermotec.pdf,REVIEW,Thermal R conflict between legacy and spec fields; Acoustic Rw conflict between legacy and spec fields; Order Flag contains repeated 6712; confirm intended meaning; Order Quantity contains repeated 6712; confirm intended meaning,READY,manufacturer_supported,True,False,Product_Master_Bot_Sheet1_Validated.xlsx,cab733ff840db5bb8116e4869b42915772cd667d035912612bd78c0d35b4b5b7
Thermotec,RSPI114250,THERRWSPID120PLNID114P2T50M,RW 120kg Plain SPI 114.2 x 50mm,Yes,Pipe Insulation,Stonewool,Pipe,RSPI114250,THERMOTEC_ROCKWOOL_PIPE,Rockwool Pipe Insulation,knowledge/thermotec/rockwool-pipe-insulation.md,Review: R1.2 | R2.5,Review: Rw 50+ | Rw 120,NRC 0.95,Spec Total R-value; Spec Product R-value; Spec Acoustic Rating; Legacy performance,https://www.brierleyhose.com.au/uploads/6/1/8/4/61849789/thermotec-4-zero.pdf,https://www.brierleyhose.com.au/uploads/6/1/8/4/61849789/thermotec.pdf,REVIEW,Thermal R conflict between legacy and spec fields; Acoustic Rw conflict between legacy and spec fields; Order Flag contains repeated 6712; confirm intended meaning; Order Quantity contains repeated 6712; confirm intended meaning,READY,manufacturer_supported,True,False,Product_Master_Bot_Sheet1_Validated.xlsx,cab733ff840db5bb8116e4869b42915772cd667d035912612bd78c0d35b4b5b7
Thermotec,RSPI127125,THERRWSPID120PLNID127P1T25M,RW 120kg Plain SPI 127.1 x 25mm,Yes,Pipe Insulation,Stonewool,Pipe,RSPI127125,THERMOTEC_ROCKWOOL_PIPE,Rockwool Pipe Insulation,knowledge/thermotec/rockwool-pipe-insulation.md,Review: R1.2 | R2.5,Review: Rw 50+ | Rw 120,NRC 0.95,Spec Total R-value; Spec Product R-value; Spec Acoustic Rating; Legacy performance,https://www.brierleyhose.com.au/uploads/6/1/8/4/61849789/thermotec-4-zero.pdf,https://www.brierleyhose.com.au/uploads/6/1/8/4/61849789/thermotec.pdf,REVIEW,Thermal R conflict between legacy and spec fields; Acoustic Rw conflict between legacy and spec fields; Order Flag contains repeated 6712; confirm intended meaning; Order Quantity contains repeated 6712; confirm intended meaning,READY,manufacturer_supported,True,False,Product_Master_Bot_Sheet1_Validated.xlsx,cab733ff840db5bb8116e4869b42915772cd667d035912612bd78c0d35b4b5b7
Thermotec,RSPI127140,THERRWSPID120PLNID127P1T40M,RW 120kg Plain SPI 127.1 x 40mm,Yes,Pipe Insulation,Stonewool,Pipe,RSPI127140,THERMOTEC_ROCKWOOL_PIPE,Rockwool Pipe Insulation,knowledge/thermotec/rockwool-pipe-insulation.md,Review: R1.2 | R2.5,Review: Rw 50+ | Rw 120,NRC 0.95,Spec Total R-value; Spec Product R-value; Spec Acoustic Rating; Legacy performance,https://www.brierleyhose.com.au/uploads/6/1/8/4/61849789/thermotec-4-zero.pdf,https://www.brierleyhose.com.au/uploads/6/1/8/4/61849789/thermotec.pdf,REVIEW,Thermal R conflict between legacy and spec fields; Acoustic Rw conflict between legacy and spec fields; Order Flag contains repeated 6712; confirm intended meaning; Order Quantity contains repeated 6712; confirm intended meaning,READY,manufacturer_supported,True,False,Product_Master_Bot_Sheet1_Validated.xlsx,cab733ff840db5bb8116e4869b42915772cd667d035912612bd78c0d35b4b5b7
Thermotec,RSPI127150,THERRWSPID120PLNID127P1T50M,RW 120kg Plain SPI 127.1 x 50mm,Yes,Pipe Insulation,Stonewool,Pipe,RSPI127150,THERMOTEC_ROCKWOOL_PIPE,Rockwool Pipe Insulation,knowledge/thermotec/rockwool-pipe-insulation.md,Review: R1.2 | R2.5,Review: Rw 50+ | Rw 120,NRC 0.95,Spec Total R-value; Spec Product R-value; Spec Acoustic Rating; Legacy performance,https://www.brierleyhose.com.au/uploads/6/1/8/4/61849789/thermotec-4-zero.pdf,https://www.brierleyhose.com.au/uploads/6/1/8/4/61849789/thermotec.pdf,REVIEW,Thermal R conflict between legacy and spec fields; Acoustic Rw conflict between legacy and spec fields; Order Flag contains repeated 6712; confirm intended meaning; Order Quantity contains repeated 6712; confirm intended meaning,READY,manufacturer_supported,True,False,Product_Master_Bot_Sheet1_Validated.xlsx,cab733ff840db5bb8116e4869b42915772cd667d035912612bd78c0d35b4b5b7
Thermotec,RSPI127163,THERRWSPID120PLNID127P1T63M,RW 120kg Plain SPI 127.1 x 63mm,Yes,Pipe Insulation,Stonewool,Pipe,RSPI127163,THERMOTEC_ROCKWOOL_PIPE,Rockwool Pipe Insulation,knowledge/thermotec/rockwool-pipe-insulation.md,Review: R1.2 | R2.5,Review: Rw 50+ | Rw 120,NRC 0.95,Spec Total R-value; Spec Product R-value; Spec Acoustic Rating; Legacy performance,https://www.brierleyhose.com.au/uploads/6/1/8/4/61849789/thermotec-4-zero.pdf,https://www.brierleyhose.com.au/uploads/6/1/8/4/61849789/thermotec.pdf,REVIEW,Thermal R conflict between legacy and spec fields; Acoustic Rw conflict between legacy and spec fields; Order Flag contains repeated 6712; confirm intended meaning; Order Quantity contains repeated 6712; confirm intended meaning,READY,manufacturer_supported,True,False,Product_Master_Bot_Sheet1_Validated.xlsx,cab733ff840db5bb8116e4869b42915772cd667d035912612bd78c0d35b4b5b7
Thermotec,RSPI139725,THERRWSPID120PLNID139P7T25M,RW 120kg Plain SPI 139.7 x 25mm,Yes,Pipe Insulation,Stonewool,Pipe,RSPI139725,THERMOTEC_ROCKWOOL_PIPE,Rockwool Pipe Insulation,knowledge/thermotec/rockwool-pipe-insulation.md,Review: R1.2 | R2.5,Review: Rw 50+ | Rw 120,NRC 0.95,Spec Total R-value; Spec Product R-value; Spec Acoustic Rating; Legacy performance,https://www.brierleyhose.com.au/uploads/6/1/8/4/61849789/thermotec-4-zero.pdf,https://www.brierleyhose.com.au/uploads/6/1/8/4/61849789/thermotec.pdf,REVIEW,Thermal R conflict between legacy and spec fields; Acoustic Rw conflict between legacy and spec fields; Order Flag contains repeated 6712; confirm intended meaning; Order Quantity contains repeated 6712; confirm intended meaning,READY,manufacturer_supported,True,False,Product_Master_Bot_Sheet1_Validated.xlsx,cab733ff840db5bb8116e4869b42915772cd667d035912612bd78c0d35b4b5b7
Thermotec,RSPI139740,THERRWSPID120PLNID139P7T40M,RW 120kg Plain SPI 139.7 x 40mm,Yes,Pipe Insulation,Stonewool,Pipe,RSPI139740,THERMOTEC_ROCKWOOL_PIPE,Rockwool Pipe Insulation,knowledge/thermotec/rockwool-pipe-insulation.md,Review: R1.2 | R2.5,Review: Rw 50+ | Rw 120,NRC 0.95,Spec Total R-value; Spec Product R-value; Spec Acoustic Rating; Legacy performance,https://www.brierleyhose.com.au/uploads/6/1/8/4/61849789/thermotec-4-zero.pdf,https://www.brierleyhose.com.au/uploads/6/1/8/4/61849789/thermotec.pdf,REVIEW,Thermal R conflict between legacy and spec fields; Acoustic Rw conflict between legacy and spec fields; Order Flag contains repeated 6712; confirm intended meaning; Order Quantity contains repeated 6712; confirm intended meaning,READY,manufacturer_supported,True,False,Product_Master_Bot_Sheet1_Validated.xlsx,cab733ff840db5bb8116e4869b42915772cd667d035912612bd78c0d35b4b5b7
Thermotec,RSPI139750,THERRWSPID120PLNID139P7T50M,RW 120kg Plain SPI 139.7 x 50mm,Yes,Pipe Insulation,Stonewool,Pipe,RSPI139750,THERMOTEC_ROCKWOOL_PIPE,Rockwool Pipe Insulation,knowledge/thermotec/rockwool-pipe-insulation.md,Review: R1.2 | R2.5,Review: Rw 50+ | Rw 120,NRC 0.95,Spec Total R-value; Spec Product R-value; Spec Acoustic Rating; Legacy performance,https://www.brierleyhose.com.au/uploads/6/1/8/4/61849789/thermotec-4-zero.pdf,https://www.brierleyhose.com.au/uploads/6/1/8/4/61849789/thermotec.pdf,REVIEW,Thermal R conflict between legacy and spec fields; Acoustic Rw conflict between legacy and spec fields; Order Flag contains repeated 6712; confirm intended meaning; Order Quantity contains repeated 6712; confirm intended meaning,READY,manufacturer_supported,True,False,Product_Master_Bot_Sheet1_Validated.xlsx,cab733ff840db5bb8116e4869b42915772cd667d035912612bd78c0d35b4b5b7
Thermotec,RSPI139763,THERRWSPID120PLNID139P7T63M,RW 120kg Plain SPI 139.7 x 63mm,Yes,Pipe Insulation,Stonewool,Pipe,RSPI139763,THERMOTEC_ROCKWOOL_PIPE,Rockwool Pipe Insulation,knowledge/thermotec/rockwool-pipe-insulation.md,Review: R1.2 | R2.5,Review: Rw 50+ | Rw 120,NRC 0.95,Spec Total R-value; Spec Product R-value; Spec Acoustic Rating; Legacy performance,https://www.brierleyhose.com.au/uploads/6/1/8/4/61849789/thermotec-4-zero.pdf,https://www.brierleyhose.com.au/uploads/6/1/8/4/61849789/thermotec.pdf,REVIEW,Thermal R conflict between legacy and spec fields; Acoustic Rw conflict between legacy and spec fields; Order Flag contains repeated 6712; confirm intended meaning; Order Quantity contains repeated 6712; confirm intended meaning,READY,manufacturer_supported,True,False,Product_Master_Bot_Sheet1_Validated.xlsx,cab733ff840db5bb8116e4869b42915772cd667d035912612bd78c0d35b4b5b7
Thermotec,RSPI152450,THERRWSPID120PLNID152P4T50M,RW 120kg Plain SPI 152.4 x 50mm,Yes,Pipe Insulation,Stonewool,Pipe,RSPI152450,THERMOTEC_ROCKWOOL_PIPE,Rockwool Pipe Insulation,knowledge/thermotec/rockwool-pipe-insulation.md,Review: R1.2 | R2.5,Review: Rw 50+ | Rw 120,NRC 0.95,Spec Total R-value; Spec Product R-value; Spec Acoustic Rating; Legacy performance,https://www.brierleyhose.com.au/uploads/6/1/8/4/61849789/thermotec-4-zero.pdf,https://www.brierleyhose.com.au/uploads/6/1/8/4/61849789/thermotec.pdf,REVIEW,Thermal R conflict between legacy and spec fields; Acoustic Rw conflict between legacy and spec fields; Order Flag contains repeated 6712; confirm intended meaning; Order Quantity contains repeated 6712; confirm intended meaning,READY,manufacturer_supported,True,False,Product_Master_Bot_Sheet1_Validated.xlsx,cab733ff840db5bb8116e4869b42915772cd667d035912612bd78c0d35b4b5b7
Thermotec,RSPI152463,THERRWSPID120PLNID152P4T63M,RW 120kg Plain SPI 152.4 x 63mm,Yes,Pipe Insulation,Stonewool,Pipe,RSPI152463,THERMOTEC_ROCKWOOL_PIPE,Rockwool Pipe Insulation,knowledge/thermotec/rockwool-pipe-insulation.md,Review: R1.2 | R2.5,Review: Rw 50+ | Rw 120,NRC 0.95,Spec Total R-value; Spec Product R-value; Spec Acoustic Rating; Legacy performance,https://www.brierleyhose.com.au/uploads/6/1/8/4/61849789/thermotec-4-zero.pdf,https://www.brierleyhose.com.au/uploads/6/1/8/4/61849789/thermotec.pdf,REVIEW,Thermal R conflict between legacy and spec fields; Acoustic Rw conflict between legacy and spec fields; Order Flag contains repeated 6712; confirm intended meaning; Order Quantity contains repeated 6712; confirm intended meaning,READY,manufacturer_supported,True,False,Product_Master_Bot_Sheet1_Validated.xlsx,cab733ff840db5bb8116e4869b42915772cd667d035912612bd78c0d35b4b5b7
Thermotec,RSPI168350,THERRWSPID120PLNID168P3T50M,RW 120kg Plain SPI 168.3 x 50mm,Yes,Pipe Insulation,Stonewool,Pipe,RSPI168350,THERMOTEC_ROCKWOOL_PIPE,Rockwool Pipe Insulation,knowledge/thermotec/rockwool-pipe-insulation.md,Review: R1.2 | R2.5,Review: Rw 50+ | Rw 120,NRC 0.95,Spec Total R-value; Spec Product R-value; Spec Acoustic Rating; Legacy performance,https://www.brierleyhose.com.au/uploads/6/1/8/4/61849789/thermotec-4-zero.pdf,https://www.brierleyhose.com.au/uploads/6/1/8/4/61849789/thermotec.pdf,REVIEW,Thermal R conflict between legacy and spec fields; Acoustic Rw conflict between legacy and spec fields; Order Flag contains repeated 6712; confirm intended meaning; Order Quantity contains repeated 6712; confirm intended meaning,READY,manufacturer_supported,True,False,Product_Master_Bot_Sheet1_Validated.xlsx,cab733ff840db5bb8116e4869b42915772cd667d035912612bd78c0d35b4b5b7
Thermotec,RSPI168363,THERRWSPID120PLNID168P3T63M,RW 120kg Plain SPI 168.3 x 63mm,Yes,Pipe Insulation,Stonewool,Pipe,RSPI168363,THERMOTEC_ROCKWOOL_PIPE,Rockwool Pipe Insulation,knowledge/thermotec/rockwool-pipe-insulation.md,Review: R1.2 | R2.5,Review: Rw 50+ | Rw 120,NRC 0.95,Spec Total R-value; Spec Product R-value; Spec Acoustic Rating; Legacy performance,https://www.brierleyhose.com.au/uploads/6/1/8/4/61849789/thermotec-4-zero.pdf,https://www.brierleyhose.com.au/uploads/6/1/8/4/61849789/thermotec.pdf,REVIEW,Thermal R conflict between legacy and spec fields; Acoustic Rw conflict between legacy and spec fields; Order Flag contains repeated 6712; confirm intended meaning; Order Quantity contains repeated 6712; confirm intended meaning,READY,manufacturer_supported,True,False,Product_Master_Bot_Sheet1_Validated.xlsx,cab733ff840db5bb8116e4869b42915772cd667d035912612bd78c0d35b4b5b7
Thermotec,RSPI219163,THERRWSPID120PLNID219P1T63M,RW 120kg Plain SPI 219.1 x 63mm,Yes,Pipe Insulation,Stonewool,Pipe,RSPI219163,THERMOTEC_ROCKWOOL_PIPE,Rockwool Pipe Insulation,knowledge/thermotec/rockwool-pipe-insulation.md,Review: R1.2 | R2.5,Review: Rw 50+ | Rw 120,NRC 0.95,Spec Total R-value; Spec Product R-value; Spec Acoustic Rating; Legacy performance,https://www.brierleyhose.com.au/uploads/6/1/8/4/61849789/thermotec-4-zero.pdf,https://www.brierleyhose.com.au/uploads/6/1/8/4/61849789/thermotec.pdf,REVIEW,Thermal R conflict between legacy and spec fields; Acoustic Rw conflict between legacy and spec fields; Order Flag contains repeated 6712; confirm intended meaning; Order Quantity contains repeated 6712; confirm intended meaning,READY,manufacturer_supported,True,False,Product_Master_Bot_Sheet1_Validated.xlsx,cab733ff840db5bb8116e4869b42915772cd667d035912612bd78c0d35b4b5b7
Thermotec,RSPI273175,THERRWSPID120PLNID273P1T75M,RW 120kg Plain SPI 273.1 x 75mm,Yes,Pipe Insulation,Stonewool,Pipe,RSPI273175,THERMOTEC_ROCKWOOL_PIPE,Rockwool Pipe Insulation,knowledge/thermotec/rockwool-pipe-insulation.md,Review: R1.2 | R2.5,Review: Rw 50+ | Rw 120,NRC 0.95,Spec Total R-value; Spec Product R-value; Spec Acoustic Rating; Legacy performance,https://www.brierleyhose.com.au/uploads/6/1/8/4/61849789/thermotec-4-zero.pdf,https://www.brierleyhose.com.au/uploads/6/1/8/4/61849789/thermotec.pdf,REVIEW,Thermal R conflict between legacy and spec fields; Acoustic Rw conflict between legacy and spec fields; Order Flag contains repeated 6712; confirm intended meaning; Order Quantity contains repeated 6712; confirm intended meaning,READY,manufacturer_supported,True,False,Product_Master_Bot_Sheet1_Validated.xlsx,cab733ff840db5bb8116e4869b42915772cd667d035912612bd78c0d35b4b5b7
Thermotec,RSPI323975,THERRWSPID120PLNID323P9T75M,RW 120kg Plain SPI 323.9 x 75mm,Yes,Pipe Insulation,Stonewool,Pipe,RSPI323975,THERMOTEC_ROCKWOOL_PIPE,Rockwool Pipe Insulation,knowledge/thermotec/rockwool-pipe-insulation.md,Review: R1.2 | R2.5,Review: Rw 50+ | Rw 120,NRC 0.95,Spec Total R-value; Spec Product R-value; Spec Acoustic Rating; Legacy performance,https://www.brierleyhose.com.au/uploads/6/1/8/4/61849789/thermotec-4-zero.pdf,https://www.brierleyhose.com.au/uploads/6/1/8/4/61849789/thermotec.pdf,REVIEW,Thermal R conflict between legacy and spec fields; Acoustic Rw conflict between legacy and spec fields; Order Flag contains repeated 6712; confirm intended meaning; Order Quantity contains repeated 6712; confirm intended meaning,READY,manufacturer_supported,True,False,Product_Master_Bot_Sheet1_Validated.xlsx,cab733ff840db5bb8116e4869b42915772cd667d035912612bd78c0d35b4b5b7
Thermotec,Nuwave Base 2kg,THERNWB2KGW1350L5MRL,Nuwave Base 2kg,Yes,Acoustic Barrier,Mass Loaded Vinyl,Internal Wall | Ceiling | Floor | General Acoustic,Nuwave Base 2kg,THERMOTEC_NUWAVE_BASE_MLV,NuWave Mass Loaded Vinyl Acoustic Barrier,knowledge/thermotec/nuwave-mass-loaded-vinyl.md,Not stated,Review: Rw 27 | Rw 24,Not stated,Spec Acoustic Rating; Legacy performance,https://www.brierleyhose.com.au/uploads/6/1/8/4/61849789/thermotec-4-zero.pdf,https://www.brierleyhose.com.au/uploads/6/1/8/4/61849789/thermotec.pdf,REVIEW,Acoustic Rw conflict between legacy and spec fields; Order Flag contains repeated 6712; confirm intended meaning; Order Quantity contains repeated 6712; confirm intended meaning,READY,manufacturer_supported,True,False,Product_Master_Bot_Sheet1_Validated.xlsx,cab733ff840db5bb8116e4869b42915772cd667d035912612bd78c0d35b4b5b7
Thermotec,Nuwave Base 4kg,THERNWB4KGW1350L5MRL,Nuwave Base 4kg,Yes,Acoustic Barrier,Mass Loaded Vinyl,Internal Wall | Ceiling | Floor | General Acoustic,Nuwave Base 4kg,THERMOTEC_NUWAVE_BASE_MLV,NuWave Mass Loaded Vinyl Acoustic Barrier,knowledge/thermotec/nuwave-mass-loaded-vinyl.md,Not stated,Review: Rw 27 | Rw 26,Not stated,Spec Acoustic Rating; Legacy performance,https://www.brierleyhose.com.au/uploads/6/1/8/4/61849789/thermotec-4-zero.pdf,https://www.brierleyhose.com.au/uploads/6/1/8/4/61849789/thermotec.pdf,REVIEW,Acoustic Rw conflict between legacy and spec fields; Order Flag contains repeated 6712; confirm intended meaning; Order Quantity contains repeated 6712; confirm intended meaning,READY,manufacturer_supported,True,False,Product_Master_Bot_Sheet1_Validated.xlsx,cab733ff840db5bb8116e4869b42915772cd667d035912612bd78c0d35b4b5b7
Thermotec,Nuwave Base 6kg,THERNWB6KGW1350L3MRL,Nuwave Base 6kg,Yes,Acoustic Barrier,Mass Loaded Vinyl,Internal Wall | Ceiling | Floor | General Acoustic,Nuwave Base 6kg,THERMOTEC_NUWAVE_BASE_MLV,NuWave Mass Loaded Vinyl Acoustic Barrier,knowledge/thermotec/nuwave-mass-loaded-vinyl.md,Not stated,Review: Rw 27 | Rw 29,Not stated,Spec Acoustic Rating; Legacy performance,https://www.brierleyhose.com.au/uploads/6/1/8/4/61849789/thermotec-4-zero.pdf,https://www.brierleyhose.com.au/uploads/6/1/8/4/61849789/thermotec.pdf,REVIEW,Acoustic Rw conflict between legacy and spec fields; Order Flag contains repeated 6712; confirm intended meaning; Order Quantity contains repeated 6712; confirm intended meaning,READY,manufacturer_supported,True,False,Product_Master_Bot_Sheet1_Validated.xlsx,cab733ff840db5bb8116e4869b42915772cd667d035912612bd78c0d35b4b5b7
Thermotec,Nuwave Base 8kg,THERNWB8KGW1350L3MRL,Nuwave Base 8kg,Yes,Acoustic Barrier,Mass Loaded Vinyl,Internal Wall | Ceiling | Floor | General Acoustic,Nuwave Base 8kg,THERMOTEC_NUWAVE_BASE_MLV,NuWave Mass Loaded Vinyl Acoustic Barrier,knowledge/thermotec/nuwave-mass-loaded-vinyl.md,Not stated,Review: Rw 27 | Rw 30,Not stated,Spec Acoustic Rating; Legacy performance,https://www.brierleyhose.com.au/uploads/6/1/8/4/61849789/thermotec-4-zero.pdf,https://www.brierleyhose.com.au/uploads/6/1/8/4/61849789/thermotec.pdf,REVIEW,Acoustic Rw conflict between legacy and spec fields; Order Flag contains repeated 6712; confirm intended meaning; Order Quantity contains repeated 6712; confirm intended meaning,READY,manufacturer_supported,True,False,Product_Master_Bot_Sheet1_Validated.xlsx,cab733ff840db5bb8116e4869b42915772cd667d035912612bd78c0d35b4b5b7
Thermotec,Nuwave Base 10kg,THERNWB10KGW1350L3MRL,Nuwave Base 10kg,Yes,Acoustic Barrier,Mass Loaded Vinyl,Internal Wall | Ceiling | Floor | General Acoustic,Nuwave Base 10kg,THERMOTEC_NUWAVE_BASE_MLV,NuWave Mass Loaded Vinyl Acoustic Barrier,knowledge/thermotec/nuwave-mass-loaded-vinyl.md,Not stated,Review: Rw 27 | Rw 34,Not stated,Spec Acoustic Rating; Legacy performance,https://www.brierleyhose.com.au/uploads/6/1/8/4/61849789/thermotec-4-zero.pdf,https://www.brierleyhose.com.au/uploads/6/1/8/4/61849789/thermotec.pdf,REVIEW,Acoustic Rw conflict between legacy and spec fields; Order Flag contains repeated 6712; confirm intended meaning; Order Quantity contains repeated 6712; confirm intended meaning,READY,manufacturer_supported,True,False,Product_Master_Bot_Sheet1_Validated.xlsx,cab733ff840db5bb8116e4869b42915772cd667d035912612bd78c0d35b4b5b7
Thermotec,Nuwave Base 4kg - Half Roll,THERNWB4KGHALFW1350L2P5MRL,Nuwave Base 4kg - Half Roll,Yes,Acoustic Barrier,Mass Loaded Vinyl,Internal Wall | Ceiling | Floor | General Acoustic,Nuwave Base 4kg - Half Roll,THERMOTEC_NUWAVE_BASE_MLV,NuWave Mass Loaded Vinyl Acoustic Barrier,knowledge/thermotec/nuwave-mass-loaded-vinyl.md,Not stated,Review: Rw 27 | Rw 26,Not stated,Spec Acoustic Rating; Legacy performance,https://www.brierleyhose.com.au/uploads/6/1/8/4/61849789/thermotec-4-zero.pdf,https://www.brierleyhose.com.au/uploads/6/1/8/4/61849789/thermotec.pdf,REVIEW,Acoustic Rw conflict between legacy and spec fields; Order Flag contains repeated 6712; confirm intended meaning; Order Quantity contains repeated 6712; confirm intended meaning,READY,manufacturer_supported,True,False,Product_Master_Bot_Sheet1_Validated.xlsx,cab733ff840db5bb8116e4869b42915772cd667d035912612bd78c0d35b4b5b7
Thermotec,Nuwave Base 6kg - Half Roll,THERNWB6KGHALFW1350L1P5MRL,Nuwave Base 6kg - Half Roll,Yes,Acoustic Barrier,Mass Loaded Vinyl,Internal Wall | Ceiling | Floor | General Acoustic,Nuwave Base 6kg - Half Roll,THERMOTEC_NUWAVE_BASE_MLV,NuWave Mass Loaded Vinyl Acoustic Barrier,knowledge/thermotec/nuwave-mass-loaded-vinyl.md,Not stated,Review: Rw 27 | Rw 29,Not stated,Spec Acoustic Rating; Legacy performance,https://www.brierleyhose.com.au/uploads/6/1/8/4/61849789/thermotec-4-zero.pdf,https://www.brierleyhose.com.au/uploads/6/1/8/4/61849789/thermotec.pdf,REVIEW,Acoustic Rw conflict between legacy and spec fields; Order Flag contains repeated 6712; confirm intended meaning; Order Quantity contains repeated 6712; confirm intended meaning,READY,manufacturer_supported,True,False,Product_Master_Bot_Sheet1_Validated.xlsx,cab733ff840db5bb8116e4869b42915772cd667d035912612bd78c0d35b4b5b7
Thermotec,Nuwave Base 8kg - Half Roll,THERNWB8KGHALFW1350L1P5MRL,Nuwave Base 8kg - Half Roll,Yes,Acoustic Barrier,Mass Loaded Vinyl,Internal Wall | Ceiling | Floor | General Acoustic,Nuwave Base 8kg - Half Roll,THERMOTEC_NUWAVE_BASE_MLV,NuWave Mass Loaded Vinyl Acoustic Barrier,knowledge/thermotec/nuwave-mass-loaded-vinyl.md,Not stated,Review: Rw 27 | Rw 30,Not stated,Spec Acoustic Rating; Legacy performance,https://www.brierleyhose.com.au/uploads/6/1/8/4/61849789/thermotec-4-zero.pdf,https://www.brierleyhose.com.au/uploads/6/1/8/4/61849789/thermotec.pdf,REVIEW,Acoustic Rw conflict between legacy and spec fields; Order Flag contains repeated 6712; confirm intended meaning; Order Quantity contains repeated 6712; confirm intended meaning,READY,manufacturer_supported,True,False,Product_Master_Bot_Sheet1_Validated.xlsx,cab733ff840db5bb8116e4869b42915772cd667d035912612bd78c0d35b4b5b7
Thermotec,Nuwave Base 4kg - South Australia,,Nuwave Base 4kg - South Australia,Yes,Acoustic Barrier,Mass Loaded Vinyl,Internal Wall | Ceiling | Floor | General Acoustic,Nuwave Base 4kg - South Australia,THERMOTEC_NUWAVE_BASE_MLV,NuWave Mass Loaded Vinyl Acoustic Barrier,knowledge/thermotec/nuwave-mass-loaded-vinyl.md,Not stated,Review: Rw 27 | Rw 26,Not stated,Spec Acoustic Rating; Legacy performance,https://www.brierleyhose.com.au/uploads/6/1/8/4/61849789/thermotec-4-zero.pdf,https://www.brierleyhose.com.au/uploads/6/1/8/4/61849789/thermotec.pdf,BLOCKED,BLOCKER: Missing SKU; Acoustic Rw conflict between legacy and spec fields; Order Flag contains repeated 6712; confirm intended meaning; Order Quantity contains repeated 6712; confirm intended meaning,BLOCKED,manufacturer_supported,True,False,Product_Master_Bot_Sheet1_Validated.xlsx,cab733ff840db5bb8116e4869b42915772cd667d035912612bd78c0d35b4b5b7
Thermotec,Nuwave Base 6kg - South Australia,,Nuwave Base 6kg - South Australia,Yes,Acoustic Barrier,Mass Loaded Vinyl,Internal Wall | Ceiling | Floor | General Acoustic,Nuwave Base 6kg - South Australia,THERMOTEC_NUWAVE_BASE_MLV,NuWave Mass Loaded Vinyl Acoustic Barrier,knowledge/thermotec/nuwave-mass-loaded-vinyl.md,Not stated,Review: Rw 27 | Rw 29,Not stated,Spec Acoustic Rating; Legacy performance,https://www.brierleyhose.com.au/uploads/6/1/8/4/61849789/thermotec-4-zero.pdf,https://www.brierleyhose.com.au/uploads/6/1/8/4/61849789/thermotec.pdf,BLOCKED,BLOCKER: Missing SKU; Acoustic Rw conflict between legacy and spec fields; Order Flag contains repeated 6712; confirm intended meaning; Order Quantity contains repeated 6712; confirm intended meaning,BLOCKED,manufacturer_supported,True,False,Product_Master_Bot_Sheet1_Validated.xlsx,cab733ff840db5bb8116e4869b42915772cd667d035912612bd78c0d35b4b5b7
Thermotec,Nuwave Base 8kg - South Australia,,Nuwave Base 8kg - South Australia,Yes,Acoustic Barrier,Mass Loaded Vinyl,Internal Wall | Ceiling | Floor | General Acoustic,Nuwave Base 8kg - South Australia,THERMOTEC_NUWAVE_BASE_MLV,NuWave Mass Loaded Vinyl Acoustic Barrier,knowledge/thermotec/nuwave-mass-loaded-vinyl.md,Not stated,Review: Rw 27 | Rw 30,Not stated,Spec Acoustic Rating; Legacy performance,https://www.brierleyhose.com.au/uploads/6/1/8/4/61849789/thermotec-4-zero.pdf,https://www.brierleyhose.com.au/uploads/6/1/8/4/61849789/thermotec.pdf,BLOCKED,BLOCKER: Missing SKU; Acoustic Rw conflict between legacy and spec fields; Order Flag contains repeated 6712; confirm intended meaning; Order Quantity contains repeated 6712; confirm intended meaning,BLOCKED,manufacturer_supported,True,False,Product_Master_Bot_Sheet1_Validated.xlsx,cab733ff840db5bb8116e4869b42915772cd667d035912612bd78c0d35b4b5b7
Thermotec,4 Zero Foil Faced MLV Nuwave Base 4kg,THERNWB4ZFOIL4KGW1350L5MRL,4 Zero Foil Faced MLV Nuwave Base 4kg,Yes,Acoustic Barrier,Mass Loaded Vinyl,Internal Wall | Ceiling | Floor | General Acoustic,4 Zero Foil Faced MLV Nuwave Base 4kg,THERMOTEC_NUWAVE_FOIL_FACED_MLV,NuWave 4-Zero Foil-faced MLV,knowledge/thermotec/nuwave-foil-faced-mlv.md,Not stated,Review: Rw 27 | Rw 26,Not stated,Spec Acoustic Rating; Legacy performance,https://www.brierleyhose.com.au/uploads/6/1/8/4/61849789/thermotec-4-zero.pdf,https://www.brierleyhose.com.au/uploads/6/1/8/4/61849789/thermotec.pdf,REVIEW,Acoustic Rw conflict between legacy and spec fields; Order Flag contains repeated 6712; confirm intended meaning; Order Quantity contains repeated 6712; confirm intended meaning,READY,secondary_owned_source_only,False,False,Product_Master_Bot_Sheet1_Validated.xlsx,cab733ff840db5bb8116e4869b42915772cd667d035912612bd78c0d35b4b5b7
Thermotec,4 Zero Foil Faced MLV Nuwave Base 6kg,THERNWB4ZFOIL6KGW1350L3MRL,4 Zero Foil Faced MLV Nuwave Base 6kg,Yes,Acoustic Barrier,Mass Loaded Vinyl,Internal Wall | Ceiling | Floor | General Acoustic,4 Zero Foil Faced MLV Nuwave Base 6kg,THERMOTEC_NUWAVE_FOIL_FACED_MLV,NuWave 4-Zero Foil-faced MLV,knowledge/thermotec/nuwave-foil-faced-mlv.md,Not stated,Review: Rw 27 | Rw 29,Not stated,Spec Acoustic Rating; Legacy performance,https://www.brierleyhose.com.au/uploads/6/1/8/4/61849789/thermotec-4-zero.pdf,https://www.brierleyhose.com.au/uploads/6/1/8/4/61849789/thermotec.pdf,REVIEW,Acoustic Rw conflict between legacy and spec fields; Order Flag contains repeated 6712; confirm intended meaning; Order Quantity contains repeated 6712; confirm intended meaning,READY,secondary_owned_source_only,False,False,Product_Master_Bot_Sheet1_Validated.xlsx,cab733ff840db5bb8116e4869b42915772cd667d035912612bd78c0d35b4b5b7
Thermotec,Fence Insulation UV Treated Nuwave Base 4kg,THERNWBFENCEUV4KGW1350L5MRL,Fence Insulation UV Treated Nuwave Base 4kg,Yes,Acoustic Barrier,Mass Loaded Vinyl,Internal Wall | Ceiling | Floor | General Acoustic,Fence Insulation UV Treated Nuwave Base 4kg,THERMOTEC_NUWAVE_FENCE_MLV,NuWave UV-treated Fence MLV,knowledge/thermotec/nuwave-fence-mlv.md,Not stated,Review: Rw 27 | Rw 26,Not stated,Spec Acoustic Rating; Legacy performance,https://www.brierleyhose.com.au/uploads/6/1/8/4/61849789/thermotec-4-zero.pdf,https://www.brierleyhose.com.au/uploads/6/1/8/4/61849789/thermotec.pdf,REVIEW,Acoustic Rw conflict between legacy and spec fields; Order Flag contains repeated 6712; confirm intended meaning; Order Quantity contains repeated 6712; confirm intended meaning,READY,secondary_owned_source_only,False,False,Product_Master_Bot_Sheet1_Validated.xlsx,cab733ff840db5bb8116e4869b42915772cd667d035912612bd78c0d35b4b5b7
Thermotec,Fence Insulation UV Treated Nuwave Base 6kg,THERNWBFENCEUV6KGW1350L3MRL,Fence Insulation UV Treated Nuwave Base 6kg,Yes,Acoustic Barrier,Mass Loaded Vinyl,Internal Wall | Ceiling | Floor | General Acoustic,Fence Insulation UV Treated Nuwave Base 6kg,THERMOTEC_NUWAVE_FENCE_MLV,NuWave UV-treated Fence MLV,knowledge/thermotec/nuwave-fence-mlv.md,Not stated,Review: Rw 27 | Rw 29,Not stated,Spec Acoustic Rating; Legacy performance,https://www.brierleyhose.com.au/uploads/6/1/8/4/61849789/thermotec-4-zero.pdf,https://www.brierleyhose.com.au/uploads/6/1/8/4/61849789/thermotec.pdf,REVIEW,Acoustic Rw conflict between legacy and spec fields; Order Flag contains repeated 6712; confirm intended meaning; Order Quantity contains repeated 6712; confirm intended meaning,READY,secondary_owned_source_only,False,False,Product_Master_Bot_Sheet1_Validated.xlsx,cab733ff840db5bb8116e4869b42915772cd667d035912612bd78c0d35b4b5b7
Thermotec,Fence Insulation UV Treated Nuwave Base 8kg,THERNWBFENCEUV8KGW1350L3MRL,Fence Insulation UV Treated Nuwave Base 8kg,Yes,Acoustic Barrier,Mass Loaded Vinyl,Internal Wall | Ceiling | Floor | General Acoustic,Fence Insulation UV Treated Nuwave Base 8kg,THERMOTEC_NUWAVE_FENCE_MLV,NuWave UV-treated Fence MLV,knowledge/thermotec/nuwave-fence-mlv.md,Not stated,Review: Rw 27 | Rw 30,Not stated,Spec Acoustic Rating; Legacy performance,https://www.brierleyhose.com.au/uploads/6/1/8/4/61849789/thermotec-4-zero.pdf,https://www.brierleyhose.com.au/uploads/6/1/8/4/61849789/thermotec.pdf,REVIEW,Acoustic Rw conflict between legacy and spec fields; Order Flag contains repeated 6712; confirm intended meaning; Order Quantity contains repeated 6712; confirm intended meaning,READY,secondary_owned_source_only,False,False,Product_Master_Bot_Sheet1_Validated.xlsx,cab733ff840db5bb8116e4869b42915772cd667d035912612bd78c0d35b4b5b7
Thermotec,Underlay Nuwave 4kg,THERNWBUNDERLAY4KGW1350L5MRL,Underlay Nuwave 4kg,Yes,Underlay,Mass Loaded Vinyl,Floor | Acoustic Floor,Underlay Nuwave 4kg,THERMOTEC_NUWAVE_UNDERLAY,NuWave Acoustic Floor Underlay,knowledge/thermotec/nuwave-underlay.md,Not stated,Review: Rw 27 | Rw 26,Not stated,Spec Acoustic Rating; Legacy performance,https://www.brierleyhose.com.au/uploads/6/1/8/4/61849789/thermotec-4-zero.pdf,https://www.brierleyhose.com.au/uploads/6/1/8/4/61849789/thermotec.pdf,REVIEW,Acoustic Rw conflict between legacy and spec fields,READY,manufacturer_supported_performance_pending,True,False,Product_Master_Bot_Sheet1_Validated.xlsx,cab733ff840db5bb8116e4869b42915772cd667d035912612bd78c0d35b4b5b7
Thermotec,Underlay Nuwave 6kg,THERNWBUNDERLAY6KGW1350L3MRL,Underlay Nuwave 6kg,Yes,Underlay,Mass Loaded Vinyl,Floor | Acoustic Floor,Underlay Nuwave 6kg,THERMOTEC_NUWAVE_UNDERLAY,NuWave Acoustic Floor Underlay,knowledge/thermotec/nuwave-underlay.md,Not stated,Review: Rw 27 | Rw 29,Not stated,Spec Acoustic Rating; Legacy performance,https://www.brierleyhose.com.au/uploads/6/1/8/4/61849789/thermotec-4-zero.pdf,https://www.brierleyhose.com.au/uploads/6/1/8/4/61849789/thermotec.pdf,REVIEW,Acoustic Rw conflict between legacy and spec fields; Order Flag contains repeated 6712; confirm intended meaning; Order Quantity contains repeated 6712; confirm intended meaning,READY,manufacturer_supported_performance_pending,True,False,Product_Master_Bot_Sheet1_Validated.xlsx,cab733ff840db5bb8116e4869b42915772cd667d035912612bd78c0d35b4b5b7
Thermotec,Underlay Nuwave 8kg,THERNWBUNDERLAY8KGW1350L3MRL,Underlay Nuwave 8kg,Yes,Underlay,Mass Loaded Vinyl,Floor | Acoustic Floor,Underlay Nuwave 8kg,THERMOTEC_NUWAVE_UNDERLAY,NuWave Acoustic Floor Underlay,knowledge/thermotec/nuwave-underlay.md,Not stated,Review: Rw 27 | Rw 30,Not stated,Spec Acoustic Rating; Legacy performance,https://www.brierleyhose.com.au/uploads/6/1/8/4/61849789/thermotec-4-zero.pdf,https://www.brierleyhose.com.au/uploads/6/1/8/4/61849789/thermotec.pdf,REVIEW,Acoustic Rw conflict between legacy and spec fields; Order Flag contains repeated 6712; confirm intended meaning; Order Quantity contains repeated 6712; confirm intended meaning,READY,manufacturer_supported_performance_pending,True,False,Product_Master_Bot_Sheet1_Validated.xlsx,cab733ff840db5bb8116e4869b42915772cd667d035912612bd78c0d35b4b5b7
Thermotec,E-Therm 50 Antiglare,THERETHERM50T5P5W1350L22P2MRL,E-Therm 50 Antiglare,Yes,Reflective Insulation,Reflective Composite,Metal Roof / Shed,E-Therm 50 Antiglare,THERMOTEC_E_THERM,E-Therm Reflective Roof and Wall Insulation,knowledge/thermotec/e-therm-reflective-insulation.md,Review: R1.2 | R2.5,Not stated,Not stated,Spec Total R-value; Spec Product R-value; Legacy performance,https://www.brierleyhose.com.au/uploads/6/1/8/4/61849789/thermotec-4-zero.pdf,https://www.brierleyhose.com.au/uploads/6/1/8/4/61849789/thermotec.pdf,REVIEW,Thermal R conflict between legacy and spec fields; Order Flag contains repeated 6712; confirm intended meaning; Order Quantity contains repeated 6712; confirm intended meaning,READY,manufacturer_supported_performance_pending,True,False,Product_Master_Bot_Sheet1_Validated.xlsx,cab733ff840db5bb8116e4869b42915772cd667d035912612bd78c0d35b4b5b7
Thermotec,E-Therm 65 Antiglare,THERETHERM65T7P2W1350L22P2MRL,E-Therm 65 Antiglare,Yes,Reflective Insulation,Reflective Composite,Metal Roof / Shed,E-Therm 65 Antiglare,THERMOTEC_E_THERM,E-Therm Reflective Roof and Wall Insulation,knowledge/thermotec/e-therm-reflective-insulation.md,Review: R1.2 | R2.5,Not stated,Not stated,Spec Total R-value; Spec Product R-value; Legacy performance,https://www.brierleyhose.com.au/uploads/6/1/8/4/61849789/thermotec-4-zero.pdf,https://www.brierleyhose.com.au/uploads/6/1/8/4/61849789/thermotec.pdf,REVIEW,Thermal R conflict between legacy and spec fields; Order Flag contains repeated 6712; confirm intended meaning; Order Quantity contains repeated 6712; confirm intended meaning,READY,manufacturer_supported_performance_pending,True,False,Product_Master_Bot_Sheet1_Validated.xlsx,cab733ff840db5bb8116e4869b42915772cd667d035912612bd78c0d35b4b5b7
Thermotec,E-Therm 80 Antiglare,THERETHERM80T8P5W1350L22P2MRL,E-Therm 80 Antiglare,Yes,Reflective Insulation,Reflective Composite,Metal Roof / Shed,E-Therm 80 Antiglare,THERMOTEC_E_THERM,E-Therm Reflective Roof and Wall Insulation,knowledge/thermotec/e-therm-reflective-insulation.md,Review: R1.2 | R2.5,Not stated,Not stated,Spec Total R-value; Spec Product R-value; Legacy performance,https://www.brierleyhose.com.au/uploads/6/1/8/4/61849789/thermotec-4-zero.pdf,https://www.brierleyhose.com.au/uploads/6/1/8/4/61849789/thermotec.pdf,REVIEW,Thermal R conflict between legacy and spec fields; Order Flag contains repeated 6712; confirm intended meaning; Order Quantity contains repeated 6712; confirm intended meaning,READY,manufacturer_supported_performance_pending,True,False,Product_Master_Bot_Sheet1_Validated.xlsx,cab733ff840db5bb8116e4869b42915772cd667d035912612bd78c0d35b4b5b7
Thermotec,Nuwrap5,THERNUWRAP5KGW1350L3MRL,Nuwrap5,Yes,Pipe / Duct Lagging,Acoustic Composite,Pipe | Duct | Services Acoustic | Plumbing,Nuwrap5,THERMOTEC_NUWRAP_5,NuWrap 5 Acoustic Pipe Lagging,knowledge/thermotec/nuwrap-5.md,R0.3,Not stated,NRC 0.30,Spec Total R-value; Spec Product R-value; Legacy performance,https://www.brierleyhose.com.au/uploads/6/1/8/4/61849789/thermotec-4-zero.pdf,https://www.brierleyhose.com.au/uploads/6/1/8/4/61849789/thermotec.pdf,PASS,,READY,manufacturer_supported,True,True,Product_Master_Bot_Sheet1_Validated.xlsx,cab733ff840db5bb8116e4869b42915772cd667d035912612bd78c0d35b4b5b7
Thermotec,Nuwrap5 - Half Roll,THERNUWRAP5KGHALFW1350L3MRL,Nuwrap5 - Half Roll,Yes,Pipe / Duct Lagging,Acoustic Composite,Pipe | Duct | Services Acoustic | Plumbing,Nuwrap5 - Half Roll,THERMOTEC_NUWRAP_5,NuWrap 5 Acoustic Pipe Lagging,knowledge/thermotec/nuwrap-5.md,R0.3,Not stated,NRC 0.30,Spec Total R-value; Spec Product R-value; Legacy performance,https://www.brierleyhose.com.au/uploads/6/1/8/4/61849789/thermotec-4-zero.pdf,https://www.brierleyhose.com.au/uploads/6/1/8/4/61849789/thermotec.pdf,REVIEW,Order Flag contains repeated 6712; confirm intended meaning; Order Quantity contains repeated 6712; confirm intended meaning,READY,manufacturer_supported,True,False,Product_Master_Bot_Sheet1_Validated.xlsx,cab733ff840db5bb8116e4869b42915772cd667d035912612bd78c0d35b4b5b7
Thermotec,E-FLEXHT13X13,THEREFLEXHTPIPEID13T13,E-FLEXHT13X13,Yes,Pipe Insulation,Elastomeric Foam,Pipe,E-FLEXHT13X13,THERMOTEC_E_FLEX_HT,E-Flex HT Solar Pipe Insulation,knowledge/thermotec/e-flex-ht.md,Review: R1.2 | R2.5,Not stated,Not stated,Spec Total R-value; Spec Product R-value; Legacy performance,https://www.brierleyhose.com.au/uploads/6/1/8/4/61849789/thermotec-4-zero.pdf,https://www.brierleyhose.com.au/uploads/6/1/8/4/61849789/thermotec.pdf,REVIEW,Material conflict between product and spec fields; Thermal R conflict between legacy and spec fields; Order Flag contains repeated 6712; confirm intended meaning; Order Quantity contains repeated 6712; confirm intended meaning,READY,manufacturer_supported,True,False,Product_Master_Bot_Sheet1_Validated.xlsx,cab733ff840db5bb8116e4869b42915772cd667d035912612bd78c0d35b4b5b7
Thermotec,E-FLEXHT16X13,THEREFLEXHTPIPEID16T13,E-FLEXHT16X13,Yes,Pipe Insulation,Elastomeric Foam,Pipe,E-FLEXHT16X13,THERMOTEC_E_FLEX_HT,E-Flex HT Solar Pipe Insulation,knowledge/thermotec/e-flex-ht.md,Review: R1.2 | R2.5,Not stated,Not stated,Spec Total R-value; Spec Product R-value; Legacy performance,https://www.brierleyhose.com.au/uploads/6/1/8/4/61849789/thermotec-4-zero.pdf,https://www.brierleyhose.com.au/uploads/6/1/8/4/61849789/thermotec.pdf,REVIEW,Material conflict between product and spec fields; Thermal R conflict between legacy and spec fields; Order Flag contains repeated 6712; confirm intended meaning; Order Quantity contains repeated 6712; confirm intended meaning,READY,manufacturer_supported,True,False,Product_Master_Bot_Sheet1_Validated.xlsx,cab733ff840db5bb8116e4869b42915772cd667d035912612bd78c0d35b4b5b7
Thermotec,4 Zero ZG13,THER4ZZG13PIPEID12P7T15L1000,4 Zero ZG13,Yes,Pipe Insulation,Elastomeric Foam,Pipe,4 Zero ZG13,THERMOTEC_4_ZERO,4-Zero Fire Retardant Pipe Insulation,knowledge/thermotec/4-zero-pipe-insulation.md,Review: R1.2 | R2.5,Not stated,Not stated,Spec Total R-value; Spec Product R-value; Legacy performance,https://www.brierleyhose.com.au/uploads/6/1/8/4/61849789/thermotec-4-zero.pdf,https://www.brierleyhose.com.au/uploads/6/1/8/4/61849789/thermotec.pdf,REVIEW,Material conflict between product and spec fields; Thermal R conflict between legacy and spec fields; Order Flag contains repeated 6712; confirm intended meaning; Order Quantity contains repeated 6712; confirm intended meaning,READY,manufacturer_supported,True,False,Product_Master_Bot_Sheet1_Validated.xlsx,cab733ff840db5bb8116e4869b42915772cd667d035912612bd78c0d35b4b5b7
Thermotec,4 Zero ZG20,THER4ZZG20PIPEID20T15L1000,4 Zero ZG20,Yes,Pipe Insulation,Elastomeric Foam,Pipe,4 Zero ZG20,THERMOTEC_4_ZERO,4-Zero Fire Retardant Pipe Insulation,knowledge/thermotec/4-zero-pipe-insulation.md,Review: R1.2 | R2.5,Not stated,Not stated,Spec Total R-value; Spec Product R-value; Legacy performance,https://www.brierleyhose.com.au/uploads/6/1/8/4/61849789/thermotec-4-zero.pdf,https://www.brierleyhose.com.au/uploads/6/1/8/4/61849789/thermotec.pdf,REVIEW,Material conflict between product and spec fields; Thermal R conflict between legacy and spec fields; Order Quantity contains repeated 6712; confirm intended meaning,READY,manufacturer_supported,True,False,Product_Master_Bot_Sheet1_Validated.xlsx,cab733ff840db5bb8116e4869b42915772cd667d035912612bd78c0d35b4b5b7
Thermotec,4 Zero ZG25,THER4ZZG25PIPEID25T15L1000,4 Zero ZG25,Yes,Pipe Insulation,Elastomeric Foam,Pipe,4 Zero ZG25,THERMOTEC_4_ZERO,4-Zero Fire Retardant Pipe Insulation,knowledge/thermotec/4-zero-pipe-insulation.md,Review: R1.2 | R2.5,Not stated,Not stated,Spec Total R-value; Spec Product R-value; Legacy performance,https://www.brierleyhose.com.au/uploads/6/1/8/4/61849789/thermotec-4-zero.pdf,https://www.brierleyhose.com.au/uploads/6/1/8/4/61849789/thermotec.pdf,REVIEW,Material conflict between product and spec fields; Thermal R conflict between legacy and spec fields; Order Flag contains repeated 6712; confirm intended meaning; Order Quantity contains repeated 6712; confirm intended meaning,READY,manufacturer_supported,True,False,Product_Master_Bot_Sheet1_Validated.xlsx,cab733ff840db5bb8116e4869b42915772cd667d035912612bd78c0d35b4b5b7
Thermotec,4 Zero ZG32,THER4ZZG32PIPEID32T15L1000,4 Zero ZG32,Yes,Pipe Insulation,Elastomeric Foam,Pipe,4 Zero ZG32,THERMOTEC_4_ZERO,4-Zero Fire Retardant Pipe Insulation,knowledge/thermotec/4-zero-pipe-insulation.md,Review: R1.2 | R2.5,Not stated,Not stated,Spec Total R-value; Spec Product R-value; Legacy performance,https://www.brierleyhose.com.au/uploads/6/1/8/4/61849789/thermotec-4-zero.pdf,https://www.brierleyhose.com.au/uploads/6/1/8/4/61849789/thermotec.pdf,REVIEW,Material conflict between product and spec fields; Thermal R conflict between legacy and spec fields; Order Flag contains repeated 6712; confirm intended meaning; Order Quantity contains repeated 6712; confirm intended meaning,READY,manufacturer_supported,True,False,Product_Master_Bot_Sheet1_Validated.xlsx,cab733ff840db5bb8116e4869b42915772cd667d035912612bd78c0d35b4b5b7
Thermotec,4 Zero ZG39,THER4ZZG39PIPEID38P1T15L1000,4 Zero ZG39,Yes,Pipe Insulation,Elastomeric Foam,Pipe,4 Zero ZG39,THERMOTEC_4_ZERO,4-Zero Fire Retardant Pipe Insulation,knowledge/thermotec/4-zero-pipe-insulation.md,Review: R1.2 | R2.5,Not stated,Not stated,Spec Total R-value; Spec Product R-value; Legacy performance,https://www.brierleyhose.com.au/uploads/6/1/8/4/61849789/thermotec-4-zero.pdf,https://www.brierleyhose.com.au/uploads/6/1/8/4/61849789/thermotec.pdf,REVIEW,Material conflict between product and spec fields; Thermal R conflict between legacy and spec fields,READY,manufacturer_supported,True,False,Product_Master_Bot_Sheet1_Validated.xlsx,cab733ff840db5bb8116e4869b42915772cd667d035912612bd78c0d35b4b5b7
Thermotec,4 Zero ZG51,THER4ZZG51PIPEID51T15L1000,4 Zero ZG51,Yes,Pipe Insulation,Elastomeric Foam,Pipe,4 Zero ZG51,THERMOTEC_4_ZERO,4-Zero Fire Retardant Pipe Insulation,knowledge/thermotec/4-zero-pipe-insulation.md,Review: R1.2 | R2.5,Not stated,Not stated,Spec Total R-value; Spec Product R-value; Legacy performance,https://www.brierleyhose.com.au/uploads/6/1/8/4/61849789/thermotec-4-zero.pdf,https://www.brierleyhose.com.au/uploads/6/1/8/4/61849789/thermotec.pdf,REVIEW,Material conflict between product and spec fields; Thermal R conflict between legacy and spec fields,READY,manufacturer_supported,True,False,Product_Master_Bot_Sheet1_Validated.xlsx,cab733ff840db5bb8116e4869b42915772cd667d035912612bd78c0d35b4b5b7
Thermotec,4 Zero ZG65,THER4ZZG65PIPEID63P5T15L1000,4 Zero ZG65,Yes,Pipe Insulation,Elastomeric Foam,Pipe,4 Zero ZG65,THERMOTEC_4_ZERO,4-Zero Fire Retardant Pipe Insulation,knowledge/thermotec/4-zero-pipe-insulation.md,Review: R1.2 | R2.5,Not stated,Not stated,Spec Total R-value; Spec Product R-value; Legacy performance,https://www.brierleyhose.com.au/uploads/6/1/8/4/61849789/thermotec-4-zero.pdf,https://www.brierleyhose.com.au/uploads/6/1/8/4/61849789/thermotec.pdf,REVIEW,Material conflict between product and spec fields; Thermal R conflict between legacy and spec fields,READY,manufacturer_supported,True,False,Product_Master_Bot_Sheet1_Validated.xlsx,cab733ff840db5bb8116e4869b42915772cd667d035912612bd78c0d35b4b5b7
Thermotec,4 Zero ZG76,THER4ZZG76PIPEID76P2T15L1000,4 Zero ZG76,Yes,Pipe Insulation,Elastomeric Foam,Pipe,4 Zero ZG76,THERMOTEC_4_ZERO,4-Zero Fire Retardant Pipe Insulation,knowledge/thermotec/4-zero-pipe-insulation.md,Review: R1.2 | R2.5,Not stated,Not stated,Spec Total R-value; Spec Product R-value; Legacy performance,https://www.brierleyhose.com.au/uploads/6/1/8/4/61849789/thermotec-4-zero.pdf,https://www.brierleyhose.com.au/uploads/6/1/8/4/61849789/thermotec.pdf,REVIEW,Material conflict between product and spec fields; Thermal R conflict between legacy and spec fields; Order Flag contains repeated 6712; confirm intended meaning; Order Quantity contains repeated 6712; confirm intended meaning,READY,manufacturer_supported,True,False,Product_Master_Bot_Sheet1_Validated.xlsx,cab733ff840db5bb8116e4869b42915772cd667d035912612bd78c0d35b4b5b7
Thermotec,4 Zero ZG89,THER4ZZG89PIPEID88P9T15L1000,4 Zero ZG89,Yes,Pipe Insulation,Elastomeric Foam,Pipe,4 Zero ZG89,THERMOTEC_4_ZERO,4-Zero Fire Retardant Pipe Insulation,knowledge/thermotec/4-zero-pipe-insulation.md,Review: R1.2 | R2.5,Not stated,Not stated,Spec Total R-value; Spec Product R-value; Legacy performance,https://www.brierleyhose.com.au/uploads/6/1/8/4/61849789/thermotec-4-zero.pdf,https://www.brierleyhose.com.au/uploads/6/1/8/4/61849789/thermotec.pdf,REVIEW,Material conflict between product and spec fields; Thermal R conflict between legacy and spec fields; Order Flag contains repeated 6712; confirm intended meaning; Order Quantity contains repeated 6712; confirm intended meaning,READY,manufacturer_supported,True,False,Product_Master_Bot_Sheet1_Validated.xlsx,cab733ff840db5bb8116e4869b42915772cd667d035912612bd78c0d35b4b5b7
Thermotec,4 Zero ZG102,THER4ZZG102PIPEID101P6T15L1000,4 Zero ZG102,Yes,Pipe Insulation,Elastomeric Foam,Pipe,4 Zero ZG102,THERMOTEC_4_ZERO,4-Zero Fire Retardant Pipe Insulation,knowledge/thermotec/4-zero-pipe-insulation.md,Review: R1.2 | R2.5,Not stated,Not stated,Spec Total R-value; Spec Product R-value; Legacy performance,https://www.brierleyhose.com.au/uploads/6/1/8/4/61849789/thermotec-4-zero.pdf,https://www.brierleyhose.com.au/uploads/6/1/8/4/61849789/thermotec.pdf,REVIEW,Material conflict between product and spec fields; Thermal R conflict between legacy and spec fields,READY,manufacturer_supported,True,False,Product_Master_Bot_Sheet1_Validated.xlsx,cab733ff840db5bb8116e4869b42915772cd667d035912612bd78c0d35b4b5b7
Thermotec,4 Zero ZL13,THER4ZZL13PIPEID12P7T20L1000,4 Zero ZL13,Yes,Pipe Insulation,Elastomeric Foam,Pipe,4 Zero ZL13,THERMOTEC_4_ZERO,4-Zero Fire Retardant Pipe Insulation,knowledge/thermotec/4-zero-pipe-insulation.md,Review: R1.2 | R2.5,Not stated,Not stated,Spec Total R-value; Spec Product R-value; Legacy performance,https://www.brierleyhose.com.au/uploads/6/1/8/4/61849789/thermotec-4-zero.pdf,https://www.brierleyhose.com.au/uploads/6/1/8/4/61849789/thermotec.pdf,REVIEW,Material conflict between product and spec fields; Thermal R conflict between legacy and spec fields; Order Flag contains repeated 6712; confirm intended meaning; Order Quantity contains repeated 6712; confirm intended meaning,READY,manufacturer_supported,True,False,Product_Master_Bot_Sheet1_Validated.xlsx,cab733ff840db5bb8116e4869b42915772cd667d035912612bd78c0d35b4b5b7
Thermotec,4 Zero ZL20,THER4ZZL20PIPEID20T20L1000,4 Zero ZL20,Yes,Pipe Insulation,Elastomeric Foam,Pipe,4 Zero ZL20,THERMOTEC_4_ZERO,4-Zero Fire Retardant Pipe Insulation,knowledge/thermotec/4-zero-pipe-insulation.md,Review: R1.2 | R2.5,Not stated,Not stated,Spec Total R-value; Spec Product R-value; Legacy performance,https://www.brierleyhose.com.au/uploads/6/1/8/4/61849789/thermotec-4-zero.pdf,https://www.brierleyhose.com.au/uploads/6/1/8/4/61849789/thermotec.pdf,REVIEW,Material conflict between product and spec fields; Thermal R conflict between legacy and spec fields; Order Flag contains repeated 6712; confirm intended meaning; Order Quantity contains repeated 6712; confirm intended meaning,READY,manufacturer_supported,True,False,Product_Master_Bot_Sheet1_Validated.xlsx,cab733ff840db5bb8116e4869b42915772cd667d035912612bd78c0d35b4b5b7
Thermotec,4 Zero ZL25,THER4ZZL25PIPEID25T20L1000,4 Zero ZL25,Yes,Pipe Insulation,Elastomeric Foam,Pipe,4 Zero ZL25,THERMOTEC_4_ZERO,4-Zero Fire Retardant Pipe Insulation,knowledge/thermotec/4-zero-pipe-insulation.md,Review: R1.2 | R2.5,Not stated,Not stated,Spec Total R-value; Spec Product R-value; Legacy performance,https://www.brierleyhose.com.au/uploads/6/1/8/4/61849789/thermotec-4-zero.pdf,https://www.brierleyhose.com.au/uploads/6/1/8/4/61849789/thermotec.pdf,REVIEW,Material conflict between product and spec fields; Thermal R conflict between legacy and spec fields; Order Flag contains repeated 6712; confirm intended meaning; Order Quantity contains repeated 6712; confirm intended meaning,READY,manufacturer_supported,True,False,Product_Master_Bot_Sheet1_Validated.xlsx,cab733ff840db5bb8116e4869b42915772cd667d035912612bd78c0d35b4b5b7
Thermotec,4 Zero ZL32,THER4ZZL32PIPEID32T20L1000,4 Zero ZL32,Yes,Pipe Insulation,Elastomeric Foam,Pipe,4 Zero ZL32,THERMOTEC_4_ZERO,4-Zero Fire Retardant Pipe Insulation,knowledge/thermotec/4-zero-pipe-insulation.md,Review: R1.2 | R2.5,Not stated,Not stated,Spec Total R-value; Spec Product R-value; Legacy performance,https://www.brierleyhose.com.au/uploads/6/1/8/4/61849789/thermotec-4-zero.pdf,https://www.brierleyhose.com.au/uploads/6/1/8/4/61849789/thermotec.pdf,REVIEW,Material conflict between product and spec fields; Thermal R conflict between legacy and spec fields; Order Flag contains repeated 6712; confirm intended meaning; Order Quantity contains repeated 6712; confirm intended meaning,READY,manufacturer_supported,True,False,Product_Master_Bot_Sheet1_Validated.xlsx,cab733ff840db5bb8116e4869b42915772cd667d035912612bd78c0d35b4b5b7
Thermotec,4 Zero ZL39,THER4ZZL39PIPEID38P1T20L1000,4 Zero ZL39,Yes,Pipe Insulation,Elastomeric Foam,Pipe,4 Zero ZL39,THERMOTEC_4_ZERO,4-Zero Fire Retardant Pipe Insulation,knowledge/thermotec/4-zero-pipe-insulation.md,Review: R1.2 | R2.5,Not stated,Not stated,Spec Total R-value; Spec Product R-value; Legacy performance,https://www.brierleyhose.com.au/uploads/6/1/8/4/61849789/thermotec-4-zero.pdf,https://www.brierleyhose.com.au/uploads/6/1/8/4/61849789/thermotec.pdf,REVIEW,Material conflict between product and spec fields; Thermal R conflict between legacy and spec fields; Order Flag contains repeated 6712; confirm intended meaning; Order Quantity contains repeated 6712; confirm intended meaning,READY,manufacturer_supported,True,False,Product_Master_Bot_Sheet1_Validated.xlsx,cab733ff840db5bb8116e4869b42915772cd667d035912612bd78c0d35b4b5b7
Thermotec,4 Zero ZL51,THER4ZZL51PIPEID51T20L1000,4 Zero ZL51,Yes,Pipe Insulation,Elastomeric Foam,Pipe,4 Zero ZL51,THERMOTEC_4_ZERO,4-Zero Fire Retardant Pipe Insulation,knowledge/thermotec/4-zero-pipe-insulation.md,Review: R1.2 | R2.5,Not stated,Not stated,Spec Total R-value; Spec Product R-value; Legacy performance,https://www.brierleyhose.com.au/uploads/6/1/8/4/61849789/thermotec-4-zero.pdf,https://www.brierleyhose.com.au/uploads/6/1/8/4/61849789/thermotec.pdf,REVIEW,Material conflict between product and spec fields; Thermal R conflict between legacy and spec fields; Order Flag contains repeated 6712; confirm intended meaning; Order Quantity contains repeated 6712; confirm intended meaning,READY,manufacturer_supported,True,False,Product_Master_Bot_Sheet1_Validated.xlsx,cab733ff840db5bb8116e4869b42915772cd667d035912612bd78c0d35b4b5b7
Thermotec,4 Zero ZL65,THER4ZZL65PIPEID63P5T20L1000,4 Zero ZL65,Yes,Pipe Insulation,Elastomeric Foam,Pipe,4 Zero ZL65,THERMOTEC_4_ZERO,4-Zero Fire Retardant Pipe Insulation,knowledge/thermotec/4-zero-pipe-insulation.md,Review: R1.2 | R2.5,Not stated,Not stated,Spec Total R-value; Spec Product R-value; Legacy performance,https://www.brierleyhose.com.au/uploads/6/1/8/4/61849789/thermotec-4-zero.pdf,https://www.brierleyhose.com.au/uploads/6/1/8/4/61849789/thermotec.pdf,REVIEW,Material conflict between product and spec fields; Thermal R conflict between legacy and spec fields; Order Flag contains repeated 6712; confirm intended meaning; Order Quantity contains repeated 6712; confirm intended meaning,READY,manufacturer_supported,True,False,Product_Master_Bot_Sheet1_Validated.xlsx,cab733ff840db5bb8116e4869b42915772cd667d035912612bd78c0d35b4b5b7
Thermotec,4 Zero ZL76,THER4ZZL76PIPEID76P2T20L1000,4 Zero ZL76,Yes,Pipe Insulation,Elastomeric Foam,Pipe,4 Zero ZL76,THERMOTEC_4_ZERO,4-Zero Fire Retardant Pipe Insulation,knowledge/thermotec/4-zero-pipe-insulation.md,Review: R1.2 | R2.5,Not stated,Not stated,Spec Total R-value; Spec Product R-value; Legacy performance,https://www.brierleyhose.com.au/uploads/6/1/8/4/61849789/thermotec-4-zero.pdf,https://www.brierleyhose.com.au/uploads/6/1/8/4/61849789/thermotec.pdf,REVIEW,Material conflict between product and spec fields; Thermal R conflict between legacy and spec fields; Order Flag contains repeated 6712; confirm intended meaning; Order Quantity contains repeated 6712; confirm intended meaning,READY,manufacturer_supported,True,False,Product_Master_Bot_Sheet1_Validated.xlsx,cab733ff840db5bb8116e4869b42915772cd667d035912612bd78c0d35b4b5b7
Thermotec,4 Zero ZL89,THER4ZZL89PIPEID88P9T20L1000,4 Zero ZL89,Yes,Pipe Insulation,Elastomeric Foam,Pipe,4 Zero ZL89,THERMOTEC_4_ZERO,4-Zero Fire Retardant Pipe Insulation,knowledge/thermotec/4-zero-pipe-insulation.md,Review: R1.2 | R2.5,Not stated,Not stated,Spec Total R-value; Spec Product R-value; Legacy performance,https://www.brierleyhose.com.au/uploads/6/1/8/4/61849789/thermotec-4-zero.pdf,https://www.brierleyhose.com.au/uploads/6/1/8/4/61849789/thermotec.pdf,REVIEW,Material conflict between product and spec fields; Thermal R conflict between legacy and spec fields; Order Flag contains repeated 6712; confirm intended meaning; Order Quantity contains repeated 6712; confirm intended meaning,READY,manufacturer_supported,True,False,Product_Master_Bot_Sheet1_Validated.xlsx,cab733ff840db5bb8116e4869b42915772cd667d035912612bd78c0d35b4b5b7
Thermotec,4 Zero ZL102,THER4ZZL102PIPEID101P6T20L1000,4 Zero ZL102,Yes,Pipe Insulation,Elastomeric Foam,Pipe,4 Zero ZL102,THERMOTEC_4_ZERO,4-Zero Fire Retardant Pipe Insulation,knowledge/thermotec/4-zero-pipe-insulation.md,Review: R1.2 | R2.5,Not stated,Not stated,Spec Total R-value; Spec Product R-value; Legacy performance,https://www.brierleyhose.com.au/uploads/6/1/8/4/61849789/thermotec-4-zero.pdf,https://www.brierleyhose.com.au/uploads/6/1/8/4/61849789/thermotec.pdf,REVIEW,Material conflict between product and spec fields; Thermal R conflict between legacy and spec fields; Order Flag contains repeated 6712; confirm intended meaning; Order Quantity contains repeated 6712; confirm intended meaning,READY,manufacturer_supported,True,False,Product_Master_Bot_Sheet1_Validated.xlsx,cab733ff840db5bb8116e4869b42915772cd667d035912612bd78c0d35b4b5b7
Thermotec,4 Zero ZLL13,THER4ZZLL13PIPEID12P7T25L1000,4 Zero ZLL13,Yes,Pipe Insulation,Elastomeric Foam,Pipe,4 Zero ZLL13,THERMOTEC_4_ZERO,4-Zero Fire Retardant Pipe Insulation,knowledge/thermotec/4-zero-pipe-insulation.md,Review: R1.2 | R2.5,Not stated,Not stated,Spec Total R-value; Spec Product R-value; Legacy performance,https://www.brierleyhose.com.au/uploads/6/1/8/4/61849789/thermotec-4-zero.pdf,https://www.brierleyhose.com.au/uploads/6/1/8/4/61849789/thermotec.pdf,REVIEW,Material conflict between product and spec fields; Thermal R conflict between legacy and spec fields; Order Flag contains repeated 6712; confirm intended meaning; Order Quantity contains repeated 6712; confirm intended meaning,READY,manufacturer_supported,True,False,Product_Master_Bot_Sheet1_Validated.xlsx,cab733ff840db5bb8116e4869b42915772cd667d035912612bd78c0d35b4b5b7
Thermotec,4 Zero ZLL20,THER4ZZLL20PIPEID20T25L1000,4 Zero ZLL20,Yes,Pipe Insulation,Elastomeric Foam,Pipe,4 Zero ZLL20,THERMOTEC_4_ZERO,4-Zero Fire Retardant Pipe Insulation,knowledge/thermotec/4-zero-pipe-insulation.md,Review: R1.2 | R2.5,Not stated,Not stated,Spec Total R-value; Spec Product R-value; Legacy performance,https://www.brierleyhose.com.au/uploads/6/1/8/4/61849789/thermotec-4-zero.pdf,https://www.brierleyhose.com.au/uploads/6/1/8/4/61849789/thermotec.pdf,REVIEW,Material conflict between product and spec fields; Thermal R conflict between legacy and spec fields; Order Flag contains repeated 6712; confirm intended meaning; Order Quantity contains repeated 6712; confirm intended meaning,READY,manufacturer_supported,True,False,Product_Master_Bot_Sheet1_Validated.xlsx,cab733ff840db5bb8116e4869b42915772cd667d035912612bd78c0d35b4b5b7
Thermotec,4 Zero ZLL25,THER4ZZLL25PIPEID25T25L1000,4 Zero ZLL25,Yes,Pipe Insulation,Elastomeric Foam,Pipe,4 Zero ZLL25,THERMOTEC_4_ZERO,4-Zero Fire Retardant Pipe Insulation,knowledge/thermotec/4-zero-pipe-insulation.md,Review: R1.2 | R2.5,Not stated,Not stated,Spec Total R-value; Spec Product R-value; Legacy performance,https://www.brierleyhose.com.au/uploads/6/1/8/4/61849789/thermotec-4-zero.pdf,https://www.brierleyhose.com.au/uploads/6/1/8/4/61849789/thermotec.pdf,REVIEW,Material conflict between product and spec fields; Thermal R conflict between legacy and spec fields; Order Flag contains repeated 6712; confirm intended meaning; Order Quantity contains repeated 6712; confirm intended meaning,READY,manufacturer_supported,True,False,Product_Master_Bot_Sheet1_Validated.xlsx,cab733ff840db5bb8116e4869b42915772cd667d035912612bd78c0d35b4b5b7
Thermotec,4 Zero ZLL32,THER4ZZLL32PIPEID32T25L1000,4 Zero ZLL32,Yes,Pipe Insulation,Elastomeric Foam,Pipe,4 Zero ZLL32,THERMOTEC_4_ZERO,4-Zero Fire Retardant Pipe Insulation,knowledge/thermotec/4-zero-pipe-insulation.md,Review: R1.2 | R2.5,Not stated,Not stated,Spec Total R-value; Spec Product R-value; Legacy performance,https://www.brierleyhose.com.au/uploads/6/1/8/4/61849789/thermotec-4-zero.pdf,https://www.brierleyhose.com.au/uploads/6/1/8/4/61849789/thermotec.pdf,REVIEW,Material conflict between product and spec fields; Thermal R conflict between legacy and spec fields; Order Flag contains repeated 6712; confirm intended meaning; Order Quantity contains repeated 6712; confirm intended meaning,READY,manufacturer_supported,True,False,Product_Master_Bot_Sheet1_Validated.xlsx,cab733ff840db5bb8116e4869b42915772cd667d035912612bd78c0d35b4b5b7
Thermotec,4 Zero ZLL39,THER4ZZLL39PIPEID38P1T25L1000,4 Zero ZLL39,Yes,Pipe Insulation,Elastomeric Foam,Pipe,4 Zero ZLL39,THERMOTEC_4_ZERO,4-Zero Fire Retardant Pipe Insulation,knowledge/thermotec/4-zero-pipe-insulation.md,Review: R1.2 | R2.5,Not stated,Not stated,Spec Total R-value; Spec Product R-value; Legacy performance,https://www.brierleyhose.com.au/uploads/6/1/8/4/61849789/thermotec-4-zero.pdf,https://www.brierleyhose.com.au/uploads/6/1/8/4/61849789/thermotec.pdf,REVIEW,Material conflict between product and spec fields; Thermal R conflict between legacy and spec fields; Order Flag contains repeated 6712; confirm intended meaning; Order Quantity contains repeated 6712; confirm intended meaning,READY,manufacturer_supported,True,False,Product_Master_Bot_Sheet1_Validated.xlsx,cab733ff840db5bb8116e4869b42915772cd667d035912612bd78c0d35b4b5b7
Thermotec,4 Zero ZLL51,THER4ZZLL51PIPEID51T25L1000,4 Zero ZLL51,Yes,Pipe Insulation,Elastomeric Foam,Pipe,4 Zero ZLL51,THERMOTEC_4_ZERO,4-Zero Fire Retardant Pipe Insulation,knowledge/thermotec/4-zero-pipe-insulation.md,Review: R1.2 | R2.5,Not stated,Not stated,Spec Total R-value; Spec Product R-value; Legacy performance,https://www.brierleyhose.com.au/uploads/6/1/8/4/61849789/thermotec-4-zero.pdf,https://www.brierleyhose.com.au/uploads/6/1/8/4/61849789/thermotec.pdf,REVIEW,Material conflict between product and spec fields; Thermal R conflict between legacy and spec fields,READY,manufacturer_supported,True,False,Product_Master_Bot_Sheet1_Validated.xlsx,cab733ff840db5bb8116e4869b42915772cd667d035912612bd78c0d35b4b5b7
Thermotec,4 Zero ZLL65,THER4ZZLL65PIPEID63P5T25L1000,4 Zero ZLL65,Yes,Pipe Insulation,Elastomeric Foam,Pipe,4 Zero ZLL65,THERMOTEC_4_ZERO,4-Zero Fire Retardant Pipe Insulation,knowledge/thermotec/4-zero-pipe-insulation.md,Review: R1.2 | R2.5,Not stated,Not stated,Spec Total R-value; Spec Product R-value; Legacy performance,https://www.brierleyhose.com.au/uploads/6/1/8/4/61849789/thermotec-4-zero.pdf,https://www.brierleyhose.com.au/uploads/6/1/8/4/61849789/thermotec.pdf,REVIEW,Material conflict between product and spec fields; Thermal R conflict between legacy and spec fields; Order Flag contains repeated 6712; confirm intended meaning; Order Quantity contains repeated 6712; confirm intended meaning,READY,manufacturer_supported,True,False,Product_Master_Bot_Sheet1_Validated.xlsx,cab733ff840db5bb8116e4869b42915772cd667d035912612bd78c0d35b4b5b7
Thermotec,4 Zero ZLL76,THER4ZZLL76PIPEID76P2T25L1000,4 Zero ZLL76,Yes,Pipe Insulation,Elastomeric Foam,Pipe,4 Zero ZLL76,THERMOTEC_4_ZERO,4-Zero Fire Retardant Pipe Insulation,knowledge/thermotec/4-zero-pipe-insulation.md,Review: R1.2 | R2.5,Not stated,Not stated,Spec Total R-value; Spec Product R-value; Legacy performance,https://www.brierleyhose.com.au/uploads/6/1/8/4/61849789/thermotec-4-zero.pdf,https://www.brierleyhose.com.au/uploads/6/1/8/4/61849789/thermotec.pdf,REVIEW,Material conflict between product and spec fields; Thermal R conflict between legacy and spec fields; Order Flag contains repeated 6712; confirm intended meaning; Order Quantity contains repeated 6712; confirm intended meaning,READY,manufacturer_supported,True,False,Product_Master_Bot_Sheet1_Validated.xlsx,cab733ff840db5bb8116e4869b42915772cd667d035912612bd78c0d35b4b5b7
Thermotec,4 Zero ZLL89,THER4ZZLL89PIPEID88P9T25L1000,4 Zero ZLL89,Yes,Pipe Insulation,Elastomeric Foam,Pipe,4 Zero ZLL89,THERMOTEC_4_ZERO,4-Zero Fire Retardant Pipe Insulation,knowledge/thermotec/4-zero-pipe-insulation.md,Review: R1.2 | R2.5,Not stated,Not stated,Spec Total R-value; Spec Product R-value; Legacy performance,https://www.brierleyhose.com.au/uploads/6/1/8/4/61849789/thermotec-4-zero.pdf,https://www.brierleyhose.com.au/uploads/6/1/8/4/61849789/thermotec.pdf,REVIEW,Material conflict between product and spec fields; Thermal R conflict between legacy and spec fields; Order Flag contains repeated 6712; confirm intended meaning; Order Quantity contains repeated 6712; confirm intended meaning,READY,manufacturer_supported,True,False,Product_Master_Bot_Sheet1_Validated.xlsx,cab733ff840db5bb8116e4869b42915772cd667d035912612bd78c0d35b4b5b7
Thermotec,4 Zero ZLL102,THER4ZZLL102PIPEID101P6T25,4 Zero ZLL102,Yes,Pipe Insulation,Elastomeric Foam,Pipe,4 Zero ZLL102,THERMOTEC_4_ZERO,4-Zero Fire Retardant Pipe Insulation,knowledge/thermotec/4-zero-pipe-insulation.md,Review: R1.2 | R2.5,Not stated,Not stated,Spec Total R-value; Spec Product R-value; Legacy performance,https://www.brierleyhose.com.au/uploads/6/1/8/4/61849789/thermotec-4-zero.pdf,https://www.brierleyhose.com.au/uploads/6/1/8/4/61849789/thermotec.pdf,REVIEW,Material conflict between product and spec fields; Thermal R conflict between legacy and spec fields; Order Flag contains repeated 6712; confirm intended meaning; Order Quantity contains repeated 6712; confirm intended meaning,READY,manufacturer_supported,True,False,Product_Master_Bot_Sheet1_Validated.xlsx,cab733ff840db5bb8116e4869b42915772cd667d035912612bd78c0d35b4b5b7
Thermotec,4 Zero ZM13,THER4ZZM13PIPEID12P7T30L1000,4 Zero ZM13,Yes,Pipe Insulation,Elastomeric Foam,Pipe,4 Zero ZM13,THERMOTEC_4_ZERO,4-Zero Fire Retardant Pipe Insulation,knowledge/thermotec/4-zero-pipe-insulation.md,Review: R1.2 | R2.5,Not stated,Not stated,Spec Total R-value; Spec Product R-value; Legacy performance,https://www.brierleyhose.com.au/uploads/6/1/8/4/61849789/thermotec-4-zero.pdf,https://www.brierleyhose.com.au/uploads/6/1/8/4/61849789/thermotec.pdf,REVIEW,Material conflict between product and spec fields; Thermal R conflict between legacy and spec fields; Order Flag contains repeated 6712; confirm intended meaning; Order Quantity contains repeated 6712; confirm intended meaning,READY,manufacturer_supported,True,False,Product_Master_Bot_Sheet1_Validated.xlsx,cab733ff840db5bb8116e4869b42915772cd667d035912612bd78c0d35b4b5b7
Thermotec,4 Zero ZM20,THER4ZZM20PIPEID20T30L1000,4 Zero ZM20,Yes,Pipe Insulation,Elastomeric Foam,Pipe,4 Zero ZM20,THERMOTEC_4_ZERO,4-Zero Fire Retardant Pipe Insulation,knowledge/thermotec/4-zero-pipe-insulation.md,Review: R1.2 | R2.5,Not stated,Not stated,Spec Total R-value; Spec Product R-value; Legacy performance,https://www.brierleyhose.com.au/uploads/6/1/8/4/61849789/thermotec-4-zero.pdf,https://www.brierleyhose.com.au/uploads/6/1/8/4/61849789/thermotec.pdf,REVIEW,Material conflict between product and spec fields; Thermal R conflict between legacy and spec fields; Order Flag contains repeated 6712; confirm intended meaning; Order Quantity contains repeated 6712; confirm intended meaning,READY,manufacturer_supported,True,False,Product_Master_Bot_Sheet1_Validated.xlsx,cab733ff840db5bb8116e4869b42915772cd667d035912612bd78c0d35b4b5b7
Thermotec,4 Zero ZM25,THER4ZZM25PIPEID25T30L1000,4 Zero ZM25,Yes,Pipe Insulation,Elastomeric Foam,Pipe,4 Zero ZM25,THERMOTEC_4_ZERO,4-Zero Fire Retardant Pipe Insulation,knowledge/thermotec/4-zero-pipe-insulation.md,Review: R1.2 | R2.5,Not stated,Not stated,Spec Total R-value; Spec Product R-value; Legacy performance,https://www.brierleyhose.com.au/uploads/6/1/8/4/61849789/thermotec-4-zero.pdf,https://www.brierleyhose.com.au/uploads/6/1/8/4/61849789/thermotec.pdf,REVIEW,Material conflict between product and spec fields; Thermal R conflict between legacy and spec fields; Order Flag contains repeated 6712; confirm intended meaning; Order Quantity contains repeated 6712; confirm intended meaning,READY,manufacturer_supported,True,False,Product_Master_Bot_Sheet1_Validated.xlsx,cab733ff840db5bb8116e4869b42915772cd667d035912612bd78c0d35b4b5b7
Thermotec,4 Zero ZM32,THER4ZZM32PIPEID32T30L1000,4 Zero ZM32,Yes,Pipe Insulation,Elastomeric Foam,Pipe,4 Zero ZM32,THERMOTEC_4_ZERO,4-Zero Fire Retardant Pipe Insulation,knowledge/thermotec/4-zero-pipe-insulation.md,Review: R1.2 | R2.5,Not stated,Not stated,Spec Total R-value; Spec Product R-value; Legacy performance,https://www.brierleyhose.com.au/uploads/6/1/8/4/61849789/thermotec-4-zero.pdf,https://www.brierleyhose.com.au/uploads/6/1/8/4/61849789/thermotec.pdf,REVIEW,Material conflict between product and spec fields; Thermal R conflict between legacy and spec fields; Order Flag contains repeated 6712; confirm intended meaning; Order Quantity contains repeated 6712; confirm intended meaning,READY,manufacturer_supported,True,False,Product_Master_Bot_Sheet1_Validated.xlsx,cab733ff840db5bb8116e4869b42915772cd667d035912612bd78c0d35b4b5b7
Thermotec,4 Zero ZM39,THER4ZZM39PIPEID38P1T30L1000,4 Zero ZM39,Yes,Pipe Insulation,Elastomeric Foam,Pipe,4 Zero ZM39,THERMOTEC_4_ZERO,4-Zero Fire Retardant Pipe Insulation,knowledge/thermotec/4-zero-pipe-insulation.md,Review: R1.2 | R2.5,Not stated,Not stated,Spec Total R-value; Spec Product R-value; Legacy performance,https://www.brierleyhose.com.au/uploads/6/1/8/4/61849789/thermotec-4-zero.pdf,https://www.brierleyhose.com.au/uploads/6/1/8/4/61849789/thermotec.pdf,REVIEW,Material conflict between product and spec fields; Thermal R conflict between legacy and spec fields; Order Flag contains repeated 6712; confirm intended meaning; Order Quantity contains repeated 6712; confirm intended meaning,READY,manufacturer_supported,True,False,Product_Master_Bot_Sheet1_Validated.xlsx,cab733ff840db5bb8116e4869b42915772cd667d035912612bd78c0d35b4b5b7
Thermotec,4 Zero ZM51,THER4ZZM51PIPEID51T30L1000,4 Zero ZM51,Yes,Pipe Insulation,Elastomeric Foam,Pipe,4 Zero ZM51,THERMOTEC_4_ZERO,4-Zero Fire Retardant Pipe Insulation,knowledge/thermotec/4-zero-pipe-insulation.md,Review: R1.2 | R2.5,Not stated,Not stated,Spec Total R-value; Spec Product R-value; Legacy performance,https://www.brierleyhose.com.au/uploads/6/1/8/4/61849789/thermotec-4-zero.pdf,https://www.brierleyhose.com.au/uploads/6/1/8/4/61849789/thermotec.pdf,REVIEW,Material conflict between product and spec fields; Thermal R conflict between legacy and spec fields,READY,manufacturer_supported,True,False,Product_Master_Bot_Sheet1_Validated.xlsx,cab733ff840db5bb8116e4869b42915772cd667d035912612bd78c0d35b4b5b7
Thermotec,4 Zero ZM65,THER4ZZM65PIPEID63P5T30L1000,4 Zero ZM65,Yes,Pipe Insulation,Elastomeric Foam,Pipe,4 Zero ZM65,THERMOTEC_4_ZERO,4-Zero Fire Retardant Pipe Insulation,knowledge/thermotec/4-zero-pipe-insulation.md,Review: R1.2 | R2.5,Not stated,Not stated,Spec Total R-value; Spec Product R-value; Legacy performance,https://www.brierleyhose.com.au/uploads/6/1/8/4/61849789/thermotec-4-zero.pdf,https://www.brierleyhose.com.au/uploads/6/1/8/4/61849789/thermotec.pdf,REVIEW,Material conflict between product and spec fields; Thermal R conflict between legacy and spec fields; Order Flag contains repeated 6712; confirm intended meaning; Order Quantity contains repeated 6712; confirm intended meaning,READY,manufacturer_supported,True,False,Product_Master_Bot_Sheet1_Validated.xlsx,cab733ff840db5bb8116e4869b42915772cd667d035912612bd78c0d35b4b5b7
Thermotec,4 Zero ZM76,THER4ZZM76PIPEID76P2T30L1000,4 Zero ZM76,Yes,Pipe Insulation,Elastomeric Foam,Pipe,4 Zero ZM76,THERMOTEC_4_ZERO,4-Zero Fire Retardant Pipe Insulation,knowledge/thermotec/4-zero-pipe-insulation.md,Review: R1.2 | R2.5,Not stated,Not stated,Spec Total R-value; Spec Product R-value; Legacy performance,https://www.brierleyhose.com.au/uploads/6/1/8/4/61849789/thermotec-4-zero.pdf,https://www.brierleyhose.com.au/uploads/6/1/8/4/61849789/thermotec.pdf,REVIEW,Material conflict between product and spec fields; Thermal R conflict between legacy and spec fields; Order Flag contains repeated 6712; confirm intended meaning; Order Quantity contains repeated 6712; confirm intended meaning,READY,manufacturer_supported,True,False,Product_Master_Bot_Sheet1_Validated.xlsx,cab733ff840db5bb8116e4869b42915772cd667d035912612bd78c0d35b4b5b7
Thermotec,4 Zero ZM89,THER4ZZM89PIPEID88P9T30L1000,4 Zero ZM89,Yes,Pipe Insulation,Elastomeric Foam,Pipe,4 Zero ZM89,THERMOTEC_4_ZERO,4-Zero Fire Retardant Pipe Insulation,knowledge/thermotec/4-zero-pipe-insulation.md,Review: R1.2 | R2.5,Not stated,Not stated,Spec Total R-value; Spec Product R-value; Legacy performance,https://www.brierleyhose.com.au/uploads/6/1/8/4/61849789/thermotec-4-zero.pdf,https://www.brierleyhose.com.au/uploads/6/1/8/4/61849789/thermotec.pdf,REVIEW,Material conflict between product and spec fields; Thermal R conflict between legacy and spec fields; Order Flag contains repeated 6712; confirm intended meaning; Order Quantity contains repeated 6712; confirm intended meaning,READY,manufacturer_supported,True,False,Product_Master_Bot_Sheet1_Validated.xlsx,cab733ff840db5bb8116e4869b42915772cd667d035912612bd78c0d35b4b5b7
Thermotec,4 Zero ZM102,THER4ZZM102PIPEID101P6T30L1000,4 Zero ZM102,Yes,Pipe Insulation,Elastomeric Foam,Pipe,4 Zero ZM102,THERMOTEC_4_ZERO,4-Zero Fire Retardant Pipe Insulation,knowledge/thermotec/4-zero-pipe-insulation.md,Review: R1.2 | R2.5,Not stated,Not stated,Spec Total R-value; Spec Product R-value; Legacy performance,https://www.brierleyhose.com.au/uploads/6/1/8/4/61849789/thermotec-4-zero.pdf,https://www.brierleyhose.com.au/uploads/6/1/8/4/61849789/thermotec.pdf,REVIEW,Material conflict between product and spec fields; Thermal R conflict between legacy and spec fields; Order Flag contains repeated 6712; confirm intended meaning; Order Quantity contains repeated 6712; confirm intended meaning,READY,manufacturer_supported,True,False,Product_Master_Bot_Sheet1_Validated.xlsx,cab733ff840db5bb8116e4869b42915772cd667d035912612bd78c0d35b4b5b7
Thermotec,4 Zero ZQ13,THER4ZZQ13PIPEID12P7T38L1000,4 Zero ZQ13,Yes,Pipe Insulation,Elastomeric Foam,Pipe,4 Zero ZQ13,THERMOTEC_4_ZERO,4-Zero Fire Retardant Pipe Insulation,knowledge/thermotec/4-zero-pipe-insulation.md,Review: R1.2 | R2.5,Not stated,Not stated,Spec Total R-value; Spec Product R-value; Legacy performance,https://www.brierleyhose.com.au/uploads/6/1/8/4/61849789/thermotec-4-zero.pdf,https://www.brierleyhose.com.au/uploads/6/1/8/4/61849789/thermotec.pdf,REVIEW,Material conflict between product and spec fields; Thermal R conflict between legacy and spec fields; Order Flag contains repeated 6712; confirm intended meaning; Order Quantity contains repeated 6712; confirm intended meaning,READY,manufacturer_supported,True,False,Product_Master_Bot_Sheet1_Validated.xlsx,cab733ff840db5bb8116e4869b42915772cd667d035912612bd78c0d35b4b5b7
Thermotec,4 Zero ZQ20,THER4ZZQ20PIPEID20T38L1000,4 Zero ZQ20,Yes,Pipe Insulation,Elastomeric Foam,Pipe,4 Zero ZQ20,THERMOTEC_4_ZERO,4-Zero Fire Retardant Pipe Insulation,knowledge/thermotec/4-zero-pipe-insulation.md,Review: R1.2 | R2.5,Not stated,Not stated,Spec Total R-value; Spec Product R-value; Legacy performance,https://www.brierleyhose.com.au/uploads/6/1/8/4/61849789/thermotec-4-zero.pdf,https://www.brierleyhose.com.au/uploads/6/1/8/4/61849789/thermotec.pdf,REVIEW,Material conflict between product and spec fields; Thermal R conflict between legacy and spec fields; Order Flag contains repeated 6712; confirm intended meaning; Order Quantity contains repeated 6712; confirm intended meaning,READY,manufacturer_supported,True,False,Product_Master_Bot_Sheet1_Validated.xlsx,cab733ff840db5bb8116e4869b42915772cd667d035912612bd78c0d35b4b5b7
Thermotec,4 Zero ZQ25,THER4ZZQ25PIPEID25T38L1000,4 Zero ZQ25,Yes,Pipe Insulation,Elastomeric Foam,Pipe,4 Zero ZQ25,THERMOTEC_4_ZERO,4-Zero Fire Retardant Pipe Insulation,knowledge/thermotec/4-zero-pipe-insulation.md,Review: R1.2 | R2.5,Not stated,Not stated,Spec Total R-value; Spec Product R-value; Legacy performance,https://www.brierleyhose.com.au/uploads/6/1/8/4/61849789/thermotec-4-zero.pdf,https://www.brierleyhose.com.au/uploads/6/1/8/4/61849789/thermotec.pdf,REVIEW,Material conflict between product and spec fields; Thermal R conflict between legacy and spec fields; Order Flag contains repeated 6712; confirm intended meaning; Order Quantity contains repeated 6712; confirm intended meaning,READY,manufacturer_supported,True,False,Product_Master_Bot_Sheet1_Validated.xlsx,cab733ff840db5bb8116e4869b42915772cd667d035912612bd78c0d35b4b5b7
Thermotec,4 Zero ZQ32,THER4ZZQ32PIPEID32T38L1000,4 Zero ZQ32,Yes,Pipe Insulation,Elastomeric Foam,Pipe,4 Zero ZQ32,THERMOTEC_4_ZERO,4-Zero Fire Retardant Pipe Insulation,knowledge/thermotec/4-zero-pipe-insulation.md,Review: R1.2 | R2.5,Not stated,Not stated,Spec Total R-value; Spec Product R-value; Legacy performance,https://www.brierleyhose.com.au/uploads/6/1/8/4/61849789/thermotec-4-zero.pdf,https://www.brierleyhose.com.au/uploads/6/1/8/4/61849789/thermotec.pdf,REVIEW,Material conflict between product and spec fields; Thermal R conflict between legacy and spec fields; Order Flag contains repeated 6712; confirm intended meaning; Order Quantity contains repeated 6712; confirm intended meaning,READY,manufacturer_supported,True,False,Product_Master_Bot_Sheet1_Validated.xlsx,cab733ff840db5bb8116e4869b42915772cd667d035912612bd78c0d35b4b5b7
Thermotec,4 Zero ZQ39,THER4ZZQ39PIPEID38P1T38L1000,4 Zero ZQ39,Yes,Pipe Insulation,Elastomeric Foam,Pipe,4 Zero ZQ39,THERMOTEC_4_ZERO,4-Zero Fire Retardant Pipe Insulation,knowledge/thermotec/4-zero-pipe-insulation.md,Review: R1.2 | R2.5,Not stated,Not stated,Spec Total R-value; Spec Product R-value; Legacy performance,https://www.brierleyhose.com.au/uploads/6/1/8/4/61849789/thermotec-4-zero.pdf,https://www.brierleyhose.com.au/uploads/6/1/8/4/61849789/thermotec.pdf,REVIEW,Material conflict between product and spec fields; Thermal R conflict between legacy and spec fields; Order Flag contains repeated 6712; confirm intended meaning; Order Quantity contains repeated 6712; confirm intended meaning,READY,manufacturer_supported,True,False,Product_Master_Bot_Sheet1_Validated.xlsx,cab733ff840db5bb8116e4869b42915772cd667d035912612bd78c0d35b4b5b7
Thermotec,4 Zero ZQ51,THER4ZZQ51PIPEID51T38L1000,4 Zero ZQ51,Yes,Pipe Insulation,Elastomeric Foam,Pipe,4 Zero ZQ51,THERMOTEC_4_ZERO,4-Zero Fire Retardant Pipe Insulation,knowledge/thermotec/4-zero-pipe-insulation.md,Review: R1.2 | R2.5,Not stated,Not stated,Spec Total R-value; Spec Product R-value; Legacy performance,https://www.brierleyhose.com.au/uploads/6/1/8/4/61849789/thermotec-4-zero.pdf,https://www.brierleyhose.com.au/uploads/6/1/8/4/61849789/thermotec.pdf,REVIEW,Material conflict between product and spec fields; Thermal R conflict between legacy and spec fields,READY,manufacturer_supported,True,False,Product_Master_Bot_Sheet1_Validated.xlsx,cab733ff840db5bb8116e4869b42915772cd667d035912612bd78c0d35b4b5b7
Thermotec,4 Zero ZQ65,THER4ZZQ65PIPEID63P5T38L1000,4 Zero ZQ65,Yes,Pipe Insulation,Elastomeric Foam,Pipe,4 Zero ZQ65,THERMOTEC_4_ZERO,4-Zero Fire Retardant Pipe Insulation,knowledge/thermotec/4-zero-pipe-insulation.md,Review: R1.2 | R2.5,Not stated,Not stated,Spec Total R-value; Spec Product R-value; Legacy performance,https://www.brierleyhose.com.au/uploads/6/1/8/4/61849789/thermotec-4-zero.pdf,https://www.brierleyhose.com.au/uploads/6/1/8/4/61849789/thermotec.pdf,REVIEW,Material conflict between product and spec fields; Thermal R conflict between legacy and spec fields; Order Flag contains repeated 6712; confirm intended meaning; Order Quantity contains repeated 6712; confirm intended meaning,READY,manufacturer_supported,True,False,Product_Master_Bot_Sheet1_Validated.xlsx,cab733ff840db5bb8116e4869b42915772cd667d035912612bd78c0d35b4b5b7
Thermotec,4 Zero ZQ76,THER4ZZQ76PIPEID76P2T38L1000,4 Zero ZQ76,Yes,Pipe Insulation,Elastomeric Foam,Pipe,4 Zero ZQ76,THERMOTEC_4_ZERO,4-Zero Fire Retardant Pipe Insulation,knowledge/thermotec/4-zero-pipe-insulation.md,Review: R1.2 | R2.5,Not stated,Not stated,Spec Total R-value; Spec Product R-value; Legacy performance,https://www.brierleyhose.com.au/uploads/6/1/8/4/61849789/thermotec-4-zero.pdf,https://www.brierleyhose.com.au/uploads/6/1/8/4/61849789/thermotec.pdf,REVIEW,Material conflict between product and spec fields; Thermal R conflict between legacy and spec fields; Order Quantity contains repeated 6712; confirm intended meaning,READY,manufacturer_supported,True,False,Product_Master_Bot_Sheet1_Validated.xlsx,cab733ff840db5bb8116e4869b42915772cd667d035912612bd78c0d35b4b5b7
Thermotec,4 Zero ZQ89,THER4ZZQ89PIPEID88P9T38L1000,4 Zero ZQ89,Yes,Pipe Insulation,Elastomeric Foam,Pipe,4 Zero ZQ89,THERMOTEC_4_ZERO,4-Zero Fire Retardant Pipe Insulation,knowledge/thermotec/4-zero-pipe-insulation.md,Review: R1.2 | R2.5,Not stated,Not stated,Spec Total R-value; Spec Product R-value; Legacy performance,https://www.brierleyhose.com.au/uploads/6/1/8/4/61849789/thermotec-4-zero.pdf,https://www.brierleyhose.com.au/uploads/6/1/8/4/61849789/thermotec.pdf,REVIEW,Material conflict between product and spec fields; Thermal R conflict between legacy and spec fields; Order Quantity contains repeated 6712; confirm intended meaning,READY,manufacturer_supported,True,False,Product_Master_Bot_Sheet1_Validated.xlsx,cab733ff840db5bb8116e4869b42915772cd667d035912612bd78c0d35b4b5b7
Thermotec,4 Zero ZQ102,THER4ZZQ102PIPEID101P6T38L1000,4 Zero ZQ102,Yes,Pipe Insulation,Elastomeric Foam,Pipe,4 Zero ZQ102,THERMOTEC_4_ZERO,4-Zero Fire Retardant Pipe Insulation,knowledge/thermotec/4-zero-pipe-insulation.md,Review: R1.2 | R2.5,Not stated,Not stated,Spec Total R-value; Spec Product R-value; Legacy performance,https://www.brierleyhose.com.au/uploads/6/1/8/4/61849789/thermotec-4-zero.pdf,https://www.brierleyhose.com.au/uploads/6/1/8/4/61849789/thermotec.pdf,REVIEW,Material conflict between product and spec fields; Thermal R conflict between legacy and spec fields; Order Quantity contains repeated 6712; confirm intended meaning,READY,manufacturer_supported,True,False,Product_Master_Bot_Sheet1_Validated.xlsx,cab733ff840db5bb8116e4869b42915772cd667d035912612bd78c0d35b4b5b7
Thermotec,4 Zero ZQ110,THER4ZZQ110PIPEID110T38L1000,4 Zero ZQ110,Yes,Pipe Insulation,Elastomeric Foam,Pipe,4 Zero ZQ110,THERMOTEC_4_ZERO,4-Zero Fire Retardant Pipe Insulation,knowledge/thermotec/4-zero-pipe-insulation.md,Review: R1.2 | R2.5,Not stated,Not stated,Spec Total R-value; Spec Product R-value; Legacy performance,https://www.brierleyhose.com.au/uploads/6/1/8/4/61849789/thermotec-4-zero.pdf,https://www.brierleyhose.com.au/uploads/6/1/8/4/61849789/thermotec.pdf,REVIEW,Material conflict between product and spec fields; Thermal R conflict between legacy and spec fields; Order Quantity contains repeated 6712; confirm intended meaning,READY,manufacturer_supported,True,False,Product_Master_Bot_Sheet1_Validated.xlsx,cab733ff840db5bb8116e4869b42915772cd667d035912612bd78c0d35b4b5b7
Thermotec,4 Zero ZR13,THER4ZZR13PIPEID12P7T50L1000,4 Zero ZR13,Yes,Pipe Insulation,Elastomeric Foam,Pipe,4 Zero ZR13,THERMOTEC_4_ZERO,4-Zero Fire Retardant Pipe Insulation,knowledge/thermotec/4-zero-pipe-insulation.md,Review: R1.2 | R2.5 | R13 | R1.3,Not stated,Not stated,Spec Total R-value; Spec Product R-value; Legacy performance,https://www.brierleyhose.com.au/uploads/6/1/8/4/61849789/thermotec-4-zero.pdf,https://www.brierleyhose.com.au/uploads/6/1/8/4/61849789/thermotec.pdf,REVIEW,Material conflict between product and spec fields; Thermal R conflict between legacy and spec fields; Order Quantity contains repeated 6712; confirm intended meaning,READY,manufacturer_supported,True,False,Product_Master_Bot_Sheet1_Validated.xlsx,cab733ff840db5bb8116e4869b42915772cd667d035912612bd78c0d35b4b5b7
Thermotec,4 Zero ZR20,THER4ZZR20PIPEID20T50L1000,4 Zero ZR20,Yes,Pipe Insulation,Elastomeric Foam,Pipe,4 Zero ZR20,THERMOTEC_4_ZERO,4-Zero Fire Retardant Pipe Insulation,knowledge/thermotec/4-zero-pipe-insulation.md,Review: R1.2 | R2.5 | R20 | R2.0,Not stated,Not stated,Spec Total R-value; Spec Product R-value; Legacy performance,https://www.brierleyhose.com.au/uploads/6/1/8/4/61849789/thermotec-4-zero.pdf,https://www.brierleyhose.com.au/uploads/6/1/8/4/61849789/thermotec.pdf,REVIEW,Material conflict between product and spec fields; Thermal R conflict between legacy and spec fields; Order Quantity contains repeated 6712; confirm intended meaning,READY,manufacturer_supported,True,False,Product_Master_Bot_Sheet1_Validated.xlsx,cab733ff840db5bb8116e4869b42915772cd667d035912612bd78c0d35b4b5b7
Thermotec,4 Zero ZR25,THER4ZZR25PIPEID25T50L1000,4 Zero ZR25,Yes,Pipe Insulation,Elastomeric Foam,Pipe,4 Zero ZR25,THERMOTEC_4_ZERO,4-Zero Fire Retardant Pipe Insulation,knowledge/thermotec/4-zero-pipe-insulation.md,Review: R1.2 | R2.5 | R25,Not stated,Not stated,Spec Total R-value; Spec Product R-value; Legacy performance,https://www.brierleyhose.com.au/uploads/6/1/8/4/61849789/thermotec-4-zero.pdf,https://www.brierleyhose.com.au/uploads/6/1/8/4/61849789/thermotec.pdf,REVIEW,Material conflict between product and spec fields; Thermal R conflict between legacy and spec fields; Order Quantity contains repeated 6712; confirm intended meaning,READY,manufacturer_supported,True,False,Product_Master_Bot_Sheet1_Validated.xlsx,cab733ff840db5bb8116e4869b42915772cd667d035912612bd78c0d35b4b5b7
Thermotec,4 Zero ZR32,THER4ZZR32PIPEID32T50L1000,4 Zero ZR32,Yes,Pipe Insulation,Elastomeric Foam,Pipe,4 Zero ZR32,THERMOTEC_4_ZERO,4-Zero Fire Retardant Pipe Insulation,knowledge/thermotec/4-zero-pipe-insulation.md,Review: R1.2 | R2.5 | R32 | R3.2,Not stated,Not stated,Spec Total R-value; Spec Product R-value; Legacy performance,https://www.brierleyhose.com.au/uploads/6/1/8/4/61849789/thermotec-4-zero.pdf,https://www.brierleyhose.com.au/uploads/6/1/8/4/61849789/thermotec.pdf,REVIEW,Material conflict between product and spec fields; Thermal R conflict between legacy and spec fields; Order Quantity contains repeated 6712; confirm intended meaning,READY,manufacturer_supported,True,False,Product_Master_Bot_Sheet1_Validated.xlsx,cab733ff840db5bb8116e4869b42915772cd667d035912612bd78c0d35b4b5b7
Thermotec,4 Zero ZR39,THER4ZZR39PIPEID38P1T50L1000,4 Zero ZR39,Yes,Pipe Insulation,Elastomeric Foam,Pipe,4 Zero ZR39,THERMOTEC_4_ZERO,4-Zero Fire Retardant Pipe Insulation,knowledge/thermotec/4-zero-pipe-insulation.md,Review: R1.2 | R2.5 | R39,Not stated,Not stated,Spec Total R-value; Spec Product R-value; Legacy performance,https://www.brierleyhose.com.au/uploads/6/1/8/4/61849789/thermotec-4-zero.pdf,https://www.brierleyhose.com.au/uploads/6/1/8/4/61849789/thermotec.pdf,REVIEW,Material conflict between product and spec fields; Thermal R conflict between legacy and spec fields; Order Quantity contains repeated 6712; confirm intended meaning,READY,manufacturer_supported,True,False,Product_Master_Bot_Sheet1_Validated.xlsx,cab733ff840db5bb8116e4869b42915772cd667d035912612bd78c0d35b4b5b7
Thermotec,4 Zero ZR51,THER4ZZR51PIPEID51T50L1000,4 Zero ZR51,Yes,Pipe Insulation,Elastomeric Foam,Pipe,4 Zero ZR51,THERMOTEC_4_ZERO,4-Zero Fire Retardant Pipe Insulation,knowledge/thermotec/4-zero-pipe-insulation.md,Review: R1.2 | R2.5 | R51,Not stated,Not stated,Spec Total R-value; Spec Product R-value; Legacy performance,https://www.brierleyhose.com.au/uploads/6/1/8/4/61849789/thermotec-4-zero.pdf,https://www.brierleyhose.com.au/uploads/6/1/8/4/61849789/thermotec.pdf,REVIEW,Material conflict between product and spec fields; Thermal R conflict between legacy and spec fields; Order Quantity contains repeated 6712; confirm intended meaning,READY,manufacturer_supported,True,False,Product_Master_Bot_Sheet1_Validated.xlsx,cab733ff840db5bb8116e4869b42915772cd667d035912612bd78c0d35b4b5b7
Thermotec,4 Zero ZR65,THER4ZZR65PIPEID63P5T50L1000,4 Zero ZR65,Yes,Pipe Insulation,Elastomeric Foam,Pipe,4 Zero ZR65,THERMOTEC_4_ZERO,4-Zero Fire Retardant Pipe Insulation,knowledge/thermotec/4-zero-pipe-insulation.md,Review: R1.2 | R2.5 | R65,Not stated,Not stated,Spec Total R-value; Spec Product R-value; Legacy performance,https://www.brierleyhose.com.au/uploads/6/1/8/4/61849789/thermotec-4-zero.pdf,https://www.brierleyhose.com.au/uploads/6/1/8/4/61849789/thermotec.pdf,REVIEW,Material conflict between product and spec fields; Thermal R conflict between legacy and spec fields; Order Quantity contains repeated 6712; confirm intended meaning,READY,manufacturer_supported,True,False,Product_Master_Bot_Sheet1_Validated.xlsx,cab733ff840db5bb8116e4869b42915772cd667d035912612bd78c0d35b4b5b7
Thermotec,4 Zero ZR76,THER4ZZR76PIPEID76P2T50L1000,4 Zero ZR76,Yes,Pipe Insulation,Elastomeric Foam,Pipe,4 Zero ZR76,THERMOTEC_4_ZERO,4-Zero Fire Retardant Pipe Insulation,knowledge/thermotec/4-zero-pipe-insulation.md,Review: R1.2 | R2.5 | R76,Not stated,Not stated,Spec Total R-value; Spec Product R-value; Legacy performance,https://www.brierleyhose.com.au/uploads/6/1/8/4/61849789/thermotec-4-zero.pdf,https://www.brierleyhose.com.au/uploads/6/1/8/4/61849789/thermotec.pdf,REVIEW,Material conflict between product and spec fields; Thermal R conflict between legacy and spec fields; Order Quantity contains repeated 6712; confirm intended meaning,READY,manufacturer_supported,True,False,Product_Master_Bot_Sheet1_Validated.xlsx,cab733ff840db5bb8116e4869b42915772cd667d035912612bd78c0d35b4b5b7
Thermotec,4 Zero ZR89,THER4ZZR89PIPEID88P9T50L1000,4 Zero ZR89,Yes,Pipe Insulation,Elastomeric Foam,Pipe,4 Zero ZR89,THERMOTEC_4_ZERO,4-Zero Fire Retardant Pipe Insulation,knowledge/thermotec/4-zero-pipe-insulation.md,Review: R1.2 | R2.5 | R89,Not stated,Not stated,Spec Total R-value; Spec Product R-value; Legacy performance,https://www.brierleyhose.com.au/uploads/6/1/8/4/61849789/thermotec-4-zero.pdf,https://www.brierleyhose.com.au/uploads/6/1/8/4/61849789/thermotec.pdf,REVIEW,Material conflict between product and spec fields; Thermal R conflict between legacy and spec fields; Order Quantity contains repeated 6712; confirm intended meaning,READY,manufacturer_supported,True,False,Product_Master_Bot_Sheet1_Validated.xlsx,cab733ff840db5bb8116e4869b42915772cd667d035912612bd78c0d35b4b5b7
Thermotec,4 Zero ZR102,THER4ZZR102PIPEID101P6T50L1000,4 Zero ZR102,Yes,Pipe Insulation,Elastomeric Foam,Pipe,4 Zero ZR102,THERMOTEC_4_ZERO,4-Zero Fire Retardant Pipe Insulation,knowledge/thermotec/4-zero-pipe-insulation.md,Review: R1.2 | R2.5 | R102,Not stated,Not stated,Spec Total R-value; Spec Product R-value; Legacy performance,https://www.brierleyhose.com.au/uploads/6/1/8/4/61849789/thermotec-4-zero.pdf,https://www.brierleyhose.com.au/uploads/6/1/8/4/61849789/thermotec.pdf,REVIEW,Material conflict between product and spec fields; Thermal R conflict between legacy and spec fields; Order Quantity contains repeated 6712; confirm intended meaning,READY,manufacturer_supported,True,False,Product_Master_Bot_Sheet1_Validated.xlsx,cab733ff840db5bb8116e4869b42915772cd667d035912612bd78c0d35b4b5b7
Thermotec,E-flex ST 9mm Wall * 6mm,THEREFLEXSTPIPEID6T9L2000,E-flex ST 9mm Wall * 6mm,Yes,Pipe Insulation,Elastomeric Foam,Pipe,E-flex ST 9mm Wall * 6mm,THERMOTEC_E_FLEX_ST,E-Flex ST Pipe Insulation,knowledge/thermotec/e-flex-st.md,Review: R1.2 | R2.5,Not stated,Not stated,Spec Total R-value; Spec Product R-value; Legacy performance,https://www.brierleyhose.com.au/uploads/6/1/8/4/61849789/thermotec-4-zero.pdf,https://www.brierleyhose.com.au/uploads/6/1/8/4/61849789/thermotec.pdf,REVIEW,Material conflict between product and spec fields; Thermal R conflict between legacy and spec fields; Order Quantity contains repeated 6712; confirm intended meaning,READY,manufacturer_supported,True,False,Product_Master_Bot_Sheet1_Validated.xlsx,cab733ff840db5bb8116e4869b42915772cd667d035912612bd78c0d35b4b5b7
Thermotec,E-flex ST 13mm Wall * 6mm,THEREFLEXSTPIPEID6T13L2000,E-flex ST 13mm Wall * 6mm,Yes,Pipe Insulation,Elastomeric Foam,Pipe,E-flex ST 13mm Wall * 6mm,THERMOTEC_E_FLEX_ST,E-Flex ST Pipe Insulation,knowledge/thermotec/e-flex-st.md,Review: R1.2 | R2.5,Not stated,Not stated,Spec Total R-value; Spec Product R-value; Legacy performance,https://www.brierleyhose.com.au/uploads/6/1/8/4/61849789/thermotec-4-zero.pdf,https://www.brierleyhose.com.au/uploads/6/1/8/4/61849789/thermotec.pdf,REVIEW,Material conflict between product and spec fields; Thermal R conflict between legacy and spec fields; Order Quantity contains repeated 6712; confirm intended meaning,READY,manufacturer_supported,True,False,Product_Master_Bot_Sheet1_Validated.xlsx,cab733ff840db5bb8116e4869b42915772cd667d035912612bd78c0d35b4b5b7
Thermotec,E-flex ST 19mm Wall * 6mm,THEREFLEXSTPIPEID6T19L2000,E-flex ST 19mm Wall * 6mm,Yes,Pipe Insulation,Elastomeric Foam,Pipe,E-flex ST 19mm Wall * 6mm,THERMOTEC_E_FLEX_ST,E-Flex ST Pipe Insulation,knowledge/thermotec/e-flex-st.md,Review: R1.2 | R2.5,Not stated,Not stated,Spec Total R-value; Spec Product R-value; Legacy performance,https://www.brierleyhose.com.au/uploads/6/1/8/4/61849789/thermotec-4-zero.pdf,https://www.brierleyhose.com.au/uploads/6/1/8/4/61849789/thermotec.pdf,REVIEW,Material conflict between product and spec fields; Thermal R conflict between legacy and spec fields; Order Quantity contains repeated 6712; confirm intended meaning,READY,manufacturer_supported,True,False,Product_Master_Bot_Sheet1_Validated.xlsx,cab733ff840db5bb8116e4869b42915772cd667d035912612bd78c0d35b4b5b7
Thermotec,E-flex ST 25mm Wall * 6mm,THEREFLEXSTPIPEID6T25L2000,E-flex ST 25mm Wall * 6mm,Yes,Pipe Insulation,Elastomeric Foam,Pipe,E-flex ST 25mm Wall * 6mm,THERMOTEC_E_FLEX_ST,E-Flex ST Pipe Insulation,knowledge/thermotec/e-flex-st.md,Review: R1.2 | R2.5,Not stated,Not stated,Spec Total R-value; Spec Product R-value; Legacy performance,https://www.brierleyhose.com.au/uploads/6/1/8/4/61849789/thermotec-4-zero.pdf,https://www.brierleyhose.com.au/uploads/6/1/8/4/61849789/thermotec.pdf,REVIEW,Material conflict between product and spec fields; Thermal R conflict between legacy and spec fields; Order Quantity contains repeated 6712; confirm intended meaning,READY,manufacturer_supported,True,False,Product_Master_Bot_Sheet1_Validated.xlsx,cab733ff840db5bb8116e4869b42915772cd667d035912612bd78c0d35b4b5b7
Thermotec,E-flex ST 9mm Wall * 9mm,THEREFLEXSTPIPEID9T9L2000,E-flex ST 9mm Wall * 9mm,Yes,Pipe Insulation,Elastomeric Foam,Pipe,E-flex ST 9mm Wall * 9mm,THERMOTEC_E_FLEX_ST,E-Flex ST Pipe Insulation,knowledge/thermotec/e-flex-st.md,Review: R1.2 | R2.5,Not stated,Not stated,Spec Total R-value; Spec Product R-value; Legacy performance,https://www.brierleyhose.com.au/uploads/6/1/8/4/61849789/thermotec-4-zero.pdf,https://www.brierleyhose.com.au/uploads/6/1/8/4/61849789/thermotec.pdf,REVIEW,Material conflict between product and spec fields; Thermal R conflict between legacy and spec fields; Order Quantity contains repeated 6712; confirm intended meaning,READY,manufacturer_supported,True,False,Product_Master_Bot_Sheet1_Validated.xlsx,cab733ff840db5bb8116e4869b42915772cd667d035912612bd78c0d35b4b5b7
Thermotec,E-flex ST 13mm Wall * 9mm,THEREFLEXSTPIPEID9T13L2000,E-flex ST 13mm Wall * 9mm,Yes,Pipe Insulation,Elastomeric Foam,Pipe,E-flex ST 13mm Wall * 9mm,THERMOTEC_E_FLEX_ST,E-Flex ST Pipe Insulation,knowledge/thermotec/e-flex-st.md,Review: R1.2 | R2.5,Not stated,Not stated,Spec Total R-value; Spec Product R-value; Legacy performance,https://www.brierleyhose.com.au/uploads/6/1/8/4/61849789/thermotec-4-zero.pdf,https://www.brierleyhose.com.au/uploads/6/1/8/4/61849789/thermotec.pdf,REVIEW,Material conflict between product and spec fields; Thermal R conflict between legacy and spec fields; Order Quantity contains repeated 6712; confirm intended meaning,READY,manufacturer_supported,True,False,Product_Master_Bot_Sheet1_Validated.xlsx,cab733ff840db5bb8116e4869b42915772cd667d035912612bd78c0d35b4b5b7
Thermotec,E-flex ST 19mm Wall * 9mm,THEREFLEXSTPIPEID9T19L2000,E-flex ST 19mm Wall * 9mm,Yes,Pipe Insulation,Elastomeric Foam,Pipe,E-flex ST 19mm Wall * 9mm,THERMOTEC_E_FLEX_ST,E-Flex ST Pipe Insulation,knowledge/thermotec/e-flex-st.md,Review: R1.2 | R2.5,Not stated,Not stated,Spec Total R-value; Spec Product R-value; Legacy performance,https://www.brierleyhose.com.au/uploads/6/1/8/4/61849789/thermotec-4-zero.pdf,https://www.brierleyhose.com.au/uploads/6/1/8/4/61849789/thermotec.pdf,REVIEW,Material conflict between product and spec fields; Thermal R conflict between legacy and spec fields; Order Quantity contains repeated 6712; confirm intended meaning,READY,manufacturer_supported,True,False,Product_Master_Bot_Sheet1_Validated.xlsx,cab733ff840db5bb8116e4869b42915772cd667d035912612bd78c0d35b4b5b7
Thermotec,E-flex ST 25mm Wall * 9mm,THEREFLEXSTPIPEID9T25L2000,E-flex ST 25mm Wall * 9mm,Yes,Pipe Insulation,Elastomeric Foam,Pipe,E-flex ST 25mm Wall * 9mm,THERMOTEC_E_FLEX_ST,E-Flex ST Pipe Insulation,knowledge/thermotec/e-flex-st.md,Review: R1.2 | R2.5,Not stated,Not stated,Spec Total R-value; Spec Product R-value; Legacy performance,https://www.brierleyhose.com.au/uploads/6/1/8/4/61849789/thermotec-4-zero.pdf,https://www.brierleyhose.com.au/uploads/6/1/8/4/61849789/thermotec.pdf,REVIEW,Material conflict between product and spec fields; Thermal R conflict between legacy and spec fields; Order Quantity contains repeated 6712; confirm intended meaning,READY,manufacturer_supported,True,False,Product_Master_Bot_Sheet1_Validated.xlsx,cab733ff840db5bb8116e4869b42915772cd667d035912612bd78c0d35b4b5b7
Thermotec,E-flex ST 9mm Wall * 13mm,THEREFLEXSTPIPEID13T9L2000,E-flex ST 9mm Wall * 13mm,Yes,Pipe Insulation,Elastomeric Foam,Pipe,E-flex ST 9mm Wall * 13mm,THERMOTEC_E_FLEX_ST,E-Flex ST Pipe Insulation,knowledge/thermotec/e-flex-st.md,Review: R1.2 | R2.5,Not stated,Not stated,Spec Total R-value; Spec Product R-value; Legacy performance,https://www.brierleyhose.com.au/uploads/6/1/8/4/61849789/thermotec-4-zero.pdf,https://www.brierleyhose.com.au/uploads/6/1/8/4/61849789/thermotec.pdf,REVIEW,Material conflict between product and spec fields; Thermal R conflict between legacy and spec fields; Order Quantity contains repeated 6712; confirm intended meaning,READY,manufacturer_supported,True,False,Product_Master_Bot_Sheet1_Validated.xlsx,cab733ff840db5bb8116e4869b42915772cd667d035912612bd78c0d35b4b5b7
Thermotec,E-flex ST 13mm Wall * 13mm,THEREFLEXSTPIPEID13T13L2000,E-flex ST 13mm Wall * 13mm,Yes,Pipe Insulation,Elastomeric Foam,Pipe,E-flex ST 13mm Wall * 13mm,THERMOTEC_E_FLEX_ST,E-Flex ST Pipe Insulation,knowledge/thermotec/e-flex-st.md,Review: R1.2 | R2.5,Not stated,Not stated,Spec Total R-value; Spec Product R-value; Legacy performance,https://www.brierleyhose.com.au/uploads/6/1/8/4/61849789/thermotec-4-zero.pdf,https://www.brierleyhose.com.au/uploads/6/1/8/4/61849789/thermotec.pdf,REVIEW,Material conflict between product and spec fields; Thermal R conflict between legacy and spec fields; Order Quantity contains repeated 6712; confirm intended meaning,READY,manufacturer_supported,True,False,Product_Master_Bot_Sheet1_Validated.xlsx,cab733ff840db5bb8116e4869b42915772cd667d035912612bd78c0d35b4b5b7
Thermotec,E-flex ST 19mm Wall * 13mm,THEREFLEXSTPIPEID13T19L2000,E-flex ST 19mm Wall * 13mm,Yes,Pipe Insulation,Elastomeric Foam,Pipe,E-flex ST 19mm Wall * 13mm,THERMOTEC_E_FLEX_ST,E-Flex ST Pipe Insulation,knowledge/thermotec/e-flex-st.md,Review: R1.2 | R2.5,Not stated,Not stated,Spec Total R-value; Spec Product R-value; Legacy performance,https://www.brierleyhose.com.au/uploads/6/1/8/4/61849789/thermotec-4-zero.pdf,https://www.brierleyhose.com.au/uploads/6/1/8/4/61849789/thermotec.pdf,REVIEW,Material conflict between product and spec fields; Thermal R conflict between legacy and spec fields; Order Quantity contains repeated 6712; confirm intended meaning,READY,manufacturer_supported,True,False,Product_Master_Bot_Sheet1_Validated.xlsx,cab733ff840db5bb8116e4869b42915772cd667d035912612bd78c0d35b4b5b7
Thermotec,E-flex ST 25mm Wall * 13mm,THEREFLEXSTPIPEID13T25L2000,E-flex ST 25mm Wall * 13mm,Yes,Pipe Insulation,Elastomeric Foam,Pipe,E-flex ST 25mm Wall * 13mm,THERMOTEC_E_FLEX_ST,E-Flex ST Pipe Insulation,knowledge/thermotec/e-flex-st.md,Review: R1.2 | R2.5,Not stated,Not stated,Spec Total R-value; Spec Product R-value; Legacy performance,https://www.brierleyhose.com.au/uploads/6/1/8/4/61849789/thermotec-4-zero.pdf,https://www.brierleyhose.com.au/uploads/6/1/8/4/61849789/thermotec.pdf,REVIEW,Material conflict between product and spec fields; Thermal R conflict between legacy and spec fields; Order Quantity contains repeated 6712; confirm intended meaning,READY,manufacturer_supported,True,False,Product_Master_Bot_Sheet1_Validated.xlsx,cab733ff840db5bb8116e4869b42915772cd667d035912612bd78c0d35b4b5b7
Thermotec,E-flex ST 9mm Wall * 16mm,THEREFLEXSTPIPEID16T9L2000,E-flex ST 9mm Wall * 16mm,Yes,Pipe Insulation,Elastomeric Foam,Pipe,E-flex ST 9mm Wall * 16mm,THERMOTEC_E_FLEX_ST,E-Flex ST Pipe Insulation,knowledge/thermotec/e-flex-st.md,Review: R1.2 | R2.5,Not stated,Not stated,Spec Total R-value; Spec Product R-value; Legacy performance,https://www.brierleyhose.com.au/uploads/6/1/8/4/61849789/thermotec-4-zero.pdf,https://www.brierleyhose.com.au/uploads/6/1/8/4/61849789/thermotec.pdf,REVIEW,Material conflict between product and spec fields; Thermal R conflict between legacy and spec fields; Order Quantity contains repeated 6712; confirm intended meaning,READY,manufacturer_supported,True,False,Product_Master_Bot_Sheet1_Validated.xlsx,cab733ff840db5bb8116e4869b42915772cd667d035912612bd78c0d35b4b5b7
Thermotec,E-flex ST 13mm Wall * 16mm,THEREFLEXSTPIPEID16T13L2000,E-flex ST 13mm Wall * 16mm,Yes,Pipe Insulation,Elastomeric Foam,Pipe,E-flex ST 13mm Wall * 16mm,THERMOTEC_E_FLEX_ST,E-Flex ST Pipe Insulation,knowledge/thermotec/e-flex-st.md,Review: R1.2 | R2.5,Not stated,Not stated,Spec Total R-value; Spec Product R-value; Legacy performance,https://www.brierleyhose.com.au/uploads/6/1/8/4/61849789/thermotec-4-zero.pdf,https://www.brierleyhose.com.au/uploads/6/1/8/4/61849789/thermotec.pdf,REVIEW,Material conflict between product and spec fields; Thermal R conflict between legacy and spec fields; Order Quantity contains repeated 6712; confirm intended meaning,READY,manufacturer_supported,True,False,Product_Master_Bot_Sheet1_Validated.xlsx,cab733ff840db5bb8116e4869b42915772cd667d035912612bd78c0d35b4b5b7
Thermotec,E-flex ST 19mm Wall * 16mm,THEREFLEXSTPIPEID16T19L2000,E-flex ST 19mm Wall * 16mm,Yes,Pipe Insulation,Elastomeric Foam,Pipe,E-flex ST 19mm Wall * 16mm,THERMOTEC_E_FLEX_ST,E-Flex ST Pipe Insulation,knowledge/thermotec/e-flex-st.md,Review: R1.2 | R2.5,Not stated,Not stated,Spec Total R-value; Spec Product R-value; Legacy performance,https://www.brierleyhose.com.au/uploads/6/1/8/4/61849789/thermotec-4-zero.pdf,https://www.brierleyhose.com.au/uploads/6/1/8/4/61849789/thermotec.pdf,REVIEW,Material conflict between product and spec fields; Thermal R conflict between legacy and spec fields; Order Quantity contains repeated 6712; confirm intended meaning,READY,manufacturer_supported,True,False,Product_Master_Bot_Sheet1_Validated.xlsx,cab733ff840db5bb8116e4869b42915772cd667d035912612bd78c0d35b4b5b7
Thermotec,E-flex ST 25mm Wall * 16mm,THEREFLEXSTPIPEID16T25L2000,E-flex ST 25mm Wall * 16mm,Yes,Pipe Insulation,Elastomeric Foam,Pipe,E-flex ST 25mm Wall * 16mm,THERMOTEC_E_FLEX_ST,E-Flex ST Pipe Insulation,knowledge/thermotec/e-flex-st.md,Review: R1.2 | R2.5,Not stated,Not stated,Spec Total R-value; Spec Product R-value; Legacy performance,https://www.brierleyhose.com.au/uploads/6/1/8/4/61849789/thermotec-4-zero.pdf,https://www.brierleyhose.com.au/uploads/6/1/8/4/61849789/thermotec.pdf,REVIEW,Material conflict between product and spec fields; Thermal R conflict between legacy and spec fields; Order Quantity contains repeated 6712; confirm intended meaning,READY,manufacturer_supported,True,False,Product_Master_Bot_Sheet1_Validated.xlsx,cab733ff840db5bb8116e4869b42915772cd667d035912612bd78c0d35b4b5b7
Thermotec,E-flex ST 9mm Wall * 19mm,THEREFLEXSTPIPEID19T9L2000,E-flex ST 9mm Wall * 19mm,Yes,Pipe Insulation,Elastomeric Foam,Pipe,E-flex ST 9mm Wall * 19mm,THERMOTEC_E_FLEX_ST,E-Flex ST Pipe Insulation,knowledge/thermotec/e-flex-st.md,Review: R1.2 | R2.5,Not stated,Not stated,Spec Total R-value; Spec Product R-value; Legacy performance,https://www.brierleyhose.com.au/uploads/6/1/8/4/61849789/thermotec-4-zero.pdf,https://www.brierleyhose.com.au/uploads/6/1/8/4/61849789/thermotec.pdf,REVIEW,Material conflict between product and spec fields; Thermal R conflict between legacy and spec fields; Order Quantity contains repeated 6712; confirm intended meaning,READY,manufacturer_supported,True,False,Product_Master_Bot_Sheet1_Validated.xlsx,cab733ff840db5bb8116e4869b42915772cd667d035912612bd78c0d35b4b5b7
Thermotec,E-flex ST 13mm Wall * 19mm,THEREFLEXSTPIPEID19T13L2000,E-flex ST 13mm Wall * 19mm,Yes,Pipe Insulation,Elastomeric Foam,Pipe,E-flex ST 13mm Wall * 19mm,THERMOTEC_E_FLEX_ST,E-Flex ST Pipe Insulation,knowledge/thermotec/e-flex-st.md,Review: R1.2 | R2.5,Not stated,Not stated,Spec Total R-value; Spec Product R-value; Legacy performance,https://www.brierleyhose.com.au/uploads/6/1/8/4/61849789/thermotec-4-zero.pdf,https://www.brierleyhose.com.au/uploads/6/1/8/4/61849789/thermotec.pdf,REVIEW,Material conflict between product and spec fields; Thermal R conflict between legacy and spec fields; Order Quantity contains repeated 6712; confirm intended meaning,READY,manufacturer_supported,True,False,Product_Master_Bot_Sheet1_Validated.xlsx,cab733ff840db5bb8116e4869b42915772cd667d035912612bd78c0d35b4b5b7
Thermotec,E-flex ST 19mm Wall * 19mm,THEREFLEXSTPIPEID19T19L2000,E-flex ST 19mm Wall * 19mm,Yes,Pipe Insulation,Elastomeric Foam,Pipe,E-flex ST 19mm Wall * 19mm,THERMOTEC_E_FLEX_ST,E-Flex ST Pipe Insulation,knowledge/thermotec/e-flex-st.md,Review: R1.2 | R2.5,Not stated,Not stated,Spec Total R-value; Spec Product R-value; Legacy performance,https://www.brierleyhose.com.au/uploads/6/1/8/4/61849789/thermotec-4-zero.pdf,https://www.brierleyhose.com.au/uploads/6/1/8/4/61849789/thermotec.pdf,REVIEW,Material conflict between product and spec fields; Thermal R conflict between legacy and spec fields; Order Quantity contains repeated 6712; confirm intended meaning,READY,manufacturer_supported,True,False,Product_Master_Bot_Sheet1_Validated.xlsx,cab733ff840db5bb8116e4869b42915772cd667d035912612bd78c0d35b4b5b7
Thermotec,E-flex ST 25mm Wall * 19mm,THEREFLEXSTPIPEID19T25L2000,E-flex ST 25mm Wall * 19mm,Yes,Pipe Insulation,Elastomeric Foam,Pipe,E-flex ST 25mm Wall * 19mm,THERMOTEC_E_FLEX_ST,E-Flex ST Pipe Insulation,knowledge/thermotec/e-flex-st.md,Review: R1.2 | R2.5,Not stated,Not stated,Spec Total R-value; Spec Product R-value; Legacy performance,https://www.brierleyhose.com.au/uploads/6/1/8/4/61849789/thermotec-4-zero.pdf,https://www.brierleyhose.com.au/uploads/6/1/8/4/61849789/thermotec.pdf,REVIEW,Material conflict between product and spec fields; Thermal R conflict between legacy and spec fields; Order Quantity contains repeated 6712; confirm intended meaning,READY,manufacturer_supported,True,False,Product_Master_Bot_Sheet1_Validated.xlsx,cab733ff840db5bb8116e4869b42915772cd667d035912612bd78c0d35b4b5b7
Thermotec,E-flex ST 38mm Wall * 19mm,THEREFLEXSTPIPEID19T38L2000,E-flex ST 38mm Wall * 19mm,Yes,Pipe Insulation,Elastomeric Foam,Pipe,E-flex ST 38mm Wall * 19mm,THERMOTEC_E_FLEX_ST,E-Flex ST Pipe Insulation,knowledge/thermotec/e-flex-st.md,Review: R1.2 | R2.5,Not stated,Not stated,Spec Total R-value; Spec Product R-value; Legacy performance,https://www.brierleyhose.com.au/uploads/6/1/8/4/61849789/thermotec-4-zero.pdf,https://www.brierleyhose.com.au/uploads/6/1/8/4/61849789/thermotec.pdf,REVIEW,Material conflict between product and spec fields; Thermal R conflict between legacy and spec fields; Order Quantity contains repeated 6712; confirm intended meaning,READY,manufacturer_supported,True,False,Product_Master_Bot_Sheet1_Validated.xlsx,cab733ff840db5bb8116e4869b42915772cd667d035912612bd78c0d35b4b5b7
Thermotec,E-flex ST 9mm Wall * 22mm,THEREFLEXSTPIPEID22T9L2000,E-flex ST 9mm Wall * 22mm,Yes,Pipe Insulation,Elastomeric Foam,Pipe,E-flex ST 9mm Wall * 22mm,THERMOTEC_E_FLEX_ST,E-Flex ST Pipe Insulation,knowledge/thermotec/e-flex-st.md,Review: R1.2 | R2.5,Not stated,Not stated,Spec Total R-value; Spec Product R-value; Legacy performance,https://www.brierleyhose.com.au/uploads/6/1/8/4/61849789/thermotec-4-zero.pdf,https://www.brierleyhose.com.au/uploads/6/1/8/4/61849789/thermotec.pdf,REVIEW,Material conflict between product and spec fields; Thermal R conflict between legacy and spec fields; Order Quantity contains repeated 6712; confirm intended meaning,READY,manufacturer_supported,True,False,Product_Master_Bot_Sheet1_Validated.xlsx,cab733ff840db5bb8116e4869b42915772cd667d035912612bd78c0d35b4b5b7
Thermotec,E-flex ST 13mm Wall * 22mm,THEREFLEXSTPIPEID22T13L2000,E-flex ST 13mm Wall * 22mm,Yes,Pipe Insulation,Elastomeric Foam,Pipe,E-flex ST 13mm Wall * 22mm,THERMOTEC_E_FLEX_ST,E-Flex ST Pipe Insulation,knowledge/thermotec/e-flex-st.md,Review: R1.2 | R2.5,Not stated,Not stated,Spec Total R-value; Spec Product R-value; Legacy performance,https://www.brierleyhose.com.au/uploads/6/1/8/4/61849789/thermotec-4-zero.pdf,https://www.brierleyhose.com.au/uploads/6/1/8/4/61849789/thermotec.pdf,REVIEW,Material conflict between product and spec fields; Thermal R conflict between legacy and spec fields; Order Quantity contains repeated 6712; confirm intended meaning,READY,manufacturer_supported,True,False,Product_Master_Bot_Sheet1_Validated.xlsx,cab733ff840db5bb8116e4869b42915772cd667d035912612bd78c0d35b4b5b7
Thermotec,E-flex ST 19mm Wall * 22mm,THEREFLEXSTPIPEID22T19L2000,E-flex ST 19mm Wall * 22mm,Yes,Pipe Insulation,Elastomeric Foam,Pipe,E-flex ST 19mm Wall * 22mm,THERMOTEC_E_FLEX_ST,E-Flex ST Pipe Insulation,knowledge/thermotec/e-flex-st.md,Review: R1.2 | R2.5,Not stated,Not stated,Spec Total R-value; Spec Product R-value; Legacy performance,https://www.brierleyhose.com.au/uploads/6/1/8/4/61849789/thermotec-4-zero.pdf,https://www.brierleyhose.com.au/uploads/6/1/8/4/61849789/thermotec.pdf,REVIEW,Material conflict between product and spec fields; Thermal R conflict between legacy and spec fields; Order Quantity contains repeated 6712; confirm intended meaning,READY,manufacturer_supported,True,False,Product_Master_Bot_Sheet1_Validated.xlsx,cab733ff840db5bb8116e4869b42915772cd667d035912612bd78c0d35b4b5b7
Thermotec,E-flex ST 25mm Wall * 22mm,THEREFLEXSTPIPEID22T25L2000,E-flex ST 25mm Wall * 22mm,Yes,Pipe Insulation,Elastomeric Foam,Pipe,E-flex ST 25mm Wall * 22mm,THERMOTEC_E_FLEX_ST,E-Flex ST Pipe Insulation,knowledge/thermotec/e-flex-st.md,Review: R1.2 | R2.5,Not stated,Not stated,Spec Total R-value; Spec Product R-value; Legacy performance,https://www.brierleyhose.com.au/uploads/6/1/8/4/61849789/thermotec-4-zero.pdf,https://www.brierleyhose.com.au/uploads/6/1/8/4/61849789/thermotec.pdf,REVIEW,Material conflict between product and spec fields; Thermal R conflict between legacy and spec fields; Order Quantity contains repeated 6712; confirm intended meaning,READY,manufacturer_supported,True,False,Product_Master_Bot_Sheet1_Validated.xlsx,cab733ff840db5bb8116e4869b42915772cd667d035912612bd78c0d35b4b5b7
Thermotec,E-flex ST 9mm Wall * 25mm,THEREFLEXSTPIPEID25T9L2000,E-flex ST 9mm Wall * 25mm,Yes,Pipe Insulation,Elastomeric Foam,Pipe,E-flex ST 9mm Wall * 25mm,THERMOTEC_E_FLEX_ST,E-Flex ST Pipe Insulation,knowledge/thermotec/e-flex-st.md,Review: R1.2 | R2.5,Not stated,Not stated,Spec Total R-value; Spec Product R-value; Legacy performance,https://www.brierleyhose.com.au/uploads/6/1/8/4/61849789/thermotec-4-zero.pdf,https://www.brierleyhose.com.au/uploads/6/1/8/4/61849789/thermotec.pdf,REVIEW,Material conflict between product and spec fields; Thermal R conflict between legacy and spec fields; Order Quantity contains repeated 6712; confirm intended meaning,READY,manufacturer_supported,True,False,Product_Master_Bot_Sheet1_Validated.xlsx,cab733ff840db5bb8116e4869b42915772cd667d035912612bd78c0d35b4b5b7
Thermotec,E-flex ST 13mm Wall * 25mm,THEREFLEXSTPIPEID25T13L2000,E-flex ST 13mm Wall * 25mm,Yes,Pipe Insulation,Elastomeric Foam,Pipe,E-flex ST 13mm Wall * 25mm,THERMOTEC_E_FLEX_ST,E-Flex ST Pipe Insulation,knowledge/thermotec/e-flex-st.md,Review: R1.2 | R2.5,Not stated,Not stated,Spec Total R-value; Spec Product R-value; Legacy performance,https://www.brierleyhose.com.au/uploads/6/1/8/4/61849789/thermotec-4-zero.pdf,https://www.brierleyhose.com.au/uploads/6/1/8/4/61849789/thermotec.pdf,REVIEW,Material conflict between product and spec fields; Thermal R conflict between legacy and spec fields; Order Quantity contains repeated 6712; confirm intended meaning,READY,manufacturer_supported,True,False,Product_Master_Bot_Sheet1_Validated.xlsx,cab733ff840db5bb8116e4869b42915772cd667d035912612bd78c0d35b4b5b7
Thermotec,E-flex ST 19mm Wall * 25mm,THEREFLEXSTPIPEID25T19L2000,E-flex ST 19mm Wall * 25mm,Yes,Pipe Insulation,Elastomeric Foam,Pipe,E-flex ST 19mm Wall * 25mm,THERMOTEC_E_FLEX_ST,E-Flex ST Pipe Insulation,knowledge/thermotec/e-flex-st.md,Review: R1.2 | R2.5,Not stated,Not stated,Spec Total R-value; Spec Product R-value; Legacy performance,https://www.brierleyhose.com.au/uploads/6/1/8/4/61849789/thermotec-4-zero.pdf,https://www.brierleyhose.com.au/uploads/6/1/8/4/61849789/thermotec.pdf,REVIEW,Material conflict between product and spec fields; Thermal R conflict between legacy and spec fields; Order Quantity contains repeated 6712; confirm intended meaning,READY,manufacturer_supported,True,False,Product_Master_Bot_Sheet1_Validated.xlsx,cab733ff840db5bb8116e4869b42915772cd667d035912612bd78c0d35b4b5b7
Thermotec,E-flex ST 25mm Wall * 25mm,THEREFLEXSTPIPEID25T25L2000,E-flex ST 25mm Wall * 25mm,Yes,Pipe Insulation,Elastomeric Foam,Pipe,E-flex ST 25mm Wall * 25mm,THERMOTEC_E_FLEX_ST,E-Flex ST Pipe Insulation,knowledge/thermotec/e-flex-st.md,Review: R1.2 | R2.5,Not stated,Not stated,Spec Total R-value; Spec Product R-value; Legacy performance,https://www.brierleyhose.com.au/uploads/6/1/8/4/61849789/thermotec-4-zero.pdf,https://www.brierleyhose.com.au/uploads/6/1/8/4/61849789/thermotec.pdf,REVIEW,Material conflict between product and spec fields; Thermal R conflict between legacy and spec fields; Order Quantity contains repeated 6712; confirm intended meaning,READY,manufacturer_supported,True,False,Product_Master_Bot_Sheet1_Validated.xlsx,cab733ff840db5bb8116e4869b42915772cd667d035912612bd78c0d35b4b5b7
Thermotec,E-flex ST 9mm Wall * 28mm,THEREFLEXSTPIPEID28T9L2000,E-flex ST 9mm Wall * 28mm,Yes,Pipe Insulation,Elastomeric Foam,Pipe,E-flex ST 9mm Wall * 28mm,THERMOTEC_E_FLEX_ST,E-Flex ST Pipe Insulation,knowledge/thermotec/e-flex-st.md,Review: R1.2 | R2.5,Not stated,Not stated,Spec Total R-value; Spec Product R-value; Legacy performance,https://www.brierleyhose.com.au/uploads/6/1/8/4/61849789/thermotec-4-zero.pdf,https://www.brierleyhose.com.au/uploads/6/1/8/4/61849789/thermotec.pdf,REVIEW,Material conflict between product and spec fields; Thermal R conflict between legacy and spec fields; Order Quantity contains repeated 6712; confirm intended meaning,READY,manufacturer_supported,True,False,Product_Master_Bot_Sheet1_Validated.xlsx,cab733ff840db5bb8116e4869b42915772cd667d035912612bd78c0d35b4b5b7
Thermotec,E-flex ST 13mm Wall * 28mm,THEREFLEXSTPIPEID28T13L2000,E-flex ST 13mm Wall * 28mm,Yes,Pipe Insulation,Elastomeric Foam,Pipe,E-flex ST 13mm Wall * 28mm,THERMOTEC_E_FLEX_ST,E-Flex ST Pipe Insulation,knowledge/thermotec/e-flex-st.md,Review: R1.2 | R2.5,Not stated,Not stated,Spec Total R-value; Spec Product R-value; Legacy performance,https://www.brierleyhose.com.au/uploads/6/1/8/4/61849789/thermotec-4-zero.pdf,https://www.brierleyhose.com.au/uploads/6/1/8/4/61849789/thermotec.pdf,REVIEW,Material conflict between product and spec fields; Thermal R conflict between legacy and spec fields; Order Quantity contains repeated 6712; confirm intended meaning,READY,manufacturer_supported,True,False,Product_Master_Bot_Sheet1_Validated.xlsx,cab733ff840db5bb8116e4869b42915772cd667d035912612bd78c0d35b4b5b7
Thermotec,E-flex ST 19mm Wall * 28mm,THEREFLEXSTPIPEID28T19L2000,E-flex ST 19mm Wall * 28mm,Yes,Pipe Insulation,Elastomeric Foam,Pipe,E-flex ST 19mm Wall * 28mm,THERMOTEC_E_FLEX_ST,E-Flex ST Pipe Insulation,knowledge/thermotec/e-flex-st.md,Review: R1.2 | R2.5,Not stated,Not stated,Spec Total R-value; Spec Product R-value; Legacy performance,https://www.brierleyhose.com.au/uploads/6/1/8/4/61849789/thermotec-4-zero.pdf,https://www.brierleyhose.com.au/uploads/6/1/8/4/61849789/thermotec.pdf,REVIEW,Material conflict between product and spec fields; Thermal R conflict between legacy and spec fields; Order Quantity contains repeated 6712; confirm intended meaning,READY,manufacturer_supported,True,False,Product_Master_Bot_Sheet1_Validated.xlsx,cab733ff840db5bb8116e4869b42915772cd667d035912612bd78c0d35b4b5b7
Thermotec,E-flex ST 25mm Wall * 28mm,THEREFLEXSTPIPEID28T25L2000,E-flex ST 25mm Wall * 28mm,Yes,Pipe Insulation,Elastomeric Foam,Pipe,E-flex ST 25mm Wall * 28mm,THERMOTEC_E_FLEX_ST,E-Flex ST Pipe Insulation,knowledge/thermotec/e-flex-st.md,Review: R1.2 | R2.5,Not stated,Not stated,Spec Total R-value; Spec Product R-value; Legacy performance,https://www.brierleyhose.com.au/uploads/6/1/8/4/61849789/thermotec-4-zero.pdf,https://www.brierleyhose.com.au/uploads/6/1/8/4/61849789/thermotec.pdf,REVIEW,Material conflict between product and spec fields; Thermal R conflict between legacy and spec fields; Order Quantity contains repeated 6712; confirm intended meaning,READY,manufacturer_supported,True,False,Product_Master_Bot_Sheet1_Validated.xlsx,cab733ff840db5bb8116e4869b42915772cd667d035912612bd78c0d35b4b5b7
Thermotec,E-flex ST 38mm Wall * 28mm,THEREFLEXSTPIPEID28T38L2000,E-flex ST 38mm Wall * 28mm,Yes,Pipe Insulation,Elastomeric Foam,Pipe,E-flex ST 38mm Wall * 28mm,THERMOTEC_E_FLEX_ST,E-Flex ST Pipe Insulation,knowledge/thermotec/e-flex-st.md,Review: R1.2 | R2.5,Not stated,Not stated,Spec Total R-value; Spec Product R-value; Legacy performance,https://www.brierleyhose.com.au/uploads/6/1/8/4/61849789/thermotec-4-zero.pdf,https://www.brierleyhose.com.au/uploads/6/1/8/4/61849789/thermotec.pdf,REVIEW,Material conflict between product and spec fields; Thermal R conflict between legacy and spec fields; Order Quantity contains repeated 6712; confirm intended meaning,READY,manufacturer_supported,True,False,Product_Master_Bot_Sheet1_Validated.xlsx,cab733ff840db5bb8116e4869b42915772cd667d035912612bd78c0d35b4b5b7
Thermotec,E-flex ST 9mm Wall * 32mm,THEREFLEXSTPIPEID32T9L2000,E-flex ST 9mm Wall * 32mm,Yes,Pipe Insulation,Elastomeric Foam,Pipe,E-flex ST 9mm Wall * 32mm,THERMOTEC_E_FLEX_ST,E-Flex ST Pipe Insulation,knowledge/thermotec/e-flex-st.md,Review: R1.2 | R2.5,Not stated,Not stated,Spec Total R-value; Spec Product R-value; Legacy performance,https://www.brierleyhose.com.au/uploads/6/1/8/4/61849789/thermotec-4-zero.pdf,https://www.brierleyhose.com.au/uploads/6/1/8/4/61849789/thermotec.pdf,REVIEW,Material conflict between product and spec fields; Thermal R conflict between legacy and spec fields; Order Quantity contains repeated 6712; confirm intended meaning,READY,manufacturer_supported,True,False,Product_Master_Bot_Sheet1_Validated.xlsx,cab733ff840db5bb8116e4869b42915772cd667d035912612bd78c0d35b4b5b7
Thermotec,E-flex ST 13mm Wall * 32mm,THEREFLEXSTPIPEID32T13L2000,E-flex ST 13mm Wall * 32mm,Yes,Pipe Insulation,Elastomeric Foam,Pipe,E-flex ST 13mm Wall * 32mm,THERMOTEC_E_FLEX_ST,E-Flex ST Pipe Insulation,knowledge/thermotec/e-flex-st.md,Review: R1.2 | R2.5,Not stated,Not stated,Spec Total R-value; Spec Product R-value; Legacy performance,https://www.brierleyhose.com.au/uploads/6/1/8/4/61849789/thermotec-4-zero.pdf,https://www.brierleyhose.com.au/uploads/6/1/8/4/61849789/thermotec.pdf,REVIEW,Material conflict between product and spec fields; Thermal R conflict between legacy and spec fields; Order Quantity contains repeated 6712; confirm intended meaning,READY,manufacturer_supported,True,False,Product_Master_Bot_Sheet1_Validated.xlsx,cab733ff840db5bb8116e4869b42915772cd667d035912612bd78c0d35b4b5b7
Thermotec,E-flex ST 19mm Wall * 32mm,THEREFLEXSTPIPEID32T19L2000,E-flex ST 19mm Wall * 32mm,Yes,Pipe Insulation,Elastomeric Foam,Pipe,E-flex ST 19mm Wall * 32mm,THERMOTEC_E_FLEX_ST,E-Flex ST Pipe Insulation,knowledge/thermotec/e-flex-st.md,Review: R1.2 | R2.5,Not stated,Not stated,Spec Total R-value; Spec Product R-value; Legacy performance,https://www.brierleyhose.com.au/uploads/6/1/8/4/61849789/thermotec-4-zero.pdf,https://www.brierleyhose.com.au/uploads/6/1/8/4/61849789/thermotec.pdf,REVIEW,Material conflict between product and spec fields; Thermal R conflict between legacy and spec fields; Order Quantity contains repeated 6712; confirm intended meaning,READY,manufacturer_supported,True,False,Product_Master_Bot_Sheet1_Validated.xlsx,cab733ff840db5bb8116e4869b42915772cd667d035912612bd78c0d35b4b5b7
Thermotec,E-flex ST 25mm Wall * 32mm,THEREFLEXSTPIPEID32T25L2000,E-flex ST 25mm Wall * 32mm,Yes,Pipe Insulation,Elastomeric Foam,Pipe,E-flex ST 25mm Wall * 32mm,THERMOTEC_E_FLEX_ST,E-Flex ST Pipe Insulation,knowledge/thermotec/e-flex-st.md,Review: R1.2 | R2.5,Not stated,Not stated,Spec Total R-value; Spec Product R-value; Legacy performance,https://www.brierleyhose.com.au/uploads/6/1/8/4/61849789/thermotec-4-zero.pdf,https://www.brierleyhose.com.au/uploads/6/1/8/4/61849789/thermotec.pdf,REVIEW,Material conflict between product and spec fields; Thermal R conflict between legacy and spec fields; Order Quantity contains repeated 6712; confirm intended meaning,READY,manufacturer_supported,True,False,Product_Master_Bot_Sheet1_Validated.xlsx,cab733ff840db5bb8116e4869b42915772cd667d035912612bd78c0d35b4b5b7
Thermotec,E-flex ST 9mm Wall * 35mm,THEREFLEXSTPIPEID35T9L2000,E-flex ST 9mm Wall * 35mm,Yes,Pipe Insulation,Elastomeric Foam,Pipe,E-flex ST 9mm Wall * 35mm,THERMOTEC_E_FLEX_ST,E-Flex ST Pipe Insulation,knowledge/thermotec/e-flex-st.md,Review: R1.2 | R2.5,Not stated,Not stated,Spec Total R-value; Spec Product R-value; Legacy performance,https://www.brierleyhose.com.au/uploads/6/1/8/4/61849789/thermotec-4-zero.pdf,https://www.brierleyhose.com.au/uploads/6/1/8/4/61849789/thermotec.pdf,REVIEW,Material conflict between product and spec fields; Thermal R conflict between legacy and spec fields; Order Quantity contains repeated 6712; confirm intended meaning,READY,manufacturer_supported,True,False,Product_Master_Bot_Sheet1_Validated.xlsx,cab733ff840db5bb8116e4869b42915772cd667d035912612bd78c0d35b4b5b7
Thermotec,E-flex ST 13mm Wall * 35mm,THEREFLEXSTPIPEID35T13L2000,E-flex ST 13mm Wall * 35mm,Yes,Pipe Insulation,Elastomeric Foam,Pipe,E-flex ST 13mm Wall * 35mm,THERMOTEC_E_FLEX_ST,E-Flex ST Pipe Insulation,knowledge/thermotec/e-flex-st.md,Review: R1.2 | R2.5,Not stated,Not stated,Spec Total R-value; Spec Product R-value; Legacy performance,https://www.brierleyhose.com.au/uploads/6/1/8/4/61849789/thermotec-4-zero.pdf,https://www.brierleyhose.com.au/uploads/6/1/8/4/61849789/thermotec.pdf,REVIEW,Material conflict between product and spec fields; Thermal R conflict between legacy and spec fields; Order Quantity contains repeated 6712; confirm intended meaning,READY,manufacturer_supported,True,False,Product_Master_Bot_Sheet1_Validated.xlsx,cab733ff840db5bb8116e4869b42915772cd667d035912612bd78c0d35b4b5b7
Thermotec,E-flex ST 19mm Wall * 35mm,THEREFLEXSTPIPEID35T19L2000,E-flex ST 19mm Wall * 35mm,Yes,Pipe Insulation,Elastomeric Foam,Pipe,E-flex ST 19mm Wall * 35mm,THERMOTEC_E_FLEX_ST,E-Flex ST Pipe Insulation,knowledge/thermotec/e-flex-st.md,Review: R1.2 | R2.5,Not stated,Not stated,Spec Total R-value; Spec Product R-value; Legacy performance,https://www.brierleyhose.com.au/uploads/6/1/8/4/61849789/thermotec-4-zero.pdf,https://www.brierleyhose.com.au/uploads/6/1/8/4/61849789/thermotec.pdf,REVIEW,Material conflict between product and spec fields; Thermal R conflict between legacy and spec fields; Order Quantity contains repeated 6712; confirm intended meaning,READY,manufacturer_supported,True,False,Product_Master_Bot_Sheet1_Validated.xlsx,cab733ff840db5bb8116e4869b42915772cd667d035912612bd78c0d35b4b5b7
Thermotec,E-flex ST 25mm Wall * 35mm,THEREFLEXSTPIPEID35T25L2000,E-flex ST 25mm Wall * 35mm,Yes,Pipe Insulation,Elastomeric Foam,Pipe,E-flex ST 25mm Wall * 35mm,THERMOTEC_E_FLEX_ST,E-Flex ST Pipe Insulation,knowledge/thermotec/e-flex-st.md,Review: R1.2 | R2.5,Not stated,Not stated,Spec Total R-value; Spec Product R-value; Legacy performance,https://www.brierleyhose.com.au/uploads/6/1/8/4/61849789/thermotec-4-zero.pdf,https://www.brierleyhose.com.au/uploads/6/1/8/4/61849789/thermotec.pdf,REVIEW,Material conflict between product and spec fields; Thermal R conflict between legacy and spec fields; Order Quantity contains repeated 6712; confirm intended meaning,READY,manufacturer_supported,True,False,Product_Master_Bot_Sheet1_Validated.xlsx,cab733ff840db5bb8116e4869b42915772cd667d035912612bd78c0d35b4b5b7
Thermotec,E-flex ST 38mm Wall * 35mm,THEREFLEXSTPIPEID35T38L2000,E-flex ST 38mm Wall * 35mm,Yes,Pipe Insulation,Elastomeric Foam,Pipe,E-flex ST 38mm Wall * 35mm,THERMOTEC_E_FLEX_ST,E-Flex ST Pipe Insulation,knowledge/thermotec/e-flex-st.md,Review: R1.2 | R2.5,Not stated,Not stated,Spec Total R-value; Spec Product R-value; Legacy performance,https://www.brierleyhose.com.au/uploads/6/1/8/4/61849789/thermotec-4-zero.pdf,https://www.brierleyhose.com.au/uploads/6/1/8/4/61849789/thermotec.pdf,REVIEW,Material conflict between product and spec fields; Thermal R conflict between legacy and spec fields; Order Quantity contains repeated 6712; confirm intended meaning,READY,manufacturer_supported,True,False,Product_Master_Bot_Sheet1_Validated.xlsx,cab733ff840db5bb8116e4869b42915772cd667d035912612bd78c0d35b4b5b7
Thermotec,E-flex ST 9mm Wall * 38mm,THEREFLEXSTPIPEID38T9L2000,E-flex ST 9mm Wall * 38mm,Yes,Pipe Insulation,Elastomeric Foam,Pipe,E-flex ST 9mm Wall * 38mm,THERMOTEC_E_FLEX_ST,E-Flex ST Pipe Insulation,knowledge/thermotec/e-flex-st.md,Review: R1.2 | R2.5,Not stated,Not stated,Spec Total R-value; Spec Product R-value; Legacy performance,https://www.brierleyhose.com.au/uploads/6/1/8/4/61849789/thermotec-4-zero.pdf,https://www.brierleyhose.com.au/uploads/6/1/8/4/61849789/thermotec.pdf,REVIEW,Material conflict between product and spec fields; Thermal R conflict between legacy and spec fields; Order Quantity contains repeated 6712; confirm intended meaning,READY,manufacturer_supported,True,False,Product_Master_Bot_Sheet1_Validated.xlsx,cab733ff840db5bb8116e4869b42915772cd667d035912612bd78c0d35b4b5b7
Thermotec,E-flex ST 13mm Wall * 38mm,THEREFLEXSTPIPEID38T13L2000,E-flex ST 13mm Wall * 38mm,Yes,Pipe Insulation,Elastomeric Foam,Pipe,E-flex ST 13mm Wall * 38mm,THERMOTEC_E_FLEX_ST,E-Flex ST Pipe Insulation,knowledge/thermotec/e-flex-st.md,Review: R1.2 | R2.5,Not stated,Not stated,Spec Total R-value; Spec Product R-value; Legacy performance,https://www.brierleyhose.com.au/uploads/6/1/8/4/61849789/thermotec-4-zero.pdf,https://www.brierleyhose.com.au/uploads/6/1/8/4/61849789/thermotec.pdf,REVIEW,Material conflict between product and spec fields; Thermal R conflict between legacy and spec fields; Order Quantity contains repeated 6712; confirm intended meaning,READY,manufacturer_supported,True,False,Product_Master_Bot_Sheet1_Validated.xlsx,cab733ff840db5bb8116e4869b42915772cd667d035912612bd78c0d35b4b5b7
Thermotec,E-flex ST 19mm Wall * 38mm,THEREFLEXSTPIPEID38T19L2000,E-flex ST 19mm Wall * 38mm,Yes,Pipe Insulation,Elastomeric Foam,Pipe,E-flex ST 19mm Wall * 38mm,THERMOTEC_E_FLEX_ST,E-Flex ST Pipe Insulation,knowledge/thermotec/e-flex-st.md,Review: R1.2 | R2.5,Not stated,Not stated,Spec Total R-value; Spec Product R-value; Legacy performance,https://www.brierleyhose.com.au/uploads/6/1/8/4/61849789/thermotec-4-zero.pdf,https://www.brierleyhose.com.au/uploads/6/1/8/4/61849789/thermotec.pdf,REVIEW,Material conflict between product and spec fields; Thermal R conflict between legacy and spec fields; Order Quantity contains repeated 6712; confirm intended meaning,READY,manufacturer_supported,True,False,Product_Master_Bot_Sheet1_Validated.xlsx,cab733ff840db5bb8116e4869b42915772cd667d035912612bd78c0d35b4b5b7
Thermotec,E-flex ST 25mm Wall * 38mm,THEREFLEXSTPIPEID38T25L2000,E-flex ST 25mm Wall * 38mm,Yes,Pipe Insulation,Elastomeric Foam,Pipe,E-flex ST 25mm Wall * 38mm,THERMOTEC_E_FLEX_ST,E-Flex ST Pipe Insulation,knowledge/thermotec/e-flex-st.md,Review: R1.2 | R2.5,Not stated,Not stated,Spec Total R-value; Spec Product R-value; Legacy performance,https://www.brierleyhose.com.au/uploads/6/1/8/4/61849789/thermotec-4-zero.pdf,https://www.brierleyhose.com.au/uploads/6/1/8/4/61849789/thermotec.pdf,REVIEW,Material conflict between product and spec fields; Thermal R conflict between legacy and spec fields; Order Quantity contains repeated 6712; confirm intended meaning,READY,manufacturer_supported,True,False,Product_Master_Bot_Sheet1_Validated.xlsx,cab733ff840db5bb8116e4869b42915772cd667d035912612bd78c0d35b4b5b7
Thermotec,E-flex ST 9mm Wall * 42mm,THEREFLEXSTPIPEID42T9L2000,E-flex ST 9mm Wall * 42mm,Yes,Pipe Insulation,Elastomeric Foam,Pipe,E-flex ST 9mm Wall * 42mm,THERMOTEC_E_FLEX_ST,E-Flex ST Pipe Insulation,knowledge/thermotec/e-flex-st.md,Review: R1.2 | R2.5,Not stated,Not stated,Spec Total R-value; Spec Product R-value; Legacy performance,https://www.brierleyhose.com.au/uploads/6/1/8/4/61849789/thermotec-4-zero.pdf,https://www.brierleyhose.com.au/uploads/6/1/8/4/61849789/thermotec.pdf,REVIEW,Material conflict between product and spec fields; Thermal R conflict between legacy and spec fields; Order Quantity contains repeated 6712; confirm intended meaning,READY,manufacturer_supported,True,False,Product_Master_Bot_Sheet1_Validated.xlsx,cab733ff840db5bb8116e4869b42915772cd667d035912612bd78c0d35b4b5b7
Thermotec,E-flex ST 13mm Wall * 42mm,THEREFLEXSTPIPEID42T13L2000,E-flex ST 13mm Wall * 42mm,Yes,Pipe Insulation,Elastomeric Foam,Pipe,E-flex ST 13mm Wall * 42mm,THERMOTEC_E_FLEX_ST,E-Flex ST Pipe Insulation,knowledge/thermotec/e-flex-st.md,Review: R1.2 | R2.5,Not stated,Not stated,Spec Total R-value; Spec Product R-value; Legacy performance,https://www.brierleyhose.com.au/uploads/6/1/8/4/61849789/thermotec-4-zero.pdf,https://www.brierleyhose.com.au/uploads/6/1/8/4/61849789/thermotec.pdf,REVIEW,Material conflict between product and spec fields; Thermal R conflict between legacy and spec fields; Order Quantity contains repeated 6712; confirm intended meaning,READY,manufacturer_supported,True,False,Product_Master_Bot_Sheet1_Validated.xlsx,cab733ff840db5bb8116e4869b42915772cd667d035912612bd78c0d35b4b5b7
Thermotec,E-flex ST 19mm Wall * 42mm,THEREFLEXSTPIPEID42T19L2000,E-flex ST 19mm Wall * 42mm,Yes,Pipe Insulation,Elastomeric Foam,Pipe,E-flex ST 19mm Wall * 42mm,THERMOTEC_E_FLEX_ST,E-Flex ST Pipe Insulation,knowledge/thermotec/e-flex-st.md,Review: R1.2 | R2.5,Not stated,Not stated,Spec Total R-value; Spec Product R-value; Legacy performance,https://www.brierleyhose.com.au/uploads/6/1/8/4/61849789/thermotec-4-zero.pdf,https://www.brierleyhose.com.au/uploads/6/1/8/4/61849789/thermotec.pdf,REVIEW,Material conflict between product and spec fields; Thermal R conflict between legacy and spec fields; Order Quantity contains repeated 6712; confirm intended meaning,READY,manufacturer_supported,True,False,Product_Master_Bot_Sheet1_Validated.xlsx,cab733ff840db5bb8116e4869b42915772cd667d035912612bd78c0d35b4b5b7
Thermotec,E-flex ST 25mm Wall * 42mm,THEREFLEXSTPIPEID42T25L2000,E-flex ST 25mm Wall * 42mm,Yes,Pipe Insulation,Elastomeric Foam,Pipe,E-flex ST 25mm Wall * 42mm,THERMOTEC_E_FLEX_ST,E-Flex ST Pipe Insulation,knowledge/thermotec/e-flex-st.md,Review: R1.2 | R2.5,Not stated,Not stated,Spec Total R-value; Spec Product R-value; Legacy performance,https://www.brierleyhose.com.au/uploads/6/1/8/4/61849789/thermotec-4-zero.pdf,https://www.brierleyhose.com.au/uploads/6/1/8/4/61849789/thermotec.pdf,REVIEW,Material conflict between product and spec fields; Thermal R conflict between legacy and spec fields; Order Quantity contains repeated 6712; confirm intended meaning,READY,manufacturer_supported,True,False,Product_Master_Bot_Sheet1_Validated.xlsx,cab733ff840db5bb8116e4869b42915772cd667d035912612bd78c0d35b4b5b7
Thermotec,E-flex ST 9mm Wall * 51mm,THEREFLEXSTPIPEID51T9L2000,E-flex ST 9mm Wall * 51mm,Yes,Pipe Insulation,Elastomeric Foam,Pipe,E-flex ST 9mm Wall * 51mm,THERMOTEC_E_FLEX_ST,E-Flex ST Pipe Insulation,knowledge/thermotec/e-flex-st.md,Review: R1.2 | R2.5,Not stated,Not stated,Spec Total R-value; Spec Product R-value; Legacy performance,https://www.brierleyhose.com.au/uploads/6/1/8/4/61849789/thermotec-4-zero.pdf,https://www.brierleyhose.com.au/uploads/6/1/8/4/61849789/thermotec.pdf,REVIEW,Material conflict between product and spec fields; Thermal R conflict between legacy and spec fields; Order Quantity contains repeated 6712; confirm intended meaning,READY,manufacturer_supported,True,False,Product_Master_Bot_Sheet1_Validated.xlsx,cab733ff840db5bb8116e4869b42915772cd667d035912612bd78c0d35b4b5b7
Thermotec,E-flex ST 13mm Wall * 51mm,THEREFLEXSTPIPEID51T13L2000,E-flex ST 13mm Wall * 51mm,Yes,Pipe Insulation,Elastomeric Foam,Pipe,E-flex ST 13mm Wall * 51mm,THERMOTEC_E_FLEX_ST,E-Flex ST Pipe Insulation,knowledge/thermotec/e-flex-st.md,Review: R1.2 | R2.5,Not stated,Not stated,Spec Total R-value; Spec Product R-value; Legacy performance,https://www.brierleyhose.com.au/uploads/6/1/8/4/61849789/thermotec-4-zero.pdf,https://www.brierleyhose.com.au/uploads/6/1/8/4/61849789/thermotec.pdf,REVIEW,Material conflict between product and spec fields; Thermal R conflict between legacy and spec fields; Order Quantity contains repeated 6712; confirm intended meaning,READY,manufacturer_supported,True,False,Product_Master_Bot_Sheet1_Validated.xlsx,cab733ff840db5bb8116e4869b42915772cd667d035912612bd78c0d35b4b5b7
Thermotec,E-flex ST 19mm Wall * 51mm,THEREFLEXSTPIPEID51T19L2000,E-flex ST 19mm Wall * 51mm,Yes,Pipe Insulation,Elastomeric Foam,Pipe,E-flex ST 19mm Wall * 51mm,THERMOTEC_E_FLEX_ST,E-Flex ST Pipe Insulation,knowledge/thermotec/e-flex-st.md,Review: R1.2 | R2.5,Not stated,Not stated,Spec Total R-value; Spec Product R-value; Legacy performance,https://www.brierleyhose.com.au/uploads/6/1/8/4/61849789/thermotec-4-zero.pdf,https://www.brierleyhose.com.au/uploads/6/1/8/4/61849789/thermotec.pdf,REVIEW,Material conflict between product and spec fields; Thermal R conflict between legacy and spec fields; Order Quantity contains repeated 6712; confirm intended meaning,READY,manufacturer_supported,True,False,Product_Master_Bot_Sheet1_Validated.xlsx,cab733ff840db5bb8116e4869b42915772cd667d035912612bd78c0d35b4b5b7
Thermotec,E-flex ST 25mm Wall * 51mm,THEREFLEXSTPIPEID51T25L2000,E-flex ST 25mm Wall * 51mm,Yes,Pipe Insulation,Elastomeric Foam,Pipe,E-flex ST 25mm Wall * 51mm,THERMOTEC_E_FLEX_ST,E-Flex ST Pipe Insulation,knowledge/thermotec/e-flex-st.md,Review: R1.2 | R2.5,Not stated,Not stated,Spec Total R-value; Spec Product R-value; Legacy performance,https://www.brierleyhose.com.au/uploads/6/1/8/4/61849789/thermotec-4-zero.pdf,https://www.brierleyhose.com.au/uploads/6/1/8/4/61849789/thermotec.pdf,REVIEW,Material conflict between product and spec fields; Thermal R conflict between legacy and spec fields; Order Quantity contains repeated 6712; confirm intended meaning,READY,manufacturer_supported,True,False,Product_Master_Bot_Sheet1_Validated.xlsx,cab733ff840db5bb8116e4869b42915772cd667d035912612bd78c0d35b4b5b7
Thermotec,E-flex ST 38mm Wall * 51mm,THEREFLEXSTPIPEID51T38L2000,E-flex ST 38mm Wall * 51mm,Yes,Pipe Insulation,Elastomeric Foam,Pipe,E-flex ST 38mm Wall * 51mm,THERMOTEC_E_FLEX_ST,E-Flex ST Pipe Insulation,knowledge/thermotec/e-flex-st.md,Review: R1.2 | R2.5,Not stated,Not stated,Spec Total R-value; Spec Product R-value; Legacy performance,https://www.brierleyhose.com.au/uploads/6/1/8/4/61849789/thermotec-4-zero.pdf,https://www.brierleyhose.com.au/uploads/6/1/8/4/61849789/thermotec.pdf,REVIEW,Material conflict between product and spec fields; Thermal R conflict between legacy and spec fields; Order Quantity contains repeated 6712; confirm intended meaning,READY,manufacturer_supported,True,False,Product_Master_Bot_Sheet1_Validated.xlsx,cab733ff840db5bb8116e4869b42915772cd667d035912612bd78c0d35b4b5b7
Thermotec,E-flex ST 9mm Wall * 54mm,THEREFLEXSTPIPEID54T9L2000,E-flex ST 9mm Wall * 54mm,Yes,Pipe Insulation,Elastomeric Foam,Pipe,E-flex ST 9mm Wall * 54mm,THERMOTEC_E_FLEX_ST,E-Flex ST Pipe Insulation,knowledge/thermotec/e-flex-st.md,Review: R1.2 | R2.5,Not stated,Not stated,Spec Total R-value; Spec Product R-value; Legacy performance,https://www.brierleyhose.com.au/uploads/6/1/8/4/61849789/thermotec-4-zero.pdf,https://www.brierleyhose.com.au/uploads/6/1/8/4/61849789/thermotec.pdf,REVIEW,Material conflict between product and spec fields; Thermal R conflict between legacy and spec fields; Order Quantity contains repeated 6712; confirm intended meaning,READY,manufacturer_supported,True,False,Product_Master_Bot_Sheet1_Validated.xlsx,cab733ff840db5bb8116e4869b42915772cd667d035912612bd78c0d35b4b5b7
Thermotec,E-flex ST 13mm Wall * 54mm,THEREFLEXSTPIPEID54T13L2000,E-flex ST 13mm Wall * 54mm,Yes,Pipe Insulation,Elastomeric Foam,Pipe,E-flex ST 13mm Wall * 54mm,THERMOTEC_E_FLEX_ST,E-Flex ST Pipe Insulation,knowledge/thermotec/e-flex-st.md,Review: R1.2 | R2.5,Not stated,Not stated,Spec Total R-value; Spec Product R-value; Legacy performance,https://www.brierleyhose.com.au/uploads/6/1/8/4/61849789/thermotec-4-zero.pdf,https://www.brierleyhose.com.au/uploads/6/1/8/4/61849789/thermotec.pdf,REVIEW,Material conflict between product and spec fields; Thermal R conflict between legacy and spec fields; Order Quantity contains repeated 6712; confirm intended meaning,READY,manufacturer_supported,True,False,Product_Master_Bot_Sheet1_Validated.xlsx,cab733ff840db5bb8116e4869b42915772cd667d035912612bd78c0d35b4b5b7
Thermotec,E-flex ST 19mm Wall * 54mm,THEREFLEXSTPIPEID54T19L2000,E-flex ST 19mm Wall * 54mm,Yes,Pipe Insulation,Elastomeric Foam,Pipe,E-flex ST 19mm Wall * 54mm,THERMOTEC_E_FLEX_ST,E-Flex ST Pipe Insulation,knowledge/thermotec/e-flex-st.md,Review: R1.2 | R2.5,Not stated,Not stated,Spec Total R-value; Spec Product R-value; Legacy performance,https://www.brierleyhose.com.au/uploads/6/1/8/4/61849789/thermotec-4-zero.pdf,https://www.brierleyhose.com.au/uploads/6/1/8/4/61849789/thermotec.pdf,REVIEW,Material conflict between product and spec fields; Thermal R conflict between legacy and spec fields; Order Quantity contains repeated 6712; confirm intended meaning,READY,manufacturer_supported,True,False,Product_Master_Bot_Sheet1_Validated.xlsx,cab733ff840db5bb8116e4869b42915772cd667d035912612bd78c0d35b4b5b7
Thermotec,E-flex ST 25mm Wall * 54mm,THEREFLEXSTPIPEID54T25L2000,E-flex ST 25mm Wall * 54mm,Yes,Pipe Insulation,Elastomeric Foam,Pipe,E-flex ST 25mm Wall * 54mm,THERMOTEC_E_FLEX_ST,E-Flex ST Pipe Insulation,knowledge/thermotec/e-flex-st.md,Review: R1.2 | R2.5,Not stated,Not stated,Spec Total R-value; Spec Product R-value; Legacy performance,https://www.brierleyhose.com.au/uploads/6/1/8/4/61849789/thermotec-4-zero.pdf,https://www.brierleyhose.com.au/uploads/6/1/8/4/61849789/thermotec.pdf,REVIEW,Material conflict between product and spec fields; Thermal R conflict between legacy and spec fields; Order Quantity contains repeated 6712; confirm intended meaning,READY,manufacturer_supported,True,False,Product_Master_Bot_Sheet1_Validated.xlsx,cab733ff840db5bb8116e4869b42915772cd667d035912612bd78c0d35b4b5b7
Thermotec,E-flex ST 9mm Wall * 60mm,THEREFLEXSTPIPEID60T9L2000,E-flex ST 9mm Wall * 60mm,Yes,Pipe Insulation,Elastomeric Foam,Pipe,E-flex ST 9mm Wall * 60mm,THERMOTEC_E_FLEX_ST,E-Flex ST Pipe Insulation,knowledge/thermotec/e-flex-st.md,Review: R1.2 | R2.5,Not stated,Not stated,Spec Total R-value; Spec Product R-value; Legacy performance,https://www.brierleyhose.com.au/uploads/6/1/8/4/61849789/thermotec-4-zero.pdf,https://www.brierleyhose.com.au/uploads/6/1/8/4/61849789/thermotec.pdf,REVIEW,Material conflict between product and spec fields; Thermal R conflict between legacy and spec fields; Order Quantity contains repeated 6712; confirm intended meaning,READY,manufacturer_supported,True,False,Product_Master_Bot_Sheet1_Validated.xlsx,cab733ff840db5bb8116e4869b42915772cd667d035912612bd78c0d35b4b5b7
Thermotec,E-flex ST 13mm Wall * 60mm,THEREFLEXSTPIPEID60T13L2000,E-flex ST 13mm Wall * 60mm,Yes,Pipe Insulation,Elastomeric Foam,Pipe,E-flex ST 13mm Wall * 60mm,THERMOTEC_E_FLEX_ST,E-Flex ST Pipe Insulation,knowledge/thermotec/e-flex-st.md,Review: R1.2 | R2.5,Not stated,Not stated,Spec Total R-value; Spec Product R-value; Legacy performance,https://www.brierleyhose.com.au/uploads/6/1/8/4/61849789/thermotec-4-zero.pdf,https://www.brierleyhose.com.au/uploads/6/1/8/4/61849789/thermotec.pdf,REVIEW,Material conflict between product and spec fields; Thermal R conflict between legacy and spec fields; Order Quantity contains repeated 6712; confirm intended meaning,READY,manufacturer_supported,True,False,Product_Master_Bot_Sheet1_Validated.xlsx,cab733ff840db5bb8116e4869b42915772cd667d035912612bd78c0d35b4b5b7
Thermotec,E-flex ST 25mm Wall * 64mm,THEREFLEXSTPIPEID64T25L2000,E-flex ST 25mm Wall * 64mm,Yes,Pipe Insulation,Elastomeric Foam,Pipe,E-flex ST 25mm Wall * 64mm,THERMOTEC_E_FLEX_ST,E-Flex ST Pipe Insulation,knowledge/thermotec/e-flex-st.md,Review: R1.2 | R2.5,Not stated,Not stated,Spec Total R-value; Spec Product R-value; Legacy performance,https://www.brierleyhose.com.au/uploads/6/1/8/4/61849789/thermotec-4-zero.pdf,https://www.brierleyhose.com.au/uploads/6/1/8/4/61849789/thermotec.pdf,REVIEW,Material conflict between product and spec fields; Thermal R conflict between legacy and spec fields; Order Quantity contains repeated 6712; confirm intended meaning,READY,manufacturer_supported,True,False,Product_Master_Bot_Sheet1_Validated.xlsx,cab733ff840db5bb8116e4869b42915772cd667d035912612bd78c0d35b4b5b7
Thermotec,E-flex ST 13mm Wall * 67mm,THEREFLEXSTPIPEID67T13L2000,E-flex ST 13mm Wall * 67mm,Yes,Pipe Insulation,Elastomeric Foam,Pipe,E-flex ST 13mm Wall * 67mm,THERMOTEC_E_FLEX_ST,E-Flex ST Pipe Insulation,knowledge/thermotec/e-flex-st.md,Review: R1.2 | R2.5,Not stated,Not stated,Spec Total R-value; Spec Product R-value; Legacy performance,https://www.brierleyhose.com.au/uploads/6/1/8/4/61849789/thermotec-4-zero.pdf,https://www.brierleyhose.com.au/uploads/6/1/8/4/61849789/thermotec.pdf,REVIEW,Material conflict between product and spec fields; Thermal R conflict between legacy and spec fields; Order Quantity contains repeated 6712; confirm intended meaning,READY,manufacturer_supported,True,False,Product_Master_Bot_Sheet1_Validated.xlsx,cab733ff840db5bb8116e4869b42915772cd667d035912612bd78c0d35b4b5b7
Thermotec,E-flex ST 19mm Wall * 67mm,THEREFLEXSTPIPEID67T19L2000,E-flex ST 19mm Wall * 67mm,Yes,Pipe Insulation,Elastomeric Foam,Pipe,E-flex ST 19mm Wall * 67mm,THERMOTEC_E_FLEX_ST,E-Flex ST Pipe Insulation,knowledge/thermotec/e-flex-st.md,Review: R1.2 | R2.5,Not stated,Not stated,Spec Total R-value; Spec Product R-value; Legacy performance,https://www.brierleyhose.com.au/uploads/6/1/8/4/61849789/thermotec-4-zero.pdf,https://www.brierleyhose.com.au/uploads/6/1/8/4/61849789/thermotec.pdf,REVIEW,Material conflict between product and spec fields; Thermal R conflict between legacy and spec fields; Order Quantity contains repeated 6712; confirm intended meaning,READY,manufacturer_supported,True,False,Product_Master_Bot_Sheet1_Validated.xlsx,cab733ff840db5bb8116e4869b42915772cd667d035912612bd78c0d35b4b5b7
Thermotec,E-flex ST 25mm Wall * 67mm,THEREFLEXSTPIPEID67T25L2000,E-flex ST 25mm Wall * 67mm,Yes,Pipe Insulation,Elastomeric Foam,Pipe,E-flex ST 25mm Wall * 67mm,THERMOTEC_E_FLEX_ST,E-Flex ST Pipe Insulation,knowledge/thermotec/e-flex-st.md,Review: R1.2 | R2.5,Not stated,Not stated,Spec Total R-value; Spec Product R-value; Legacy performance,https://www.brierleyhose.com.au/uploads/6/1/8/4/61849789/thermotec-4-zero.pdf,https://www.brierleyhose.com.au/uploads/6/1/8/4/61849789/thermotec.pdf,REVIEW,Material conflict between product and spec fields; Thermal R conflict between legacy and spec fields; Order Quantity contains repeated 6712; confirm intended meaning,READY,manufacturer_supported,True,False,Product_Master_Bot_Sheet1_Validated.xlsx,cab733ff840db5bb8116e4869b42915772cd667d035912612bd78c0d35b4b5b7
Thermotec,E-flex ST 13mm Wall * 76mm,THEREFLEXSTPIPEID76T13L2000,E-flex ST 13mm Wall * 76mm,Yes,Pipe Insulation,Elastomeric Foam,Pipe,E-flex ST 13mm Wall * 76mm,THERMOTEC_E_FLEX_ST,E-Flex ST Pipe Insulation,knowledge/thermotec/e-flex-st.md,Review: R1.2 | R2.5,Not stated,Not stated,Spec Total R-value; Spec Product R-value; Legacy performance,https://www.brierleyhose.com.au/uploads/6/1/8/4/61849789/thermotec-4-zero.pdf,https://www.brierleyhose.com.au/uploads/6/1/8/4/61849789/thermotec.pdf,REVIEW,Material conflict between product and spec fields; Thermal R conflict between legacy and spec fields; Order Quantity contains repeated 6712; confirm intended meaning,READY,manufacturer_supported,True,False,Product_Master_Bot_Sheet1_Validated.xlsx,cab733ff840db5bb8116e4869b42915772cd667d035912612bd78c0d35b4b5b7
Thermotec,E-flex ST 25mm Wall * 114mm,THEREFLEXSTPIPEID114T25L2000,E-flex ST 25mm Wall * 114mm,Yes,Pipe Insulation,Elastomeric Foam,Pipe,E-flex ST 25mm Wall * 114mm,THERMOTEC_E_FLEX_ST,E-Flex ST Pipe Insulation,knowledge/thermotec/e-flex-st.md,Review: R1.2 | R2.5,Not stated,Not stated,Spec Total R-value; Spec Product R-value; Legacy performance,https://www.brierleyhose.com.au/uploads/6/1/8/4/61849789/thermotec-4-zero.pdf,https://www.brierleyhose.com.au/uploads/6/1/8/4/61849789/thermotec.pdf,REVIEW,Material conflict between product and spec fields; Thermal R conflict between legacy and spec fields; Order Quantity contains repeated 6712; confirm intended meaning,READY,manufacturer_supported,True,False,Product_Master_Bot_Sheet1_Validated.xlsx,cab733ff840db5bb8116e4869b42915772cd667d035912612bd78c0d35b4b5b7
Thermotec,E-flex ST Self Seal - 9mm Wall * 13mm,THEREFLEXSTSSPIPEID13T9L2000,E-flex ST Self Seal - 9mm Wall * 13mm,Yes,Pipe Insulation,Elastomeric Foam,Pipe,E-flex ST Self Seal - 9mm Wall * 13mm,THERMOTEC_E_FLEX_ST,E-Flex ST Pipe Insulation,knowledge/thermotec/e-flex-st.md,Review: R1.2 | R2.5,Not stated,Not stated,Spec Total R-value; Spec Product R-value; Legacy performance,https://www.brierleyhose.com.au/uploads/6/1/8/4/61849789/thermotec-4-zero.pdf,https://www.brierleyhose.com.au/uploads/6/1/8/4/61849789/thermotec.pdf,REVIEW,Material conflict between product and spec fields; Thermal R conflict between legacy and spec fields; Order Quantity contains repeated 6712; confirm intended meaning,READY,manufacturer_supported,True,False,Product_Master_Bot_Sheet1_Validated.xlsx,cab733ff840db5bb8116e4869b42915772cd667d035912612bd78c0d35b4b5b7
Thermotec,E-flex ST Self Seal - 13mm Wall * 13mm,THEREFLEXSTSSPIPEID13T13L2000,E-flex ST Self Seal - 13mm Wall * 13mm,Yes,Pipe Insulation,Elastomeric Foam,Pipe,E-flex ST Self Seal - 13mm Wall * 13mm,THERMOTEC_E_FLEX_ST,E-Flex ST Pipe Insulation,knowledge/thermotec/e-flex-st.md,Review: R1.2 | R2.5,Not stated,Not stated,Spec Total R-value; Spec Product R-value; Legacy performance,https://www.brierleyhose.com.au/uploads/6/1/8/4/61849789/thermotec-4-zero.pdf,https://www.brierleyhose.com.au/uploads/6/1/8/4/61849789/thermotec.pdf,REVIEW,Material conflict between product and spec fields; Thermal R conflict between legacy and spec fields; Order Quantity contains repeated 6712; confirm intended meaning,READY,manufacturer_supported,True,False,Product_Master_Bot_Sheet1_Validated.xlsx,cab733ff840db5bb8116e4869b42915772cd667d035912612bd78c0d35b4b5b7
Thermotec,E-flex ST Self Seal - 19mm Wall * 13mm,THEREFLEXSTSSPIPEID13T19L2000,E-flex ST Self Seal - 19mm Wall * 13mm,Yes,Pipe Insulation,Elastomeric Foam,Pipe,E-flex ST Self Seal - 19mm Wall * 13mm,THERMOTEC_E_FLEX_ST,E-Flex ST Pipe Insulation,knowledge/thermotec/e-flex-st.md,Review: R1.2 | R2.5,Not stated,Not stated,Spec Total R-value; Spec Product R-value; Legacy performance,https://www.brierleyhose.com.au/uploads/6/1/8/4/61849789/thermotec-4-zero.pdf,https://www.brierleyhose.com.au/uploads/6/1/8/4/61849789/thermotec.pdf,REVIEW,Material conflict between product and spec fields; Thermal R conflict between legacy and spec fields; Order Quantity contains repeated 6712; confirm intended meaning,READY,manufacturer_supported,True,False,Product_Master_Bot_Sheet1_Validated.xlsx,cab733ff840db5bb8116e4869b42915772cd667d035912612bd78c0d35b4b5b7
Thermotec,E-flex ST Self Seal - 9mm Wall * 16mm,THEREFLEXSTSSPIPEID16T9L2000,E-flex ST Self Seal - 9mm Wall * 16mm,Yes,Pipe Insulation,Elastomeric Foam,Pipe,E-flex ST Self Seal - 9mm Wall * 16mm,THERMOTEC_E_FLEX_ST,E-Flex ST Pipe Insulation,knowledge/thermotec/e-flex-st.md,Review: R1.2 | R2.5,Not stated,Not stated,Spec Total R-value; Spec Product R-value; Legacy performance,https://www.brierleyhose.com.au/uploads/6/1/8/4/61849789/thermotec-4-zero.pdf,https://www.brierleyhose.com.au/uploads/6/1/8/4/61849789/thermotec.pdf,REVIEW,Material conflict between product and spec fields; Thermal R conflict between legacy and spec fields; Order Quantity contains repeated 6712; confirm intended meaning,READY,manufacturer_supported,True,False,Product_Master_Bot_Sheet1_Validated.xlsx,cab733ff840db5bb8116e4869b42915772cd667d035912612bd78c0d35b4b5b7
Thermotec,E-flex ST Self Seal - 13mm Wall * 16mm,THEREFLEXSTSSPIPEID16T13L2000,E-flex ST Self Seal - 13mm Wall * 16mm,Yes,Pipe Insulation,Elastomeric Foam,Pipe,E-flex ST Self Seal - 13mm Wall * 16mm,THERMOTEC_E_FLEX_ST,E-Flex ST Pipe Insulation,knowledge/thermotec/e-flex-st.md,Review: R1.2 | R2.5,Not stated,Not stated,Spec Total R-value; Spec Product R-value; Legacy performance,https://www.brierleyhose.com.au/uploads/6/1/8/4/61849789/thermotec-4-zero.pdf,https://www.brierleyhose.com.au/uploads/6/1/8/4/61849789/thermotec.pdf,REVIEW,Material conflict between product and spec fields; Thermal R conflict between legacy and spec fields; Order Quantity contains repeated 6712; confirm intended meaning,READY,manufacturer_supported,True,False,Product_Master_Bot_Sheet1_Validated.xlsx,cab733ff840db5bb8116e4869b42915772cd667d035912612bd78c0d35b4b5b7
Thermotec,E-flex ST Self Seal - 9mm Wall * 19mm,THEREFLEXSTSSPIPEID19T9L2000,E-flex ST Self Seal - 9mm Wall * 19mm,Yes,Pipe Insulation,Elastomeric Foam,Pipe,E-flex ST Self Seal - 9mm Wall * 19mm,THERMOTEC_E_FLEX_ST,E-Flex ST Pipe Insulation,knowledge/thermotec/e-flex-st.md,Review: R1.2 | R2.5,Not stated,Not stated,Spec Total R-value; Spec Product R-value; Legacy performance,https://www.brierleyhose.com.au/uploads/6/1/8/4/61849789/thermotec-4-zero.pdf,https://www.brierleyhose.com.au/uploads/6/1/8/4/61849789/thermotec.pdf,REVIEW,Material conflict between product and spec fields; Thermal R conflict between legacy and spec fields; Order Quantity contains repeated 6712; confirm intended meaning,READY,manufacturer_supported,True,False,Product_Master_Bot_Sheet1_Validated.xlsx,cab733ff840db5bb8116e4869b42915772cd667d035912612bd78c0d35b4b5b7
Thermotec,E-flex ST Self Seal - 13mm Wall * 19mm,THEREFLEXSTSSPIPEID19T13L2000,E-flex ST Self Seal - 13mm Wall * 19mm,Yes,Pipe Insulation,Elastomeric Foam,Pipe,E-flex ST Self Seal - 13mm Wall * 19mm,THERMOTEC_E_FLEX_ST,E-Flex ST Pipe Insulation,knowledge/thermotec/e-flex-st.md,Review: R1.2 | R2.5,Not stated,Not stated,Spec Total R-value; Spec Product R-value; Legacy performance,https://www.brierleyhose.com.au/uploads/6/1/8/4/61849789/thermotec-4-zero.pdf,https://www.brierleyhose.com.au/uploads/6/1/8/4/61849789/thermotec.pdf,REVIEW,Material conflict between product and spec fields; Thermal R conflict between legacy and spec fields; Order Quantity contains repeated 6712; confirm intended meaning,READY,manufacturer_supported,True,False,Product_Master_Bot_Sheet1_Validated.xlsx,cab733ff840db5bb8116e4869b42915772cd667d035912612bd78c0d35b4b5b7
Thermotec,E-flex ST Self Seal - 19mm Wall * 19mm,THEREFLEXSTSSPIPEID19T19L2000,E-flex ST Self Seal - 19mm Wall * 19mm,Yes,Pipe Insulation,Elastomeric Foam,Pipe,E-flex ST Self Seal - 19mm Wall * 19mm,THERMOTEC_E_FLEX_ST,E-Flex ST Pipe Insulation,knowledge/thermotec/e-flex-st.md,Review: R1.2 | R2.5,Not stated,Not stated,Spec Total R-value; Spec Product R-value; Legacy performance,https://www.brierleyhose.com.au/uploads/6/1/8/4/61849789/thermotec-4-zero.pdf,https://www.brierleyhose.com.au/uploads/6/1/8/4/61849789/thermotec.pdf,REVIEW,Material conflict between product and spec fields; Thermal R conflict between legacy and spec fields; Order Quantity contains repeated 6712; confirm intended meaning,READY,manufacturer_supported,True,False,Product_Master_Bot_Sheet1_Validated.xlsx,cab733ff840db5bb8116e4869b42915772cd667d035912612bd78c0d35b4b5b7
Thermotec,E-flex ST Self Seal - 25mm Wall * 19mm,THEREFLEXSTSSPIPEID19T25L2000,E-flex ST Self Seal - 25mm Wall * 19mm,Yes,Pipe Insulation,Elastomeric Foam,Pipe,E-flex ST Self Seal - 25mm Wall * 19mm,THERMOTEC_E_FLEX_ST,E-Flex ST Pipe Insulation,knowledge/thermotec/e-flex-st.md,Review: R1.2 | R2.5,Not stated,Not stated,Spec Total R-value; Spec Product R-value; Legacy performance,https://www.brierleyhose.com.au/uploads/6/1/8/4/61849789/thermotec-4-zero.pdf,https://www.brierleyhose.com.au/uploads/6/1/8/4/61849789/thermotec.pdf,REVIEW,Material conflict between product and spec fields; Thermal R conflict between legacy and spec fields; Order Quantity contains repeated 6712; confirm intended meaning,READY,manufacturer_supported,True,False,Product_Master_Bot_Sheet1_Validated.xlsx,cab733ff840db5bb8116e4869b42915772cd667d035912612bd78c0d35b4b5b7
Thermotec,E-flex ST Self Seal - 9mm Wall * 25mm,THEREFLEXSTSSPIPEID25T9L2000,E-flex ST Self Seal - 9mm Wall * 25mm,Yes,Pipe Insulation,Elastomeric Foam,Pipe,E-flex ST Self Seal - 9mm Wall * 25mm,THERMOTEC_E_FLEX_ST,E-Flex ST Pipe Insulation,knowledge/thermotec/e-flex-st.md,Review: R1.2 | R2.5,Not stated,Not stated,Spec Total R-value; Spec Product R-value; Legacy performance,https://www.brierleyhose.com.au/uploads/6/1/8/4/61849789/thermotec-4-zero.pdf,https://www.brierleyhose.com.au/uploads/6/1/8/4/61849789/thermotec.pdf,REVIEW,Material conflict between product and spec fields; Thermal R conflict between legacy and spec fields; Order Quantity contains repeated 6712; confirm intended meaning,READY,manufacturer_supported,True,False,Product_Master_Bot_Sheet1_Validated.xlsx,cab733ff840db5bb8116e4869b42915772cd667d035912612bd78c0d35b4b5b7
Thermotec,E-flex ST Self Seal - 13mm Wall * 25mm,THEREFLEXSTSSPIPEID25T13L2000,E-flex ST Self Seal - 13mm Wall * 25mm,Yes,Pipe Insulation,Elastomeric Foam,Pipe,E-flex ST Self Seal - 13mm Wall * 25mm,THERMOTEC_E_FLEX_ST,E-Flex ST Pipe Insulation,knowledge/thermotec/e-flex-st.md,Review: R1.2 | R2.5,Not stated,Not stated,Spec Total R-value; Spec Product R-value; Legacy performance,https://www.brierleyhose.com.au/uploads/6/1/8/4/61849789/thermotec-4-zero.pdf,https://www.brierleyhose.com.au/uploads/6/1/8/4/61849789/thermotec.pdf,REVIEW,Material conflict between product and spec fields; Thermal R conflict between legacy and spec fields; Order Quantity contains repeated 6712; confirm intended meaning,READY,manufacturer_supported,True,False,Product_Master_Bot_Sheet1_Validated.xlsx,cab733ff840db5bb8116e4869b42915772cd667d035912612bd78c0d35b4b5b7
Thermotec,E-flex ST Self Seal - 19mm Wall * 25mm,THEREFLEXSTSSPIPEID25T19L2000,E-flex ST Self Seal - 19mm Wall * 25mm,Yes,Pipe Insulation,Elastomeric Foam,Pipe,E-flex ST Self Seal - 19mm Wall * 25mm,THERMOTEC_E_FLEX_ST,E-Flex ST Pipe Insulation,knowledge/thermotec/e-flex-st.md,Review: R1.2 | R2.5,Not stated,Not stated,Spec Total R-value; Spec Product R-value; Legacy performance,https://www.brierleyhose.com.au/uploads/6/1/8/4/61849789/thermotec-4-zero.pdf,https://www.brierleyhose.com.au/uploads/6/1/8/4/61849789/thermotec.pdf,REVIEW,Material conflict between product and spec fields; Thermal R conflict between legacy and spec fields; Order Quantity contains repeated 6712; confirm intended meaning,READY,manufacturer_supported,True,False,Product_Master_Bot_Sheet1_Validated.xlsx,cab733ff840db5bb8116e4869b42915772cd667d035912612bd78c0d35b4b5b7
Thermotec,E-flex ST Self Seal - 25mm Wall * 25mm,THEREFLEXSTSSPIPEID25T25L2000,E-flex ST Self Seal - 25mm Wall * 25mm,Yes,Pipe Insulation,Elastomeric Foam,Pipe,E-flex ST Self Seal - 25mm Wall * 25mm,THERMOTEC_E_FLEX_ST,E-Flex ST Pipe Insulation,knowledge/thermotec/e-flex-st.md,Review: R1.2 | R2.5,Not stated,Not stated,Spec Total R-value; Spec Product R-value; Legacy performance,https://www.brierleyhose.com.au/uploads/6/1/8/4/61849789/thermotec-4-zero.pdf,https://www.brierleyhose.com.au/uploads/6/1/8/4/61849789/thermotec.pdf,REVIEW,Material conflict between product and spec fields; Thermal R conflict between legacy and spec fields; Order Quantity contains repeated 6712; confirm intended meaning,READY,manufacturer_supported,True,False,Product_Master_Bot_Sheet1_Validated.xlsx,cab733ff840db5bb8116e4869b42915772cd667d035912612bd78c0d35b4b5b7
Thermotec,E-flex ST Self Seal - 13mm Wall * 32mm,THEREFLEXSTSSPIPEID32T13L2000,E-flex ST Self Seal - 13mm Wall * 32mm,Yes,Pipe Insulation,Elastomeric Foam,Pipe,E-flex ST Self Seal - 13mm Wall * 32mm,THERMOTEC_E_FLEX_ST,E-Flex ST Pipe Insulation,knowledge/thermotec/e-flex-st.md,Review: R1.2 | R2.5,Not stated,Not stated,Spec Total R-value; Spec Product R-value; Legacy performance,https://www.brierleyhose.com.au/uploads/6/1/8/4/61849789/thermotec-4-zero.pdf,https://www.brierleyhose.com.au/uploads/6/1/8/4/61849789/thermotec.pdf,REVIEW,Material conflict between product and spec fields; Thermal R conflict between legacy and spec fields; Order Quantity contains repeated 6712; confirm intended meaning,READY,manufacturer_supported,True,False,Product_Master_Bot_Sheet1_Validated.xlsx,cab733ff840db5bb8116e4869b42915772cd667d035912612bd78c0d35b4b5b7
Thermotec,E-flex ST Self Seal - 25mm Wall * 32mm,THEREFLEXSTSSPIPEID32T25L2000,E-flex ST Self Seal - 25mm Wall * 32mm,Yes,Pipe Insulation,Elastomeric Foam,Pipe,E-flex ST Self Seal - 25mm Wall * 32mm,THERMOTEC_E_FLEX_ST,E-Flex ST Pipe Insulation,knowledge/thermotec/e-flex-st.md,Review: R1.2 | R2.5,Not stated,Not stated,Spec Total R-value; Spec Product R-value; Legacy performance,https://www.brierleyhose.com.au/uploads/6/1/8/4/61849789/thermotec-4-zero.pdf,https://www.brierleyhose.com.au/uploads/6/1/8/4/61849789/thermotec.pdf,REVIEW,Material conflict between product and spec fields; Thermal R conflict between legacy and spec fields; Order Quantity contains repeated 6712; confirm intended meaning,READY,manufacturer_supported,True,False,Product_Master_Bot_Sheet1_Validated.xlsx,cab733ff840db5bb8116e4869b42915772cd667d035912612bd78c0d35b4b5b7
Thermotec,E-flex ST Self Seal - 19mm Wall * 38mm,THEREFLEXSTSSPIPEID38T19L2000,E-flex ST Self Seal - 19mm Wall * 38mm,Yes,Pipe Insulation,Elastomeric Foam,Pipe,E-flex ST Self Seal - 19mm Wall * 38mm,THERMOTEC_E_FLEX_ST,E-Flex ST Pipe Insulation,knowledge/thermotec/e-flex-st.md,Review: R1.2 | R2.5,Not stated,Not stated,Spec Total R-value; Spec Product R-value; Legacy performance,https://www.brierleyhose.com.au/uploads/6/1/8/4/61849789/thermotec-4-zero.pdf,https://www.brierleyhose.com.au/uploads/6/1/8/4/61849789/thermotec.pdf,REVIEW,Material conflict between product and spec fields; Thermal R conflict between legacy and spec fields; Order Quantity contains repeated 6712; confirm intended meaning,READY,manufacturer_supported,True,False,Product_Master_Bot_Sheet1_Validated.xlsx,cab733ff840db5bb8116e4869b42915772cd667d035912612bd78c0d35b4b5b7
Thermotec,E-flex ST Self Seal - 25mm Wall * 38mm,THEREFLEXSTSSPIPEID38T25L2000,E-flex ST Self Seal - 25mm Wall * 38mm,Yes,Pipe Insulation,Elastomeric Foam,Pipe,E-flex ST Self Seal - 25mm Wall * 38mm,THERMOTEC_E_FLEX_ST,E-Flex ST Pipe Insulation,knowledge/thermotec/e-flex-st.md,Review: R1.2 | R2.5,Not stated,Not stated,Spec Total R-value; Spec Product R-value; Legacy performance,https://www.brierleyhose.com.au/uploads/6/1/8/4/61849789/thermotec-4-zero.pdf,https://www.brierleyhose.com.au/uploads/6/1/8/4/61849789/thermotec.pdf,REVIEW,Material conflict between product and spec fields; Thermal R conflict between legacy and spec fields; Order Quantity contains repeated 6712; confirm intended meaning,READY,manufacturer_supported,True,False,Product_Master_Bot_Sheet1_Validated.xlsx,cab733ff840db5bb8116e4869b42915772cd667d035912612bd78c0d35b4b5b7
Thermotec,E-flex ST Self Seal - 13mm Wall * 42mm,THEREFLEXSTSSPIPEID42T13L2000,E-flex ST Self Seal - 13mm Wall * 42mm,Yes,Pipe Insulation,Elastomeric Foam,Pipe,E-flex ST Self Seal - 13mm Wall * 42mm,THERMOTEC_E_FLEX_ST,E-Flex ST Pipe Insulation,knowledge/thermotec/e-flex-st.md,Review: R1.2 | R2.5,Not stated,Not stated,Spec Total R-value; Spec Product R-value; Legacy performance,https://www.brierleyhose.com.au/uploads/6/1/8/4/61849789/thermotec-4-zero.pdf,https://www.brierleyhose.com.au/uploads/6/1/8/4/61849789/thermotec.pdf,REVIEW,Material conflict between product and spec fields; Thermal R conflict between legacy and spec fields; Order Quantity contains repeated 6712; confirm intended meaning,READY,manufacturer_supported,True,False,Product_Master_Bot_Sheet1_Validated.xlsx,cab733ff840db5bb8116e4869b42915772cd667d035912612bd78c0d35b4b5b7
Thermotec,E-flex ST Self Seal - 19mm Wall * 51mm,THEREFLEXSTSSPIPEID51T19L2000,E-flex ST Self Seal - 19mm Wall * 51mm,Yes,Pipe Insulation,Elastomeric Foam,Pipe,E-flex ST Self Seal - 19mm Wall * 51mm,THERMOTEC_E_FLEX_ST,E-Flex ST Pipe Insulation,knowledge/thermotec/e-flex-st.md,Review: R1.2 | R2.5,Not stated,Not stated,Spec Total R-value; Spec Product R-value; Legacy performance,https://www.brierleyhose.com.au/uploads/6/1/8/4/61849789/thermotec-4-zero.pdf,https://www.brierleyhose.com.au/uploads/6/1/8/4/61849789/thermotec.pdf,REVIEW,Material conflict between product and spec fields; Thermal R conflict between legacy and spec fields; Order Quantity contains repeated 6712; confirm intended meaning,READY,manufacturer_supported,True,False,Product_Master_Bot_Sheet1_Validated.xlsx,cab733ff840db5bb8116e4869b42915772cd667d035912612bd78c0d35b4b5b7
Thermotec,E-flex ST Self Seal - 25mm Wall * 51mm,THEREFLEXSTSSPIPEID51T25L2000,E-flex ST Self Seal - 25mm Wall * 51mm,Yes,Pipe Insulation,Elastomeric Foam,Pipe,E-flex ST Self Seal - 25mm Wall * 51mm,THERMOTEC_E_FLEX_ST,E-Flex ST Pipe Insulation,knowledge/thermotec/e-flex-st.md,Review: R1.2 | R2.5,Not stated,Not stated,Spec Total R-value; Spec Product R-value; Legacy performance,https://www.brierleyhose.com.au/uploads/6/1/8/4/61849789/thermotec-4-zero.pdf,https://www.brierleyhose.com.au/uploads/6/1/8/4/61849789/thermotec.pdf,REVIEW,Material conflict between product and spec fields; Thermal R conflict between legacy and spec fields; Order Quantity contains repeated 6712; confirm intended meaning,READY,manufacturer_supported,True,False,Product_Master_Bot_Sheet1_Validated.xlsx,cab733ff840db5bb8116e4869b42915772cd667d035912612bd78c0d35b4b5b7
Fletcher,FL-4006098,FIPBR25T130W430L1160PK16,PINK BATTS R2.5 1160X430X130 16PK,Yes,Batt,Glasswool,Ceiling,4006098,FLETCHER_PINK_BATTS_CEILING,Pink Batts Ceiling Insulation,knowledge/fletcher/pink-batts-ceiling.md,Review: R3.42 | R2.5,Not stated,NRC 0.80,Spec Total R-value; Spec Acoustic Rating; Legacy performance,https://insulation.com.au/wp-content/uploads/2019/11/TDS-Pink-Batts-Ceiling-v4.pdf,https://insulation.com.au/wp-content/uploads/2024/SUIS-FBS-1-Glasswool-Bio-soluble-Insulation-Rev3-171024.pdf,REVIEW,Thermal R conflict between legacy and spec fields; Order Flag contains repeated 6712; confirm intended meaning; Order Quantity contains repeated 6712; confirm intended meaning,READY,manufacturer_supported,True,False,Product_Master_Bot_Sheet1_Validated.xlsx,cab733ff840db5bb8116e4869b42915772cd667d035912612bd78c0d35b4b5b7
Fletcher,FL-4006099,FIPBR25T130W580L1160PK16,PINK BATTS R2.5 1160X580X130 16PK,Yes,Batt,Glasswool,Ceiling,4006099,FLETCHER_PINK_BATTS_CEILING,Pink Batts Ceiling Insulation,knowledge/fletcher/pink-batts-ceiling.md,Review: R3.42 | R2.5,Not stated,NRC 0.80,Spec Total R-value; Spec Acoustic Rating; Legacy performance,https://insulation.com.au/wp-content/uploads/2019/11/TDS-Pink-Batts-Ceiling-v4.pdf,https://insulation.com.au/wp-content/uploads/2024/SUIS-FBS-1-Glasswool-Bio-soluble-Insulation-Rev3-171024.pdf,REVIEW,Thermal R conflict between legacy and spec fields; Order Flag contains repeated 6712; confirm intended meaning; Order Quantity contains repeated 6712; confirm intended meaning,READY,manufacturer_supported,True,False,Product_Master_Bot_Sheet1_Validated.xlsx,cab733ff840db5bb8116e4869b42915772cd667d035912612bd78c0d35b4b5b7
Fletcher,FL-4020593,FIR31T110W450L12006PK,PERIMETER BATT R3.1 1200X450X110 6PK,Yes,Batt,Glasswool,Ceiling,4020593,FLETCHER_PINK_BATTS_CEILING,Pink Batts Ceiling Insulation,knowledge/fletcher/pink-batts-ceiling.md,Review: R2.92 | R3.1,Not stated,NRC 0.80,Spec Total R-value; Spec Acoustic Rating; Legacy performance,https://insulation.com.au/wp-content/uploads/2019/11/TDS-Pink-Batts-Ceiling-v4.pdf,https://insulation.com.au/wp-content/uploads/2024/SUIS-FBS-1-Glasswool-Bio-soluble-Insulation-Rev3-171024.pdf,REVIEW,Thermal R conflict between legacy and spec fields; Order Flag contains repeated 6712; confirm intended meaning; Order Quantity contains repeated 6712; confirm intended meaning,READY,manufacturer_supported,True,False,Product_Master_Bot_Sheet1_Validated.xlsx,cab733ff840db5bb8116e4869b42915772cd667d035912612bd78c0d35b4b5b7
Fletcher,FL-4006277,FIPBR15T70W430L1160PK24,PINK BATTS WALL R1.5 1160X430X70 24PK,Yes,Batt,Glasswool,Internal Wall,4006277,FLETCHER_PINK_BATTS_WALL,Pink Batts Wall Insulation,knowledge/fletcher/pink-batts-wall.md,R1.5,Not stated,NRC 0.80,Spec Total R-value; Spec Acoustic Rating; Legacy performance,https://insulation.com.au/wp-content/uploads/2024/TDS-Pink-Batts-Wall-Rev12-010225.pdf,https://insulation.com.au/wp-content/uploads/2024/SUIS-FBS-1-Glasswool-Bio-soluble-Insulation-Rev3-171024.pdf,REVIEW,Order Flag contains repeated 6712; confirm intended meaning; Order Quantity contains repeated 6712; confirm intended meaning,READY,manufacturer_supported,True,False,Product_Master_Bot_Sheet1_Validated.xlsx,cab733ff840db5bb8116e4869b42915772cd667d035912612bd78c0d35b4b5b7
Fletcher,FL-4006278,FIPBR15T70W580L1160PK24,PINK BATTS WALL R1.5 1160X580X70 24PK,Yes,Batt,Glasswool,Internal Wall,4006278,FLETCHER_PINK_BATTS_WALL,Pink Batts Wall Insulation,knowledge/fletcher/pink-batts-wall.md,R1.5,Not stated,NRC 0.80,Spec Total R-value; Spec Acoustic Rating; Legacy performance,https://insulation.com.au/wp-content/uploads/2024/TDS-Pink-Batts-Wall-Rev12-010225.pdf,https://insulation.com.au/wp-content/uploads/2024/SUIS-FBS-1-Glasswool-Bio-soluble-Insulation-Rev3-171024.pdf,REVIEW,Order Flag contains repeated 6712; confirm intended meaning; Order Quantity contains repeated 6712; confirm intended meaning,READY,manufacturer_supported,True,False,Product_Master_Bot_Sheet1_Validated.xlsx,cab733ff840db5bb8116e4869b42915772cd667d035912612bd78c0d35b4b5b7
Fletcher,FL-4003789,FI32SEMIRIGIDT75W1410L3000PK3,FI32 SEMI RIGID 3000X1410X75 (3) Rigid Internal Lining - PK 32kg,Yes,Batt,Glasswool,Duct,4003789,FLETCHER_FI32_SEMI_RIGID,FI32 Semi-Rigid Insulation,knowledge/fletcher/fi32-semi-rigid.md,Review: R2.04 | R1.9,Not stated,NRC 0.80,Spec Total R-value; Spec Acoustic Rating; Legacy performance,https://insulation.com.au/wp-content/uploads/2019/11/TDS-Pink-Batts-Ceiling-v4.pdf,https://insulation.com.au/wp-content/uploads/2024/SUIS-FBS-1-Glasswool-Bio-soluble-Insulation-Rev3-171024.pdf,REVIEW,Thermal R conflict between legacy and spec fields; Order Flag contains repeated 6712; confirm intended meaning; Order Quantity contains repeated 6712; confirm intended meaning,READY,manufacturer_supported,True,False,Product_Master_Bot_Sheet1_Validated.xlsx,cab733ff840db5bb8116e4869b42915772cd667d035912612bd78c0d35b4b5b7
Fletcher,FL-4005381,FI32SEMIRIGIDT38W1500L2400PK6,FI32 SEMI RIGID 2400X1500X38 (6) PK,Yes,Batt,Glasswool,Duct,4005381,FLETCHER_FI32_SEMI_RIGID,FI32 Semi-Rigid Insulation,knowledge/fletcher/fi32-semi-rigid.md,Review: R1.12 | R0.9,Not stated,NRC 0.80,Spec Total R-value; Spec Acoustic Rating; Legacy performance,https://insulation.com.au/wp-content/uploads/2019/11/TDS-Pink-Batts-Ceiling-v4.pdf,https://insulation.com.au/wp-content/uploads/2024/SUIS-FBS-1-Glasswool-Bio-soluble-Insulation-Rev3-171024.pdf,REVIEW,Thermal R conflict between legacy and spec fields; Order Flag contains repeated 6712; confirm intended meaning; Order Quantity contains repeated 6712; confirm intended meaning,READY,manufacturer_supported,True,False,Product_Master_Bot_Sheet1_Validated.xlsx,cab733ff840db5bb8116e4869b42915772cd667d035912612bd78c0d35b4b5b7
Fletcher,FL-4005563,FI32SEMIRIGIDT50W1500L10MPK,FI32 SEMI RIGID 10000X1500X50 ROL,Yes,Batt,Glasswool,Duct,4005563,FLETCHER_FI32_SEMI_RIGID,FI32 Semi-Rigid Insulation,knowledge/fletcher/fi32-semi-rigid.md,Review: R1.42 | R1.3,Not stated,NRC 0.80,Spec Total R-value; Spec Acoustic Rating; Legacy performance,https://insulation.com.au/wp-content/uploads/2019/11/TDS-Pink-Batts-Ceiling-v4.pdf,https://insulation.com.au/wp-content/uploads/2024/SUIS-FBS-1-Glasswool-Bio-soluble-Insulation-Rev3-171024.pdf,REVIEW,Thermal R conflict between legacy and spec fields; Order Flag contains repeated 6712; confirm intended meaning; Order Quantity contains repeated 6712; confirm intended meaning,READY,manufacturer_supported,True,False,Product_Master_Bot_Sheet1_Validated.xlsx,cab733ff840db5bb8116e4869b42915772cd667d035912612bd78c0d35b4b5b7
Fletcher,FL-4006968,FI32SEMIRIGIDT25W1200L2400PK10,FI32 SEMI RIGID 2400X1200X25 (10) PK,Yes,Batt,Glasswool,Duct,4006968,FLETCHER_FI32_SEMI_RIGID,FI32 Semi-Rigid Insulation,knowledge/fletcher/fi32-semi-rigid.md,Review: R0.80 | R0.6,Not stated,NRC 0.80,Spec Total R-value; Spec Acoustic Rating; Legacy performance,https://insulation.com.au/wp-content/uploads/2019/11/TDS-Pink-Batts-Ceiling-v4.pdf,https://insulation.com.au/wp-content/uploads/2024/SUIS-FBS-1-Glasswool-Bio-soluble-Insulation-Rev3-171024.pdf,REVIEW,Thermal R conflict between legacy and spec fields; Order Flag contains repeated 6712; confirm intended meaning; Order Quantity contains repeated 6712; confirm intended meaning,READY,manufacturer_supported,True,False,Product_Master_Bot_Sheet1_Validated.xlsx,cab733ff840db5bb8116e4869b42915772cd667d035912612bd78c0d35b4b5b7
Fletcher,FL-4006969,FI32SEMIRIGIDT25W1500L2400PK10,FI32 SEMI RIGID 2400X1500X25 (10) PK,Yes,Batt,Glasswool,Duct,4006969,FLETCHER_FI32_SEMI_RIGID,FI32 Semi-Rigid Insulation,knowledge/fletcher/fi32-semi-rigid.md,Review: R0.80 | R0.6,Not stated,NRC 0.80,Spec Total R-value; Spec Acoustic Rating; Legacy performance,https://insulation.com.au/wp-content/uploads/2019/11/TDS-Pink-Batts-Ceiling-v4.pdf,https://insulation.com.au/wp-content/uploads/2024/SUIS-FBS-1-Glasswool-Bio-soluble-Insulation-Rev3-171024.pdf,REVIEW,Thermal R conflict between legacy and spec fields; Order Flag contains repeated 6712; confirm intended meaning; Order Quantity contains repeated 6712; confirm intended meaning,READY,manufacturer_supported,True,False,Product_Master_Bot_Sheet1_Validated.xlsx,cab733ff840db5bb8116e4869b42915772cd667d035912612bd78c0d35b4b5b7
Fletcher,FL-4006972,FI32SEMIRIGIDT50W1200L2400PK5,FI32 SEMI RIGID 2400X1200X50 (5) PK,Yes,Batt,Glasswool,Duct,4006972,FLETCHER_FI32_SEMI_RIGID,FI32 Semi-Rigid Insulation,knowledge/fletcher/fi32-semi-rigid.md,Review: R1.42 | R1.3,Not stated,NRC 0.80,Spec Total R-value; Spec Acoustic Rating; Legacy performance,https://insulation.com.au/wp-content/uploads/2019/11/TDS-Pink-Batts-Ceiling-v4.pdf,https://insulation.com.au/wp-content/uploads/2024/SUIS-FBS-1-Glasswool-Bio-soluble-Insulation-Rev3-171024.pdf,REVIEW,Thermal R conflict between legacy and spec fields; Order Flag contains repeated 6712; confirm intended meaning; Order Quantity contains repeated 6712; confirm intended meaning,READY,manufacturer_supported,True,False,Product_Master_Bot_Sheet1_Validated.xlsx,cab733ff840db5bb8116e4869b42915772cd667d035912612bd78c0d35b4b5b7
Fletcher,FL-4006976,FI32SEMIRIGIDT100W1200L2400PK2,FI32 SEMI RIGID 2400X1200X100 (2) PK,Yes,Batt,Glasswool,Duct,4006976,FLETCHER_FI32_SEMI_RIGID,FI32 Semi-Rigid Insulation,knowledge/fletcher/fi32-semi-rigid.md,Review: R2.67 | R2.5,Not stated,NRC 0.80,Spec Total R-value; Spec Acoustic Rating; Legacy performance,https://insulation.com.au/wp-content/uploads/2019/11/TDS-Pink-Batts-Ceiling-v4.pdf,https://insulation.com.au/wp-content/uploads/2024/SUIS-FBS-1-Glasswool-Bio-soluble-Insulation-Rev3-171024.pdf,REVIEW,Thermal R conflict between legacy and spec fields; Order Flag contains repeated 6712; confirm intended meaning; Order Quantity contains repeated 6712; confirm intended meaning,READY,manufacturer_supported,True,False,Product_Master_Bot_Sheet1_Validated.xlsx,cab733ff840db5bb8116e4869b42915772cd667d035912612bd78c0d35b4b5b7
Fletcher,FL-4006985,FI32SEMIRIGIDHDPT25W1500L2400,FI32 SEMI RIGID 2400X1500X25 HDP (10) PK,Yes,Batt,Glasswool,Duct,4006985,FLETCHER_FI32_SEMI_RIGID,FI32 Semi-Rigid Insulation,knowledge/fletcher/fi32-semi-rigid.md,Review: R0.80 | R0.6,Not stated,NRC 0.80,Spec Total R-value; Spec Acoustic Rating; Legacy performance,https://insulation.com.au/wp-content/uploads/2019/11/TDS-Pink-Batts-Ceiling-v4.pdf,https://insulation.com.au/wp-content/uploads/2024/SUIS-FBS-1-Glasswool-Bio-soluble-Insulation-Rev3-171024.pdf,REVIEW,Duplicate SKU; Thermal R conflict between legacy and spec fields; Order Flag contains repeated 6712; confirm intended meaning; Order Quantity contains repeated 6712; confirm intended meaning,READY,manufacturer_supported,True,False,Product_Master_Bot_Sheet1_Validated.xlsx,cab733ff840db5bb8116e4869b42915772cd667d035912612bd78c0d35b4b5b7
Fletcher,FL-4008743,FI32SEMIRIGIDT50W1500L2400PK5,FI32 SEMI RIGID 2400X1500X50 (5) PK,Yes,Batt,Glasswool,Duct,4008743,FLETCHER_FI32_SEMI_RIGID,FI32 Semi-Rigid Insulation,knowledge/fletcher/fi32-semi-rigid.md,Review: R1.42 | R1.3,Not stated,NRC 0.80,Spec Total R-value; Spec Acoustic Rating; Legacy performance,https://insulation.com.au/wp-content/uploads/2019/11/TDS-Pink-Batts-Ceiling-v4.pdf,https://insulation.com.au/wp-content/uploads/2024/SUIS-FBS-1-Glasswool-Bio-soluble-Insulation-Rev3-171024.pdf,REVIEW,Thermal R conflict between legacy and spec fields; Order Flag contains repeated 6712; confirm intended meaning; Order Quantity contains repeated 6712; confirm intended meaning,READY,manufacturer_supported,True,False,Product_Master_Bot_Sheet1_Validated.xlsx,cab733ff840db5bb8116e4869b42915772cd667d035912612bd78c0d35b4b5b7
Fletcher,FL-4021944,FI32SEMIRIGIDHDPT25W1500L2400,FI32 SEMI RIGID 2400X1500X25 HDP (10) PK,Yes,Batt,Glasswool,Duct,4021944,FLETCHER_FI32_SEMI_RIGID,FI32 Semi-Rigid Insulation,knowledge/fletcher/fi32-semi-rigid.md,Review: R0.80 | R0.6,Not stated,NRC 0.80,Spec Total R-value; Spec Acoustic Rating; Legacy performance,https://insulation.com.au/wp-content/uploads/2019/11/TDS-Pink-Batts-Ceiling-v4.pdf,https://insulation.com.au/wp-content/uploads/2024/SUIS-FBS-1-Glasswool-Bio-soluble-Insulation-Rev3-171024.pdf,REVIEW,Duplicate SKU; Thermal R conflict between legacy and spec fields; Order Flag contains repeated 6712; confirm intended meaning; Order Quantity contains repeated 6712; confirm intended meaning,READY,manufacturer_supported,True,False,Product_Master_Bot_Sheet1_Validated.xlsx,cab733ff840db5bb8116e4869b42915772cd667d035912612bd78c0d35b4b5b7
Fletcher,FL-4005520,FIMULTIPURPOSE439W1350L60MRL,MULTIPURPOSE 439 LIGHT DUTY Non Vapour 1350MMX60M Permeable Water Barrier,Yes,Wall Wrap / Sarking,Reflective Membrane,Wall Wrap / Sarking,4005520,FLETCHER_SISALATION_WRAP,Sisalation Tuff Wrap and Multipurpose Sarking,knowledge/fletcher/sisalation-wrap.md,Review: R33.92 | R33.8,Not stated,Not stated,Spec Total R-value; Legacy performance,https://insulation.com.au/wp-content/uploads/2024/TDS-Pink-Batts-Wall-Rev12-010225.pdf,https://insulation.com.au/wp-content/uploads/2024/SUIS-FBS-1-Glasswool-Bio-soluble-Insulation-Rev3-171024.pdf,REVIEW,Thermal R conflict between legacy and spec fields; Order Flag contains repeated 6712; confirm intended meaning; Order Quantity contains repeated 6712; confirm intended meaning,READY,manufacturer_supported_variant_review,True,False,Product_Master_Bot_Sheet1_Validated.xlsx,cab733ff840db5bb8116e4869b42915772cd667d035912612bd78c0d35b4b5b7
Fletcher,FL-4005560,FIFLEXDLINERT25W1500L20MRL,FI22 FLEX DLINER 20000X1500X25 Flexible wrap - 22kg HDP ROL,Yes,Wall Wrap / Sarking,Glasswool,Duct,4005560,FLETCHER_FI24_FLEX_DUCTLINER,FI24 Flexible Ductliner,knowledge/fletcher/fi24-flex-ductliner.md,Review: R0.80 | R0.6,Not stated,NRC 0.80,Spec Total R-value; Spec Acoustic Rating; Legacy performance,https://insulation.com.au/wp-content/uploads/2024/TDS-Pink-Batts-Wall-Rev12-010225.pdf,https://insulation.com.au/wp-content/uploads/2024/SUIS-FBS-1-Glasswool-Bio-soluble-Insulation-Rev3-171024.pdf,REVIEW,Thermal R conflict between legacy and spec fields; Order Flag contains repeated 6712; confirm intended meaning; Order Quantity contains repeated 6712; confirm intended meaning,READY,manufacturer_supported_identity_review,False,False,Product_Master_Bot_Sheet1_Validated.xlsx,cab733ff840db5bb8116e4869b42915772cd667d035912612bd78c0d35b4b5b7
Fletcher,FL-4005602,FIPTHERMSLABT50W1200L2400PK5,PINK THERM SLAB SIS HD HD 2400X1200X50 5PK,Yes,Batt,Glasswool,Internal Wall,4005602,FLETCHER_PINK_THERMAL_SLAB,Pink Thermal Slab,knowledge/fletcher/pink-thermal-slab.md,Review: R1.42 | R1.3,Not stated,NRC 0.80,Spec Total R-value; Spec Acoustic Rating; Legacy performance,https://insulation.com.au/wp-content/uploads/2024/TDS-Pink-Batts-Wall-Rev12-010225.pdf,https://insulation.com.au/wp-content/uploads/2024/SUIS-FBS-1-Glasswool-Bio-soluble-Insulation-Rev3-171024.pdf,REVIEW,Thermal R conflict between legacy and spec fields; Order Flag contains repeated 6712; confirm intended meaning; Order Quantity contains repeated 6712; confirm intended meaning,READY,manufacturer_supported,True,False,Product_Master_Bot_Sheet1_Validated.xlsx,cab733ff840db5bb8116e4869b42915772cd667d035912612bd78c0d35b4b5b7
Fletcher,FL-4005603,FIPTHERMSLABT75W1200L2400PK3,PINK THERM SLAB SIS HD HD 2400X1200X75 3PK,Yes,Batt,Glasswool,Internal Wall,4005603,FLETCHER_PINK_THERMAL_SLAB,Pink Thermal Slab,knowledge/fletcher/pink-thermal-slab.md,Review: R2.04 | R1.9,Not stated,NRC 0.80,Spec Total R-value; Spec Acoustic Rating; Legacy performance,https://insulation.com.au/wp-content/uploads/2024/TDS-Pink-Batts-Wall-Rev12-010225.pdf,https://insulation.com.au/wp-content/uploads/2024/SUIS-FBS-1-Glasswool-Bio-soluble-Insulation-Rev3-171024.pdf,REVIEW,Thermal R conflict between legacy and spec fields; Order Flag contains repeated 6712; confirm intended meaning; Order Quantity contains repeated 6712; confirm intended meaning,READY,manufacturer_supported,True,False,Product_Master_Bot_Sheet1_Validated.xlsx,cab733ff840db5bb8116e4869b42915772cd667d035912612bd78c0d35b4b5b7
Fletcher,FL-4005604,FIPTHERMSLABT100W1200L2400PK2,PINK THERM SLAB SIS HD 2400X1200X100 2PK,Yes,Batt,Glasswool,Internal Wall,4005604,FLETCHER_PINK_THERMAL_SLAB,Pink Thermal Slab,knowledge/fletcher/pink-thermal-slab.md,Review: R2.67 | R2.5,Not stated,NRC 0.80,Spec Total R-value; Spec Acoustic Rating; Legacy performance,https://insulation.com.au/wp-content/uploads/2024/TDS-Pink-Batts-Wall-Rev12-010225.pdf,https://insulation.com.au/wp-content/uploads/2024/SUIS-FBS-1-Glasswool-Bio-soluble-Insulation-Rev3-171024.pdf,REVIEW,Thermal R conflict between legacy and spec fields; Order Flag contains repeated 6712; confirm intended meaning; Order Quantity contains repeated 6712; confirm intended meaning,READY,manufacturer_supported,True,False,Product_Master_Bot_Sheet1_Validated.xlsx,cab733ff840db5bb8116e4869b42915772cd667d035912612bd78c0d35b4b5b7
Fletcher,FL-4005605,FIPTHERMSLABT68W1200L2400PK3,PINK THERM SLAB SIS HD 2400X1200X68 3PK,Yes,Batt,Glasswool,Internal Wall,4005605,FLETCHER_PINK_THERMAL_SLAB,Pink Thermal Slab,knowledge/fletcher/pink-thermal-slab.md,Review: R1.87 | R1.7,Not stated,NRC 0.80,Spec Total R-value; Spec Acoustic Rating; Legacy performance,https://insulation.com.au/wp-content/uploads/2024/TDS-Pink-Batts-Wall-Rev12-010225.pdf,https://insulation.com.au/wp-content/uploads/2024/SUIS-FBS-1-Glasswool-Bio-soluble-Insulation-Rev3-171024.pdf,REVIEW,Thermal R conflict between legacy and spec fields; Order Flag contains repeated 6712; confirm intended meaning; Order Quantity contains repeated 6712; confirm intended meaning,READY,manufacturer_supported,True,False,Product_Master_Bot_Sheet1_Validated.xlsx,cab733ff840db5bb8116e4869b42915772cd667d035912612bd78c0d35b4b5b7
Fletcher,FL-4005619,FIPSTOPHDR25T100W1200L10MRL,PERMASTOP HD R2.5 100MM 1200X10000,Yes,Wall Wrap / Sarking,Reflective Membrane,Wall Wrap / Sarking,4005619,FLETCHER_PERMASTOP,Permastop Building Blanket,knowledge/fletcher/permastop.md,Review: R2.67 | R2.5,Not stated,Not stated,Spec Total R-value; Legacy performance,https://insulation.com.au/wp-content/uploads/2024/TDS-Pink-Batts-Wall-Rev12-010225.pdf,https://insulation.com.au/wp-content/uploads/2024/SUIS-FBS-1-Glasswool-Bio-soluble-Insulation-Rev3-171024.pdf,REVIEW,Thermal R conflict between legacy and spec fields; Order Flag contains repeated 6712; confirm intended meaning; Order Quantity contains repeated 6712; confirm intended meaning,READY,manufacturer_supported,True,False,Product_Master_Bot_Sheet1_Validated.xlsx,cab733ff840db5bb8116e4869b42915772cd667d035912612bd78c0d35b4b5b7
Fletcher,FL-4005622,FIPSTOPMDR32T130W1200L10MRL,PERMASTOP MD R3.2 130MM 1200X10000,Yes,Wall Wrap / Sarking,Reflective Membrane,Wall Wrap / Sarking,4005622,FLETCHER_PERMASTOP,Permastop Building Blanket,knowledge/fletcher/permastop.md,Review: R3.42 | R3.2,Not stated,Not stated,Spec Total R-value; Legacy performance,https://insulation.com.au/wp-content/uploads/2024/TDS-Pink-Batts-Wall-Rev12-010225.pdf,https://insulation.com.au/wp-content/uploads/2024/SUIS-FBS-1-Glasswool-Bio-soluble-Insulation-Rev3-171024.pdf,REVIEW,Thermal R conflict between legacy and spec fields; Order Flag contains repeated 6712; confirm intended meaning; Order Quantity contains repeated 6712; confirm intended meaning,READY,manufacturer_supported,True,False,Product_Master_Bot_Sheet1_Validated.xlsx,cab733ff840db5bb8116e4869b42915772cd667d035912612bd78c0d35b4b5b7
Fletcher,FL-4005626,FIPSTOPMDR36T130W1200L6P5MRL,PERMASTOP MD R3.6 130MM 1200X6500,Yes,Wall Wrap / Sarking,Reflective Membrane,Wall Wrap / Sarking,4005626,FLETCHER_PERMASTOP,Permastop Building Blanket,knowledge/fletcher/permastop.md,Review: R3.42 | R3.6,Not stated,Not stated,Spec Total R-value; Legacy performance,https://insulation.com.au/wp-content/uploads/2024/TDS-Pink-Batts-Wall-Rev12-010225.pdf,https://insulation.com.au/wp-content/uploads/2024/SUIS-FBS-1-Glasswool-Bio-soluble-Insulation-Rev3-171024.pdf,REVIEW,Thermal R conflict between legacy and spec fields; Order Flag contains repeated 6712; confirm intended meaning; Order Quantity contains repeated 6712; confirm intended meaning,READY,manufacturer_supported,True,False,Product_Master_Bot_Sheet1_Validated.xlsx,cab733ff840db5bb8116e4869b42915772cd667d035912612bd78c0d35b4b5b7
Fletcher,FL-4005631,FIPSTOPMDR3T130W1200L10MRL,PERMASTOP MD R3.0 130MM 1200X10000,Yes,Wall Wrap / Sarking,Reflective Membrane,Wall Wrap / Sarking,4005631,FLETCHER_PERMASTOP,Permastop Building Blanket,knowledge/fletcher/permastop.md,Review: R3.42 | R3,Not stated,Not stated,Spec Total R-value; Legacy performance,https://insulation.com.au/wp-content/uploads/2024/TDS-Pink-Batts-Wall-Rev12-010225.pdf,https://insulation.com.au/wp-content/uploads/2024/SUIS-FBS-1-Glasswool-Bio-soluble-Insulation-Rev3-171024.pdf,REVIEW,Thermal R conflict between legacy and spec fields; Order Flag contains repeated 6712; confirm intended meaning; Order Quantity contains repeated 6712; confirm intended meaning,READY,manufacturer_supported,True,False,Product_Master_Bot_Sheet1_Validated.xlsx,cab733ff840db5bb8116e4869b42915772cd667d035912612bd78c0d35b4b5b7
Fletcher,FL-4005712,FIPSTOPMDR18T75W1200L15MRL,PERMASTOP MD R1.8 75MM 1200X15000,Yes,Wall Wrap / Sarking,Reflective Membrane,Wall Wrap / Sarking,4005712,FLETCHER_PERMASTOP,Permastop Building Blanket,knowledge/fletcher/permastop.md,Review: R2.04 | R1.8,Not stated,Not stated,Spec Total R-value; Legacy performance,https://insulation.com.au/wp-content/uploads/2024/TDS-Pink-Batts-Wall-Rev12-010225.pdf,https://insulation.com.au/wp-content/uploads/2024/SUIS-FBS-1-Glasswool-Bio-soluble-Insulation-Rev3-171024.pdf,REVIEW,Thermal R conflict between legacy and spec fields; Order Flag contains repeated 6712; confirm intended meaning; Order Quantity contains repeated 6712; confirm intended meaning,READY,manufacturer_supported,True,False,Product_Master_Bot_Sheet1_Validated.xlsx,cab733ff840db5bb8116e4869b42915772cd667d035912612bd78c0d35b4b5b7
Fletcher,FL-4005719,FIPSTOPMDR25T100W1200L10MRL,PERMASTOP MD R2.5 100MM 1200X10000,Yes,Wall Wrap / Sarking,Reflective Membrane,Wall Wrap / Sarking,4005719,FLETCHER_PERMASTOP,Permastop Building Blanket,knowledge/fletcher/permastop.md,Review: R2.67 | R2.5,Not stated,Not stated,Spec Total R-value; Legacy performance,https://insulation.com.au/wp-content/uploads/2024/TDS-Pink-Batts-Wall-Rev12-010225.pdf,https://insulation.com.au/wp-content/uploads/2024/SUIS-FBS-1-Glasswool-Bio-soluble-Insulation-Rev3-171024.pdf,REVIEW,Thermal R conflict between legacy and spec fields; Order Flag contains repeated 6712; confirm intended meaning; Order Quantity contains repeated 6712; confirm intended meaning,READY,manufacturer_supported,True,False,Product_Master_Bot_Sheet1_Validated.xlsx,cab733ff840db5bb8116e4869b42915772cd667d035912612bd78c0d35b4b5b7
Fletcher,FL-4005793,FIPSTOPMDR13T55W1200L15MRL,PERMASTOP MD R1.3 55MM 1200X15000,Yes,Wall Wrap / Sarking,Reflective Membrane,Wall Wrap / Sarking,4005793,FLETCHER_PERMASTOP,Permastop Building Blanket,knowledge/fletcher/permastop.md,Review: R1.54 | R1.3,Not stated,Not stated,Spec Total R-value; Legacy performance,https://insulation.com.au/wp-content/uploads/2024/TDS-Pink-Batts-Wall-Rev12-010225.pdf,https://insulation.com.au/wp-content/uploads/2024/SUIS-FBS-1-Glasswool-Bio-soluble-Insulation-Rev3-171024.pdf,REVIEW,Thermal R conflict between legacy and spec fields; Order Flag contains repeated 6712; confirm intended meaning; Order Quantity contains repeated 6712; confirm intended meaning,READY,manufacturer_supported,True,False,Product_Master_Bot_Sheet1_Validated.xlsx,cab733ff840db5bb8116e4869b42915772cd667d035912612bd78c0d35b4b5b7
Fletcher,FL-4005821,FIPSTOPLDR13T55W1200L20MRL,PERMASTOP LD R1.3 55MM 1200X20000,Yes,Wall Wrap / Sarking,Reflective Membrane,Wall Wrap / Sarking,4005821,FLETCHER_PERMASTOP,Permastop Building Blanket,knowledge/fletcher/permastop.md,Review: R1.54 | R1.3,Not stated,Not stated,Spec Total R-value; Legacy performance,https://insulation.com.au/wp-content/uploads/2024/TDS-Pink-Batts-Wall-Rev12-010225.pdf,https://insulation.com.au/wp-content/uploads/2024/SUIS-FBS-1-Glasswool-Bio-soluble-Insulation-Rev3-171024.pdf,REVIEW,Duplicate SKU; Thermal R conflict between legacy and spec fields; Order Flag contains repeated 6712; confirm intended meaning; Order Quantity contains repeated 6712; confirm intended meaning,READY,manufacturer_supported,True,False,Product_Master_Bot_Sheet1_Validated.xlsx,cab733ff840db5bb8116e4869b42915772cd667d035912612bd78c0d35b4b5b7
Fletcher,FL-4005878,FIPSTOPLDR25T100W1200L10MRL,PERMASTOP LD R2.5 100MM 1200X10000,Yes,Wall Wrap / Sarking,Reflective Membrane,Wall Wrap / Sarking,4005878,FLETCHER_PERMASTOP,Permastop Building Blanket,knowledge/fletcher/permastop.md,Review: R2.67 | R2.5,Not stated,Not stated,Spec Total R-value; Legacy performance,https://insulation.com.au/wp-content/uploads/2024/TDS-Pink-Batts-Wall-Rev12-010225.pdf,https://insulation.com.au/wp-content/uploads/2024/SUIS-FBS-1-Glasswool-Bio-soluble-Insulation-Rev3-171024.pdf,REVIEW,Duplicate SKU; Thermal R conflict between legacy and spec fields; Order Flag contains repeated 6712; confirm intended meaning; Order Quantity contains repeated 6712; confirm intended meaning,READY,manufacturer_supported,True,False,Product_Master_Bot_Sheet1_Validated.xlsx,cab733ff840db5bb8116e4869b42915772cd667d035912612bd78c0d35b4b5b7
Fletcher,FL-4005939,FIPSTOPLDR13T55W1200L15MRL,PERMASTOP LD R1.3 55MM 1200X15000,Yes,Wall Wrap / Sarking,Reflective Membrane,Wall Wrap / Sarking,4005939,FLETCHER_PERMASTOP,Permastop Building Blanket,knowledge/fletcher/permastop.md,Review: R1.54 | R1.3,Not stated,Not stated,Spec Total R-value; Legacy performance,https://insulation.com.au/wp-content/uploads/2024/TDS-Pink-Batts-Wall-Rev12-010225.pdf,https://insulation.com.au/wp-content/uploads/2024/SUIS-FBS-1-Glasswool-Bio-soluble-Insulation-Rev3-171024.pdf,REVIEW,Duplicate SKU; Thermal R conflict between legacy and spec fields; Order Flag contains repeated 6712; confirm intended meaning; Order Quantity contains repeated 6712; confirm intended meaning,READY,manufacturer_supported,True,False,Product_Master_Bot_Sheet1_Validated.xlsx,cab733ff840db5bb8116e4869b42915772cd667d035912612bd78c0d35b4b5b7
Fletcher,FL-4020472,FIPSTOPLDR25T100W1200L10MRL,PERMASTOP LD R2.5 100MM 1200X10000,Yes,Wall Wrap / Sarking,Reflective Membrane,Wall Wrap / Sarking,4020472,FLETCHER_PERMASTOP,Permastop Building Blanket,knowledge/fletcher/permastop.md,Review: R2.67 | R2.5,Not stated,Not stated,Spec Total R-value; Legacy performance,https://insulation.com.au/wp-content/uploads/2024/TDS-Pink-Batts-Wall-Rev12-010225.pdf,https://insulation.com.au/wp-content/uploads/2024/SUIS-FBS-1-Glasswool-Bio-soluble-Insulation-Rev3-171024.pdf,REVIEW,Duplicate SKU; Thermal R conflict between legacy and spec fields; Order Flag contains repeated 6712; confirm intended meaning; Order Quantity contains repeated 6712; confirm intended meaning,READY,manufacturer_supported,True,False,Product_Master_Bot_Sheet1_Validated.xlsx,cab733ff840db5bb8116e4869b42915772cd667d035912612bd78c0d35b4b5b7
Fletcher,FL-4020480,FIPSTOPLDR13T55W1200L15MRL,PERMASTOP LD R1.3 55MM 1200X15000,Yes,Wall Wrap / Sarking,Reflective Membrane,Wall Wrap / Sarking,4020480,FLETCHER_PERMASTOP,Permastop Building Blanket,knowledge/fletcher/permastop.md,Review: R1.54 | R1.3,Not stated,Not stated,Spec Total R-value; Legacy performance,https://insulation.com.au/wp-content/uploads/2024/TDS-Pink-Batts-Wall-Rev12-010225.pdf,https://insulation.com.au/wp-content/uploads/2024/SUIS-FBS-1-Glasswool-Bio-soluble-Insulation-Rev3-171024.pdf,REVIEW,Duplicate SKU; Thermal R conflict between legacy and spec fields; Order Flag contains repeated 6712; confirm intended meaning; Order Quantity contains repeated 6712; confirm intended meaning,READY,manufacturer_supported,True,False,Product_Master_Bot_Sheet1_Validated.xlsx,cab733ff840db5bb8116e4869b42915772cd667d035912612bd78c0d35b4b5b7
Fletcher,FL-4020481,FIPSTOPLDR13T55W1200L20MRL,PERMASTOP LD R1.3 55MM 1200X20000,Yes,Wall Wrap / Sarking,Reflective Membrane,Wall Wrap / Sarking,4020481,FLETCHER_PERMASTOP,Permastop Building Blanket,knowledge/fletcher/permastop.md,Review: R1.54 | R1.3,Not stated,Not stated,Spec Total R-value; Legacy performance,https://insulation.com.au/wp-content/uploads/2024/TDS-Pink-Batts-Wall-Rev12-010225.pdf,https://insulation.com.au/wp-content/uploads/2024/SUIS-FBS-1-Glasswool-Bio-soluble-Insulation-Rev3-171024.pdf,REVIEW,Duplicate SKU; Thermal R conflict between legacy and spec fields; Order Flag contains repeated 6712; confirm intended meaning; Order Quantity contains repeated 6712; confirm intended meaning,READY,manufacturer_supported,True,False,Product_Master_Bot_Sheet1_Validated.xlsx,cab733ff840db5bb8116e4869b42915772cd667d035912612bd78c0d35b4b5b7
Fletcher,FL-4022003,FIPSTOPLDR13T55W1200L20MRL,PERMASTOP LD R1.3 55MM 1200X20000,Yes,Wall Wrap / Sarking,Reflective Membrane,Wall Wrap / Sarking,4022003,FLETCHER_PERMASTOP,Permastop Building Blanket,knowledge/fletcher/permastop.md,Review: R1.54 | R1.3,Not stated,Not stated,Spec Total R-value; Legacy performance,https://insulation.com.au/wp-content/uploads/2024/TDS-Pink-Batts-Wall-Rev12-010225.pdf,https://insulation.com.au/wp-content/uploads/2024/SUIS-FBS-1-Glasswool-Bio-soluble-Insulation-Rev3-171024.pdf,REVIEW,Duplicate SKU; Thermal R conflict between legacy and spec fields; Order Flag contains repeated 6712; confirm intended meaning; Order Quantity contains repeated 6712; confirm intended meaning,READY,manufacturer_supported,True,False,Product_Master_Bot_Sheet1_Validated.xlsx,cab733ff840db5bb8116e4869b42915772cd667d035912612bd78c0d35b4b5b7
Fletcher,FL-4022007,FIPSTOPLDR25T100W1200L10MRL,PERMASTOP LD R2.5 100MM 1200X10000,Yes,Wall Wrap / Sarking,Reflective Membrane,Wall Wrap / Sarking,4022007,FLETCHER_PERMASTOP,Permastop Building Blanket,knowledge/fletcher/permastop.md,Review: R2.67 | R2.5,Not stated,Not stated,Spec Total R-value; Legacy performance,https://insulation.com.au/wp-content/uploads/2024/TDS-Pink-Batts-Wall-Rev12-010225.pdf,https://insulation.com.au/wp-content/uploads/2024/SUIS-FBS-1-Glasswool-Bio-soluble-Insulation-Rev3-171024.pdf,REVIEW,Duplicate SKU; Thermal R conflict between legacy and spec fields; Order Flag contains repeated 6712; confirm intended meaning; Order Quantity contains repeated 6712; confirm intended meaning,READY,manufacturer_supported,True,False,Product_Master_Bot_Sheet1_Validated.xlsx,cab733ff840db5bb8116e4869b42915772cd667d035912612bd78c0d35b4b5b7
Fletcher,FL-4022059,FIPSTOPLDR13T55W1200L15MRL,PERMASTOP LD R1.3 55MM 1200X15000,Yes,Wall Wrap / Sarking,Reflective Membrane,Wall Wrap / Sarking,4022059,FLETCHER_PERMASTOP,Permastop Building Blanket,knowledge/fletcher/permastop.md,Review: R1.54 | R1.3,Not stated,Not stated,Spec Total R-value; Legacy performance,https://insulation.com.au/wp-content/uploads/2024/TDS-Pink-Batts-Wall-Rev12-010225.pdf,https://insulation.com.au/wp-content/uploads/2024/SUIS-FBS-1-Glasswool-Bio-soluble-Insulation-Rev3-171024.pdf,REVIEW,Duplicate SKU; Thermal R conflict between legacy and spec fields; Order Flag contains repeated 6712; confirm intended meaning; Order Quantity contains repeated 6712; confirm intended meaning,READY,manufacturer_supported,True,False,Product_Master_Bot_Sheet1_Validated.xlsx,cab733ff840db5bb8116e4869b42915772cd667d035912612bd78c0d35b4b5b7
Fletcher,FL-4005954,FIPP14R19T75W600L2700PK12,PINK PARTITION 14 R1.9 - 14kg 2700X600X75MM(12),Yes,Batt,Glasswool,Internal Wall,4005954,FLETCHER_PINK_PARTITION,Pink Partition Insulation,knowledge/fletcher/pink-partition.md,Review: R2.04 | R1.9,Not stated,NRC 0.80,Spec Total R-value; Spec Acoustic Rating; Legacy performance,https://insulation.com.au/wp-content/uploads/2024/TDS-Pink-Batts-Wall-Rev12-010225.pdf,https://insulation.com.au/wp-content/uploads/2024/SUIS-FBS-1-Glasswool-Bio-soluble-Insulation-Rev3-171024.pdf,REVIEW,Thermal R conflict between legacy and spec fields; Order Flag contains repeated 6712; confirm intended meaning; Order Quantity contains repeated 6712; confirm intended meaning,READY,manufacturer_supported,True,False,Product_Master_Bot_Sheet1_Validated.xlsx,cab733ff840db5bb8116e4869b42915772cd667d035912612bd78c0d35b4b5b7
Fletcher,FL-4008202,FIPP14R13T50W450L2700PK24,PINK PARTITION 14 R1.3 2700X450X50MM(24),Yes,Batt,Glasswool,Internal Wall,4008202,FLETCHER_PINK_PARTITION,Pink Partition Insulation,knowledge/fletcher/pink-partition.md,Review: R1.42 | R1.3,Not stated,NRC 0.80,Spec Total R-value; Spec Acoustic Rating; Legacy performance,https://insulation.com.au/wp-content/uploads/2024/TDS-Pink-Batts-Wall-Rev12-010225.pdf,https://insulation.com.au/wp-content/uploads/2024/SUIS-FBS-1-Glasswool-Bio-soluble-Insulation-Rev3-171024.pdf,REVIEW,Thermal R conflict between legacy and spec fields; Order Flag contains repeated 6712; confirm intended meaning; Order Quantity contains repeated 6712; confirm intended meaning,READY,manufacturer_supported,True,False,Product_Master_Bot_Sheet1_Validated.xlsx,cab733ff840db5bb8116e4869b42915772cd667d035912612bd78c0d35b4b5b7
Fletcher,FL-4006010,FIPP11R18T75W600L2700PK16,PINK PARTITION 11 R1.8 - 11kg 2700X600X75MM(16),Yes,Batt,Glasswool,Internal Wall,4006010,FLETCHER_PINK_PARTITION,Pink Partition Insulation,knowledge/fletcher/pink-partition.md,Review: R2.04 | R1.8,Not stated,NRC 0.80,Spec Total R-value; Spec Acoustic Rating; Legacy performance,https://insulation.com.au/wp-content/uploads/2024/TDS-Pink-Batts-Wall-Rev12-010225.pdf,https://insulation.com.au/wp-content/uploads/2024/SUIS-FBS-1-Glasswool-Bio-soluble-Insulation-Rev3-171024.pdf,REVIEW,Thermal R conflict between legacy and spec fields; Order Flag contains repeated 6712; confirm intended meaning; Order Quantity contains repeated 6712; confirm intended meaning,READY,manufacturer_supported,True,False,Product_Master_Bot_Sheet1_Validated.xlsx,cab733ff840db5bb8116e4869b42915772cd667d035912612bd78c0d35b4b5b7
Fletcher,FL-4006009,FIPP11R18T75W600L1200PK16,PINK PARTITION 11 R1.8 11kg 1200X600X75MM(16),Yes,Batt,Glasswool,Internal Wall,4006009,FLETCHER_PINK_PARTITION,Pink Partition Insulation,knowledge/fletcher/pink-partition.md,Review: R2.04 | R1.8,Not stated,NRC 0.80,Spec Total R-value; Spec Acoustic Rating; Legacy performance,https://insulation.com.au/wp-content/uploads/2024/TDS-Pink-Batts-Wall-Rev12-010225.pdf,https://insulation.com.au/wp-content/uploads/2024/SUIS-FBS-1-Glasswool-Bio-soluble-Insulation-Rev3-171024.pdf,REVIEW,Thermal R conflict between legacy and spec fields; Order Flag contains repeated 6712; confirm intended meaning; Order Quantity contains repeated 6712; confirm intended meaning,READY,manufacturer_supported,True,False,Product_Master_Bot_Sheet1_Validated.xlsx,cab733ff840db5bb8116e4869b42915772cd667d035912612bd78c0d35b4b5b7
Fletcher,FL-4006011,FIPP11R21T90W450L1200PK16,PINK PARTITION 11 R2.1 1200X450X90MM(16),Yes,Batt,Glasswool,Internal Wall,4006011,FLETCHER_PINK_PARTITION,Pink Partition Insulation,knowledge/fletcher/pink-partition.md,Review: R2.42 | R2.1,Not stated,NRC 0.80,Spec Total R-value; Spec Acoustic Rating; Legacy performance,https://insulation.com.au/wp-content/uploads/2024/TDS-Pink-Batts-Wall-Rev12-010225.pdf,https://insulation.com.au/wp-content/uploads/2024/SUIS-FBS-1-Glasswool-Bio-soluble-Insulation-Rev3-171024.pdf,REVIEW,Thermal R conflict between legacy and spec fields; Order Flag contains repeated 6712; confirm intended meaning; Order Quantity contains repeated 6712; confirm intended meaning,READY,manufacturer_supported,True,False,Product_Master_Bot_Sheet1_Validated.xlsx,cab733ff840db5bb8116e4869b42915772cd667d035912612bd78c0d35b4b5b7
Fletcher,FL-4006013,FIPP11R21T90W600L1200PK16,PINK PARTITION 11 R2.1 11kg 1200X600X90MM(16),Yes,Batt,Glasswool,Internal Wall,4006013,FLETCHER_PINK_PARTITION,Pink Partition Insulation,knowledge/fletcher/pink-partition.md,Review: R2.42 | R2.1,Not stated,NRC 0.80,Spec Total R-value; Spec Acoustic Rating; Legacy performance,https://insulation.com.au/wp-content/uploads/2024/TDS-Pink-Batts-Wall-Rev12-010225.pdf,https://insulation.com.au/wp-content/uploads/2024/SUIS-FBS-1-Glasswool-Bio-soluble-Insulation-Rev3-171024.pdf,REVIEW,Thermal R conflict between legacy and spec fields; Order Flag contains repeated 6712; confirm intended meaning; Order Quantity contains repeated 6712; confirm intended meaning,READY,manufacturer_supported,True,False,Product_Master_Bot_Sheet1_Validated.xlsx,cab733ff840db5bb8116e4869b42915772cd667d035912612bd78c0d35b4b5b7
Fletcher,FL-4006015,FIPP11R25T110W600L1200PK16,PINK PARTITION 11 R2.5 1200X600X110MM 16,Yes,Batt,Glasswool,Internal Wall,4006015,FLETCHER_PINK_PARTITION,Pink Partition Insulation,knowledge/fletcher/pink-partition.md,Review: R2.92 | R2.5,Not stated,NRC 0.80,Spec Total R-value; Spec Acoustic Rating; Legacy performance,https://insulation.com.au/wp-content/uploads/2024/TDS-Pink-Batts-Wall-Rev12-010225.pdf,https://insulation.com.au/wp-content/uploads/2024/SUIS-FBS-1-Glasswool-Bio-soluble-Insulation-Rev3-171024.pdf,REVIEW,Thermal R conflict between legacy and spec fields; Order Flag contains repeated 6712; confirm intended meaning; Order Quantity contains repeated 6712; confirm intended meaning,READY,manufacturer_supported,True,False,Product_Master_Bot_Sheet1_Validated.xlsx,cab733ff840db5bb8116e4869b42915772cd667d035912612bd78c0d35b4b5b7
Fletcher,FL-4005951,FIPP14R19T75W450L1200PK16,PINK PARTITION 14 R1.9 14kg 1200X450X75MM(16),Yes,Batt,Glasswool,Internal Wall,4005951,FLETCHER_PINK_PARTITION,Pink Partition Insulation,knowledge/fletcher/pink-partition.md,Review: R2.04 | R1.9,Not stated,NRC 0.80,Spec Total R-value; Spec Acoustic Rating; Legacy performance,https://insulation.com.au/wp-content/uploads/2024/TDS-Pink-Batts-Wall-Rev12-010225.pdf,https://insulation.com.au/wp-content/uploads/2024/SUIS-FBS-1-Glasswool-Bio-soluble-Insulation-Rev3-171024.pdf,REVIEW,Thermal R conflict between legacy and spec fields; Order Flag contains repeated 6712; confirm intended meaning; Order Quantity contains repeated 6712; confirm intended meaning,READY,manufacturer_supported,True,False,Product_Master_Bot_Sheet1_Validated.xlsx,cab733ff840db5bb8116e4869b42915772cd667d035912612bd78c0d35b4b5b7
Fletcher,FL-4005953,FIPP14R19T75W600L1200PK16,PINK PARTITION 14 R1.9 1200X600X75MM(16),Yes,Batt,Glasswool,Internal Wall,4005953,FLETCHER_PINK_PARTITION,Pink Partition Insulation,knowledge/fletcher/pink-partition.md,Review: R2.04 | R1.9,Not stated,NRC 0.80,Spec Total R-value; Spec Acoustic Rating; Legacy performance,https://insulation.com.au/wp-content/uploads/2024/TDS-Pink-Batts-Wall-Rev12-010225.pdf,https://insulation.com.au/wp-content/uploads/2024/SUIS-FBS-1-Glasswool-Bio-soluble-Insulation-Rev3-171024.pdf,REVIEW,Thermal R conflict between legacy and spec fields; Order Flag contains repeated 6712; confirm intended meaning; Order Quantity contains repeated 6712; confirm intended meaning,READY,manufacturer_supported,True,False,Product_Master_Bot_Sheet1_Validated.xlsx,cab733ff840db5bb8116e4869b42915772cd667d035912612bd78c0d35b4b5b7
Fletcher,FL-4005957,FIPP14R22T90W450L1200PK14,PINK PARTITION 14 R2.2 1200X450X90MM(14),Yes,Batt,Glasswool,Internal Wall,4005957,FLETCHER_PINK_PARTITION,Pink Partition Insulation,knowledge/fletcher/pink-partition.md,Review: R2.42 | R2.2,Not stated,NRC 0.80,Spec Total R-value; Spec Acoustic Rating; Legacy performance,https://insulation.com.au/wp-content/uploads/2024/TDS-Pink-Batts-Wall-Rev12-010225.pdf,https://insulation.com.au/wp-content/uploads/2024/SUIS-FBS-1-Glasswool-Bio-soluble-Insulation-Rev3-171024.pdf,REVIEW,Thermal R conflict between legacy and spec fields; Order Flag contains repeated 6712; confirm intended meaning; Order Quantity contains repeated 6712; confirm intended meaning,READY,manufacturer_supported,True,False,Product_Master_Bot_Sheet1_Validated.xlsx,cab733ff840db5bb8116e4869b42915772cd667d035912612bd78c0d35b4b5b7
Fletcher,FL-4005959,FIPP14R22T90W600L1200PK14,PINK PARTITION 14 R2.2 1200X600X90MM(14),Yes,Batt,Glasswool,Internal Wall,4005959,FLETCHER_PINK_PARTITION,Pink Partition Insulation,knowledge/fletcher/pink-partition.md,Review: R2.42 | R2.2,Not stated,NRC 0.80,Spec Total R-value; Spec Acoustic Rating; Legacy performance,https://insulation.com.au/wp-content/uploads/2024/TDS-Pink-Batts-Wall-Rev12-010225.pdf,https://insulation.com.au/wp-content/uploads/2024/SUIS-FBS-1-Glasswool-Bio-soluble-Insulation-Rev3-171024.pdf,REVIEW,Thermal R conflict between legacy and spec fields; Order Flag contains repeated 6712; confirm intended meaning; Order Quantity contains repeated 6712; confirm intended meaning,READY,manufacturer_supported,True,False,Product_Master_Bot_Sheet1_Validated.xlsx,cab733ff840db5bb8116e4869b42915772cd667d035912612bd78c0d35b4b5b7
Fletcher,FL-4006023,FIPP14R13T50W600L1200PK24,PINK PARTITION 14 R1.3 1200X600X50MM(24),Yes,Batt,Glasswool,Internal Wall,4006023,FLETCHER_PINK_PARTITION,Pink Partition Insulation,knowledge/fletcher/pink-partition.md,Review: R1.42 | R1.3,Not stated,NRC 0.80,Spec Total R-value; Spec Acoustic Rating; Legacy performance,https://insulation.com.au/wp-content/uploads/2024/TDS-Pink-Batts-Wall-Rev12-010225.pdf,https://insulation.com.au/wp-content/uploads/2024/SUIS-FBS-1-Glasswool-Bio-soluble-Insulation-Rev3-171024.pdf,REVIEW,Thermal R conflict between legacy and spec fields; Order Flag contains repeated 6712; confirm intended meaning; Order Quantity contains repeated 6712; confirm intended meaning,READY,manufacturer_supported,True,False,Product_Master_Bot_Sheet1_Validated.xlsx,cab733ff840db5bb8116e4869b42915772cd667d035912612bd78c0d35b4b5b7
Fletcher,FL-4006025,FIPP24R14T50W600L1200PK12,PINK PARTITION 24 R1.4 24kg 1200X600X50MM(12),Yes,Batt,Glasswool,Internal Wall,4006025,FLETCHER_PINK_PARTITION,Pink Partition Insulation,knowledge/fletcher/pink-partition.md,Review: R1.42 | R1.4,Not stated,NRC 0.80,Spec Total R-value; Spec Acoustic Rating; Legacy performance,https://insulation.com.au/wp-content/uploads/2024/TDS-Pink-Batts-Wall-Rev12-010225.pdf,https://insulation.com.au/wp-content/uploads/2024/SUIS-FBS-1-Glasswool-Bio-soluble-Insulation-Rev3-171024.pdf,REVIEW,Thermal R conflict between legacy and spec fields; Order Flag contains repeated 6712; confirm intended meaning; Order Quantity contains repeated 6712; confirm intended meaning,READY,manufacturer_supported,True,False,Product_Master_Bot_Sheet1_Validated.xlsx,cab733ff840db5bb8116e4869b42915772cd667d035912612bd78c0d35b4b5b7
Fletcher,FL-4006027,FIPP24R21T75W600L1200PK10,PINK PARTITION 24 R2.1 1200X600X75MM(10),Yes,Batt,Glasswool,Internal Wall,4006027,FLETCHER_PINK_PARTITION,Pink Partition Insulation,knowledge/fletcher/pink-partition.md,Review: R2.04 | R2.1,Not stated,NRC 0.80,Spec Total R-value; Spec Acoustic Rating; Legacy performance,https://insulation.com.au/wp-content/uploads/2024/TDS-Pink-Batts-Wall-Rev12-010225.pdf,https://insulation.com.au/wp-content/uploads/2024/SUIS-FBS-1-Glasswool-Bio-soluble-Insulation-Rev3-171024.pdf,REVIEW,Thermal R conflict between legacy and spec fields; Order Flag contains repeated 6712; confirm intended meaning; Order Quantity contains repeated 6712; confirm intended meaning,READY,manufacturer_supported,True,False,Product_Master_Bot_Sheet1_Validated.xlsx,cab733ff840db5bb8116e4869b42915772cd667d035912612bd78c0d35b4b5b7
Fletcher,FL-4006029,FIPP24R25T90W600L1200PK8,PINK PARTITION 24 R2.5 1200X600X90MM (8),Yes,Batt,Glasswool,Internal Wall,4006029,FLETCHER_PINK_PARTITION,Pink Partition Insulation,knowledge/fletcher/pink-partition.md,Review: R2.42 | R2.5,Not stated,NRC 0.80,Spec Total R-value; Spec Acoustic Rating; Legacy performance,https://insulation.com.au/wp-content/uploads/2024/TDS-Pink-Batts-Wall-Rev12-010225.pdf,https://insulation.com.au/wp-content/uploads/2024/SUIS-FBS-1-Glasswool-Bio-soluble-Insulation-Rev3-171024.pdf,REVIEW,Thermal R conflict between legacy and spec fields; Order Flag contains repeated 6712; confirm intended meaning; Order Quantity contains repeated 6712; confirm intended meaning,READY,manufacturer_supported,True,False,Product_Master_Bot_Sheet1_Validated.xlsx,cab733ff840db5bb8116e4869b42915772cd667d035912612bd78c0d35b4b5b7
Fletcher,FL-4006030,FIPP24R28T100W450L1200PK6,PINK PARTITION 24 R2.8 1200X450X100MM(6),Yes,Batt,Glasswool,Internal Wall,4006030,FLETCHER_PINK_PARTITION,Pink Partition Insulation,knowledge/fletcher/pink-partition.md,Review: R2.67 | R2.8,Not stated,NRC 0.80,Spec Total R-value; Spec Acoustic Rating; Legacy performance,https://insulation.com.au/wp-content/uploads/2024/TDS-Pink-Batts-Wall-Rev12-010225.pdf,https://insulation.com.au/wp-content/uploads/2024/SUIS-FBS-1-Glasswool-Bio-soluble-Insulation-Rev3-171024.pdf,REVIEW,Thermal R conflict between legacy and spec fields; Order Flag contains repeated 6712; confirm intended meaning; Order Quantity contains repeated 6712; confirm intended meaning,READY,manufacturer_supported,True,False,Product_Master_Bot_Sheet1_Validated.xlsx,cab733ff840db5bb8116e4869b42915772cd667d035912612bd78c0d35b4b5b7
Fletcher,FL-4006031,FIPP24R28T100W600L1200PK6,PINK PARTITION 24 R2.8 1200X600X100MM(6),Yes,Batt,Glasswool,Internal Wall,4006031,FLETCHER_PINK_PARTITION,Pink Partition Insulation,knowledge/fletcher/pink-partition.md,Review: R2.67 | R2.8,Not stated,NRC 0.80,Spec Total R-value; Spec Acoustic Rating; Legacy performance,https://insulation.com.au/wp-content/uploads/2024/TDS-Pink-Batts-Wall-Rev12-010225.pdf,https://insulation.com.au/wp-content/uploads/2024/SUIS-FBS-1-Glasswool-Bio-soluble-Insulation-Rev3-171024.pdf,REVIEW,Thermal R conflict between legacy and spec fields; Order Flag contains repeated 6712; confirm intended meaning; Order Quantity contains repeated 6712; confirm intended meaning,READY,manufacturer_supported,True,False,Product_Master_Bot_Sheet1_Validated.xlsx,cab733ff840db5bb8116e4869b42915772cd667d035912612bd78c0d35b4b5b7
Fletcher,FL-4005948,FIPP32T90W450L1200PK8,PINK PARTITION 32 32kg 1200X450X90MM 8PK,Yes,Batt,Glasswool,Internal Wall,4005948,FLETCHER_PINK_PARTITION,Pink Partition Insulation,knowledge/fletcher/pink-partition.md,Review: R2.42 | R2.3,Not stated,NRC 0.80,Spec Total R-value; Spec Acoustic Rating; Legacy performance,https://insulation.com.au/wp-content/uploads/2024/TDS-Pink-Batts-Wall-Rev12-010225.pdf,https://insulation.com.au/wp-content/uploads/2024/SUIS-FBS-1-Glasswool-Bio-soluble-Insulation-Rev3-171024.pdf,REVIEW,Thermal R conflict between legacy and spec fields; Order Flag contains repeated 6712; confirm intended meaning; Order Quantity contains repeated 6712; confirm intended meaning,READY,manufacturer_supported,True,False,Product_Master_Bot_Sheet1_Validated.xlsx,cab733ff840db5bb8116e4869b42915772cd667d035912612bd78c0d35b4b5b7
Fletcher,FL-4005949,FIPP32T90W600L1200PK8,PINK PARTITION 32 1200X600X90MM 8PK,Yes,Batt,Glasswool,Internal Wall,4005949,FLETCHER_PINK_PARTITION,Pink Partition Insulation,knowledge/fletcher/pink-partition.md,Review: R2.42 | R2.3,Not stated,NRC 0.80,Spec Total R-value; Spec Acoustic Rating; Legacy performance,https://insulation.com.au/wp-content/uploads/2024/TDS-Pink-Batts-Wall-Rev12-010225.pdf,https://insulation.com.au/wp-content/uploads/2024/SUIS-FBS-1-Glasswool-Bio-soluble-Insulation-Rev3-171024.pdf,REVIEW,Thermal R conflict between legacy and spec fields; Order Flag contains repeated 6712; confirm intended meaning; Order Quantity contains repeated 6712; confirm intended meaning,READY,manufacturer_supported,True,False,Product_Master_Bot_Sheet1_Validated.xlsx,cab733ff840db5bb8116e4869b42915772cd667d035912612bd78c0d35b4b5b7
Fletcher,FL-4005950,FIPP32T100W600L1200PK6,PINK PARTITION 32 1200X600X100MM 6PK,Yes,Batt,Glasswool,Internal Wall,4005950,FLETCHER_PINK_PARTITION,Pink Partition Insulation,knowledge/fletcher/pink-partition.md,Review: R2.67 | R2.5,Not stated,NRC 0.80,Spec Total R-value; Spec Acoustic Rating; Legacy performance,https://insulation.com.au/wp-content/uploads/2024/TDS-Pink-Batts-Wall-Rev12-010225.pdf,https://insulation.com.au/wp-content/uploads/2024/SUIS-FBS-1-Glasswool-Bio-soluble-Insulation-Rev3-171024.pdf,REVIEW,Thermal R conflict between legacy and spec fields; Order Flag contains repeated 6712; confirm intended meaning; Order Quantity contains repeated 6712; confirm intended meaning,READY,manufacturer_supported,True,False,Product_Master_Bot_Sheet1_Validated.xlsx,cab733ff840db5bb8116e4869b42915772cd667d035912612bd78c0d35b4b5b7
Fletcher,FL-4006033,FIPP32T50W450L1200PK12,PINK PARTITION 32 1200X450X50MM 12PK,Yes,Batt,Glasswool,Internal Wall,4006033,FLETCHER_PINK_PARTITION,Pink Partition Insulation,knowledge/fletcher/pink-partition.md,Review: R1.42 | R1.3,Not stated,NRC 0.80,Spec Total R-value; Spec Acoustic Rating; Legacy performance,https://insulation.com.au/wp-content/uploads/2024/TDS-Pink-Batts-Wall-Rev12-010225.pdf,https://insulation.com.au/wp-content/uploads/2024/SUIS-FBS-1-Glasswool-Bio-soluble-Insulation-Rev3-171024.pdf,REVIEW,Thermal R conflict between legacy and spec fields; Order Flag contains repeated 6712; confirm intended meaning; Order Quantity contains repeated 6712; confirm intended meaning,READY,manufacturer_supported,True,False,Product_Master_Bot_Sheet1_Validated.xlsx,cab733ff840db5bb8116e4869b42915772cd667d035912612bd78c0d35b4b5b7
Fletcher,FL-4006034,FIPP32T50W600L1200PK12,PINK PARTITION 32 1200X600X50MM 12PK,Yes,Batt,Glasswool,Internal Wall,4006034,FLETCHER_PINK_PARTITION,Pink Partition Insulation,knowledge/fletcher/pink-partition.md,Review: R1.42 | R1.3,Not stated,NRC 0.80,Spec Total R-value; Spec Acoustic Rating; Legacy performance,https://insulation.com.au/wp-content/uploads/2024/TDS-Pink-Batts-Wall-Rev12-010225.pdf,https://insulation.com.au/wp-content/uploads/2024/SUIS-FBS-1-Glasswool-Bio-soluble-Insulation-Rev3-171024.pdf,REVIEW,Thermal R conflict between legacy and spec fields; Order Flag contains repeated 6712; confirm intended meaning; Order Quantity contains repeated 6712; confirm intended meaning,READY,manufacturer_supported,True,False,Product_Master_Bot_Sheet1_Validated.xlsx,cab733ff840db5bb8116e4869b42915772cd667d035912612bd78c0d35b4b5b7
Fletcher,FL-4006036,FIPP32T75W450L1200PK10,PINK PARTITION 32 1200X450X75MM 10PK,Yes,Batt,Glasswool,Internal Wall,4006036,FLETCHER_PINK_PARTITION,Pink Partition Insulation,knowledge/fletcher/pink-partition.md,Review: R2.04 | R1.9,Not stated,NRC 0.80,Spec Total R-value; Spec Acoustic Rating; Legacy performance,https://insulation.com.au/wp-content/uploads/2024/TDS-Pink-Batts-Wall-Rev12-010225.pdf,https://insulation.com.au/wp-content/uploads/2024/SUIS-FBS-1-Glasswool-Bio-soluble-Insulation-Rev3-171024.pdf,REVIEW,Thermal R conflict between legacy and spec fields; Order Flag contains repeated 6712; confirm intended meaning; Order Quantity contains repeated 6712; confirm intended meaning,READY,manufacturer_supported,True,False,Product_Master_Bot_Sheet1_Validated.xlsx,cab733ff840db5bb8116e4869b42915772cd667d035912612bd78c0d35b4b5b7
Fletcher,FL-4006037,FIPP32T75W600L1200PK10,PINK PARTITION 32 1200X600X75MM 10PK,Yes,Batt,Glasswool,Internal Wall,4006037,FLETCHER_PINK_PARTITION,Pink Partition Insulation,knowledge/fletcher/pink-partition.md,Review: R2.04 | R1.9,Not stated,NRC 0.80,Spec Total R-value; Spec Acoustic Rating; Legacy performance,https://insulation.com.au/wp-content/uploads/2024/TDS-Pink-Batts-Wall-Rev12-010225.pdf,https://insulation.com.au/wp-content/uploads/2024/SUIS-FBS-1-Glasswool-Bio-soluble-Insulation-Rev3-171024.pdf,REVIEW,Thermal R conflict between legacy and spec fields; Order Flag contains repeated 6712; confirm intended meaning; Order Quantity contains repeated 6712; confirm intended meaning,READY,manufacturer_supported,True,False,Product_Master_Bot_Sheet1_Validated.xlsx,cab733ff840db5bb8116e4869b42915772cd667d035912612bd78c0d35b4b5b7
Fletcher,FL-4008123,FIPP32T75W450L1200PK8,PINK PARTITION 32 1200X450X75MM 8PK,Yes,Batt,Glasswool,Internal Wall,4008123,FLETCHER_PINK_PARTITION,Pink Partition Insulation,knowledge/fletcher/pink-partition.md,Review: R2.04 | R1.9,Not stated,NRC 0.80,Spec Total R-value; Spec Acoustic Rating; Legacy performance,https://insulation.com.au/wp-content/uploads/2024/TDS-Pink-Batts-Wall-Rev12-010225.pdf,https://insulation.com.au/wp-content/uploads/2024/SUIS-FBS-1-Glasswool-Bio-soluble-Insulation-Rev3-171024.pdf,REVIEW,Thermal R conflict between legacy and spec fields; Order Flag contains repeated 6712; confirm intended meaning; Order Quantity contains repeated 6712; confirm intended meaning,READY,manufacturer_supported,True,False,Product_Master_Bot_Sheet1_Validated.xlsx,cab733ff840db5bb8116e4869b42915772cd667d035912612bd78c0d35b4b5b7
Fletcher,FL-4006068,FISBR27T90W600L1200PK8,PINK SOUNDBREAK R2.7 1200X600X90 8PK,Yes,Batt,Glasswool,Internal Wall,4006068,FLETCHER_SOUNDBREAK,Soundbreak Acoustic Insulation,knowledge/fletcher/soundbreak.md,Review: R2.42 | R2.7,Not stated,NRC 0.80,Spec Total R-value; Spec Acoustic Rating; Legacy performance,https://insulation.com.au/wp-content/uploads/2024/TDS-Pink-Batts-Wall-Rev12-010225.pdf,https://insulation.com.au/wp-content/uploads/2024/SUIS-FBS-1-Glasswool-Bio-soluble-Insulation-Rev3-171024.pdf,REVIEW,Duplicate SKU; Thermal R conflict between legacy and spec fields; Order Flag contains repeated 6712; confirm intended meaning; Order Quantity contains repeated 6712; confirm intended meaning,READY,manufacturer_supported,True,False,Product_Master_Bot_Sheet1_Validated.xlsx,cab733ff840db5bb8116e4869b42915772cd667d035912612bd78c0d35b4b5b7
Fletcher,FL-4010568,FISBR25T90W430L1160PK8,SOUNDBREAK R2.5 1160X430X90 8PK,Yes,Batt,Glasswool,Internal Wall,4010568,FLETCHER_SOUNDBREAK,Soundbreak Acoustic Insulation,knowledge/fletcher/soundbreak.md,Review: R2.42 | R2.5,Not stated,NRC 0.80,Spec Total R-value; Spec Acoustic Rating; Legacy performance,https://insulation.com.au/wp-content/uploads/2024/TDS-Pink-Batts-Wall-Rev12-010225.pdf,https://insulation.com.au/wp-content/uploads/2024/SUIS-FBS-1-Glasswool-Bio-soluble-Insulation-Rev3-171024.pdf,REVIEW,Thermal R conflict between legacy and spec fields; Order Flag contains repeated 6712; confirm intended meaning; Order Quantity contains repeated 6712; confirm intended meaning,READY,manufacturer_supported,True,False,Product_Master_Bot_Sheet1_Validated.xlsx,cab733ff840db5bb8116e4869b42915772cd667d035912612bd78c0d35b4b5b7
Fletcher,FL-4010569,FISBR25T90W580L1160PK8,SOUNDBREAK R2.5 1160X580X90 8PK,Yes,Batt,Glasswool,Internal Wall,4010569,FLETCHER_SOUNDBREAK,Soundbreak Acoustic Insulation,knowledge/fletcher/soundbreak.md,Review: R2.42 | R2.5,Not stated,NRC 0.80,Spec Total R-value; Spec Acoustic Rating; Legacy performance,https://insulation.com.au/wp-content/uploads/2024/TDS-Pink-Batts-Wall-Rev12-010225.pdf,https://insulation.com.au/wp-content/uploads/2024/SUIS-FBS-1-Glasswool-Bio-soluble-Insulation-Rev3-171024.pdf,REVIEW,Thermal R conflict between legacy and spec fields; Order Flag contains repeated 6712; confirm intended meaning; Order Quantity contains repeated 6712; confirm intended meaning,READY,manufacturer_supported,True,False,Product_Master_Bot_Sheet1_Validated.xlsx,cab733ff840db5bb8116e4869b42915772cd667d035912612bd78c0d35b4b5b7
Fletcher,FL-4010572,FISBR27T90W600L1200PK8,SOUNDBREAK R2.7 1200X600X90 8PK,Yes,Batt,Glasswool,Internal Wall,4010572,FLETCHER_SOUNDBREAK,Soundbreak Acoustic Insulation,knowledge/fletcher/soundbreak.md,Review: R2.42 | R2.7,Not stated,NRC 0.80,Spec Total R-value; Spec Acoustic Rating; Legacy performance,https://insulation.com.au/wp-content/uploads/2024/TDS-Pink-Batts-Wall-Rev12-010225.pdf,https://insulation.com.au/wp-content/uploads/2024/SUIS-FBS-1-Glasswool-Bio-soluble-Insulation-Rev3-171024.pdf,REVIEW,Duplicate SKU; Thermal R conflict between legacy and spec fields; Order Flag contains repeated 6712; confirm intended meaning; Order Quantity contains repeated 6712; confirm intended meaning,READY,manufacturer_supported,True,False,Product_Master_Bot_Sheet1_Validated.xlsx,cab733ff840db5bb8116e4869b42915772cd667d035912612bd78c0d35b4b5b7
Fletcher,FL-4006087,FIPP24R07T25W600L2700PK20,PINK PARTITION 24 R0.7 - 24kg 2700X600X25MM(20),Yes,Batt,Glasswool,Internal Wall,4006087,FLETCHER_PINK_PARTITION,Pink Partition Insulation,knowledge/fletcher/pink-partition.md,Review: R0.80 | R0.7,Not stated,NRC 0.80,Spec Total R-value; Spec Acoustic Rating; Legacy performance,https://insulation.com.au/wp-content/uploads/2024/TDS-Pink-Batts-Wall-Rev12-010225.pdf,https://insulation.com.au/wp-content/uploads/2024/SUIS-FBS-1-Glasswool-Bio-soluble-Insulation-Rev3-171024.pdf,REVIEW,Thermal R conflict between legacy and spec fields; Order Flag contains repeated 6712; confirm intended meaning; Order Quantity contains repeated 6712; confirm intended meaning,READY,manufacturer_supported,True,False,Product_Master_Bot_Sheet1_Validated.xlsx,cab733ff840db5bb8116e4869b42915772cd667d035912612bd78c0d35b4b5b7
Fletcher,FL-4006088,FIPP24R11T38W600L2700PK12,PINK PARTITION 24 R1.1 2700X600X38MM(12),Yes,Batt,Glasswool,Internal Wall,4006088,FLETCHER_PINK_PARTITION,Pink Partition Insulation,knowledge/fletcher/pink-partition.md,Review: R1.12 | R1.1,Not stated,NRC 0.80,Spec Total R-value; Spec Acoustic Rating; Legacy performance,https://insulation.com.au/wp-content/uploads/2024/TDS-Pink-Batts-Wall-Rev12-010225.pdf,https://insulation.com.au/wp-content/uploads/2024/SUIS-FBS-1-Glasswool-Bio-soluble-Insulation-Rev3-171024.pdf,REVIEW,Thermal R conflict between legacy and spec fields; Order Flag contains repeated 6712; confirm intended meaning; Order Quantity contains repeated 6712; confirm intended meaning,READY,manufacturer_supported,True,False,Product_Master_Bot_Sheet1_Validated.xlsx,cab733ff840db5bb8116e4869b42915772cd667d035912612bd78c0d35b4b5b7
Fletcher,FL-4006598,FIVAPAWRAPMROOFW1250L40MRL,VAPAWRAP PERMEABLE MROOF Permeable - Vapour MBRN 1.25X40M Permeable Non,Yes,Wall Wrap / Sarking,Reflective Membrane,Metal Roof / Shed,4006598,FLETCHER_VAPAWRAP_METAL_ROOF,Sisalation Vapawrap Metal Roof,knowledge/fletcher/vapawrap-metal-roof.md,Not stated,Not stated,Not stated,No parseable performance source,https://insulation.com.au/wp-content/uploads/2024/TDS-Pink-Batts-Wall-Rev12-010225.pdf,https://insulation.com.au/wp-content/uploads/2024/SUIS-FBS-1-Glasswool-Bio-soluble-Insulation-Rev3-171024.pdf,REVIEW,Order Flag contains repeated 6712; confirm intended meaning; Order Quantity contains repeated 6712; confirm intended meaning,READY,manufacturer_supported,True,False,Product_Master_Bot_Sheet1_Validated.xlsx,cab733ff840db5bb8116e4869b42915772cd667d035912612bd78c0d35b4b5b7
Fletcher,FL-4006885,FIVAPAWRAPMROOFW1350L30MRL,VAPAWRAP MROOF 1350MMX30M Water Barrier FLETCHER,Yes,Wall Wrap / Sarking,Reflective Membrane,Metal Roof / Shed,4006885,FLETCHER_VAPAWRAP_METAL_ROOF,Sisalation Vapawrap Metal Roof,knowledge/fletcher/vapawrap-metal-roof.md,Review: R33.92 | R33.8,Not stated,Not stated,Spec Total R-value; Legacy performance,https://insulation.com.au/wp-content/uploads/2024/TDS-Pink-Batts-Wall-Rev12-010225.pdf,https://insulation.com.au/wp-content/uploads/2024/SUIS-FBS-1-Glasswool-Bio-soluble-Insulation-Rev3-171024.pdf,REVIEW,Thermal R conflict between legacy and spec fields; Order Flag contains repeated 6712; confirm intended meaning; Order Quantity contains repeated 6712; confirm intended meaning,READY,manufacturer_supported,True,False,Product_Master_Bot_Sheet1_Validated.xlsx,cab733ff840db5bb8116e4869b42915772cd667d035912612bd78c0d35b4b5b7
Fletcher,FL-4006705,FIFIRESEALT13W225L750PK60,MW FIRESEAL 750X225X13 (60) PartyWall,Yes,Batt,Stonewool,Party Wall Fire,4006705,FLETCHER_PARTY_WALL_STONEWOOL,Fletcher Protect / Fire Stop Party Wall Stonewool,knowledge/fletcher/party-wall-stonewool.md,R1.5,Rw 35,NRC 0.85,Spec Total R-value; Spec Product R-value; Spec Acoustic Rating; Legacy performance,https://insulation.com.au/wp-content/uploads/2024/TDS_Party_Wall_Stonewool_Batts-Blankets_Rev_5_05122024.pdf,https://insulation.com.au/wp-content/uploads/2024/SUIS-FBS-1-Glasswool-Bio-soluble-Insulation-Rev3-171024.pdf,REVIEW,Order Flag contains repeated 6712; confirm intended meaning; Order Quantity contains repeated 6712; confirm intended meaning,READY,manufacturer_supported,True,False,Product_Master_Bot_Sheet1_Validated.xlsx,cab733ff840db5bb8116e4869b42915772cd667d035912612bd78c0d35b4b5b7
Fletcher,FL-4006706,FIPWBATT100W168L1200PK,MW PARTYWALL BATT 1200X168X100 (10),Yes,Batt,Stonewool,Party Wall Fire,4006706,FLETCHER_PARTY_WALL_STONEWOOL,Fletcher Protect / Fire Stop Party Wall Stonewool,knowledge/fletcher/party-wall-stonewool.md,R2.0,Rw 50,NRC 0.85,Spec Total R-value; Spec Product R-value; Spec Acoustic Rating; Legacy performance,https://insulation.com.au/wp-content/uploads/2024/TDS_Party_Wall_Stonewool_Batts-Blankets_Rev_5_05122024.pdf,https://insulation.com.au/wp-content/uploads/2024/SUIS-FBS-1-Glasswool-Bio-soluble-Insulation-Rev3-171024.pdf,REVIEW,Duplicate SKU; Order Flag contains repeated 6712; confirm intended meaning; Order Quantity contains repeated 6712; confirm intended meaning,READY,manufacturer_supported,True,False,Product_Master_Bot_Sheet1_Validated.xlsx,cab733ff840db5bb8116e4869b42915772cd667d035912612bd78c0d35b4b5b7
Fletcher,FL-4006707,FIPWBATT50W200L1000PK3,MW PARTYWALL BATT 1000X200X50 (3),Yes,Batt,Stonewool,Party Wall Fire,4006707,FLETCHER_PARTY_WALL_STONEWOOL,Fletcher Protect / Fire Stop Party Wall Stonewool,knowledge/fletcher/party-wall-stonewool.md,R1.5,Rw 40,NRC 0.85,Spec Total R-value; Spec Product R-value; Spec Acoustic Rating; Legacy performance,https://insulation.com.au/wp-content/uploads/2024/TDS_Party_Wall_Stonewool_Batts-Blankets_Rev_5_05122024.pdf,https://insulation.com.au/wp-content/uploads/2024/SUIS-FBS-1-Glasswool-Bio-soluble-Insulation-Rev3-171024.pdf,REVIEW,Order Flag contains repeated 6712; confirm intended meaning; Order Quantity contains repeated 6712; confirm intended meaning,READY,manufacturer_supported,True,False,Product_Master_Bot_Sheet1_Validated.xlsx,cab733ff840db5bb8116e4869b42915772cd667d035912612bd78c0d35b4b5b7
Fletcher,FL-4006708,FIFIRESTRIPT13W225L1000PK60,MW FIRE STRIP 1000X225X13 (60),Yes,Accessory,Stonewool,Party Wall Fire,4006708,FLETCHER_PARTY_WALL_STONEWOOL,Fletcher Protect / Fire Stop Party Wall Stonewool,knowledge/fletcher/party-wall-stonewool.md,R0.53,Rw 35,NRC 0.85,Spec Total R-value; Spec Acoustic Rating; Legacy performance,https://insulation.com.au/wp-content/uploads/2024/TDS_Party_Wall_Stonewool_Batts-Blankets_Rev_5_05122024.pdf,https://insulation.com.au/wp-content/uploads/2024/SUIS-FBS-1-Glasswool-Bio-soluble-Insulation-Rev3-171024.pdf,REVIEW,Order Flag contains repeated 6712; confirm intended meaning; Order Quantity contains repeated 6712; confirm intended meaning,READY,manufacturer_supported,True,False,Product_Master_Bot_Sheet1_Validated.xlsx,cab733ff840db5bb8116e4869b42915772cd667d035912612bd78c0d35b4b5b7
Fletcher,FL-4006740,FISISABUBBLECELLW1350L22P25MRL,SISAL BUBBLE CELL 100 Non Vapour 1350MMX22.25M 30M2 Permeable Water,Yes,Wall Wrap / Sarking,Reflective Membrane,Wall Wrap / Sarking,4006740,FLETCHER_FOAM_BUBBLE_CELL,Sisalation Foam Cell and Bubble Cell,knowledge/fletcher/foam-bubble-cell.md,Review: R33.92 | R33.8,Not stated,Not stated,Spec Total R-value; Legacy performance,https://insulation.com.au/wp-content/uploads/2024/TDS-Pink-Batts-Wall-Rev12-010225.pdf,https://insulation.com.au/wp-content/uploads/2024/SUIS-FBS-1-Glasswool-Bio-soluble-Insulation-Rev3-171024.pdf,REVIEW,Thermal R conflict between legacy and spec fields; Order Flag contains repeated 6712; confirm intended meaning; Order Quantity contains repeated 6712; confirm intended meaning,READY,manufacturer_supported_variant_review,True,False,Product_Master_Bot_Sheet1_Validated.xlsx,cab733ff840db5bb8116e4869b42915772cd667d035912612bd78c0d35b4b5b7
Fletcher,FL-4006742,FISISAFOAMCELLR02M230RL,SISALATION FOAM CELL Multipurpose - MULTIPURP R0.2 30M2 Thermal Non Vapour,Yes,Wall Wrap / Sarking,Reflective Membrane,Wall Wrap / Sarking,4006742,FLETCHER_FOAM_BUBBLE_CELL,Sisalation Foam Cell and Bubble Cell,knowledge/fletcher/foam-bubble-cell.md,R0.2,Not stated,Not stated,Legacy performance,https://insulation.com.au/wp-content/uploads/2024/TDS-Pink-Batts-Wall-Rev12-010225.pdf,https://insulation.com.au/wp-content/uploads/2024/SUIS-FBS-1-Glasswool-Bio-soluble-Insulation-Rev3-171024.pdf,REVIEW,Order Flag contains repeated 6712; confirm intended meaning; Order Quantity contains repeated 6712; confirm intended meaning,READY,manufacturer_supported_variant_review,True,False,Product_Master_Bot_Sheet1_Validated.xlsx,cab733ff840db5bb8116e4869b42915772cd667d035912612bd78c0d35b4b5b7
Fletcher,FL-4006747,FISISAFOAMCELLM230RL,SISALATION FOAM CELL Permeable Water MULTIPURP LT 30M2,Yes,Wall Wrap / Sarking,Reflective Membrane,Wall Wrap / Sarking,4006747,FLETCHER_FOAM_BUBBLE_CELL,Sisalation Foam Cell and Bubble Cell,knowledge/fletcher/foam-bubble-cell.md,Not stated,Not stated,Not stated,No parseable performance source,https://insulation.com.au/wp-content/uploads/2024/TDS-Pink-Batts-Wall-Rev12-010225.pdf,https://insulation.com.au/wp-content/uploads/2024/SUIS-FBS-1-Glasswool-Bio-soluble-Insulation-Rev3-171024.pdf,REVIEW,Order Flag contains repeated 6712; confirm intended meaning; Order Quantity contains repeated 6712; confirm intended meaning,READY,manufacturer_supported_variant_review,True,False,Product_Master_Bot_Sheet1_Validated.xlsx,cab733ff840db5bb8116e4869b42915772cd667d035912612bd78c0d35b4b5b7
Fletcher,FL-4006792,FITHERMATAPER02T10W30L10MRL,TAPE THERMATAPE R0.2 Thermal Break Tape 10MX30MMX10MM,Yes,Accessory,Tape / Sealant,General Installation,4006792,FLETCHER_TAPES_ACCESSORIES,Fletcher Membrane Tapes and Thermal Break Accessories,knowledge/fletcher/tapes-accessories.md,Review: R0.42 | R0.2,Not stated,Not stated,Spec Total R-value; Legacy performance,https://insulation.com.au/wp-content/uploads/2019/11/TDS-Pink-Batts-Ceiling-v4.pdf,https://insulation.com.au/wp-content/uploads/2024/SUIS-FBS-1-Glasswool-Bio-soluble-Insulation-Rev3-171024.pdf,REVIEW,Thermal R conflict between legacy and spec fields; Order Flag contains repeated 6712; confirm intended meaning; Order Quantity contains repeated 6712; confirm intended meaning,READY,manufacturer_supported_variant_review,True,False,Product_Master_Bot_Sheet1_Validated.xlsx,cab733ff840db5bb8116e4869b42915772cd667d035912612bd78c0d35b4b5b7
Fletcher,FL-4006794,FITAPEVAPASTOP883W48L50MEA,TAPE VAPASTOP 883 50M X 48MM VapaStop Tape,Yes,Accessory,Tape / Sealant,General Installation,4006794,FLETCHER_TAPES_ACCESSORIES,Fletcher Membrane Tapes and Thermal Break Accessories,knowledge/fletcher/tapes-accessories.md,Review: R1.37 | R1.2,Not stated,Not stated,Spec Total R-value; Legacy performance,https://insulation.com.au/wp-content/uploads/2019/11/TDS-Pink-Batts-Ceiling-v4.pdf,https://insulation.com.au/wp-content/uploads/2024/SUIS-FBS-1-Glasswool-Bio-soluble-Insulation-Rev3-171024.pdf,REVIEW,Thermal R conflict between legacy and spec fields; Order Flag contains repeated 6712; confirm intended meaning; Order Quantity contains repeated 6712; confirm intended meaning,READY,manufacturer_supported_variant_review,True,False,Product_Master_Bot_Sheet1_Validated.xlsx,cab733ff840db5bb8116e4869b42915772cd667d035912612bd78c0d35b4b5b7
Fletcher,FL-4006798,FITAPEVAPASTOP883W63L50MRL,TAPE VAPASTOP 883 50M X 63MM,Yes,Accessory,Tape / Sealant,General Installation,4006798,FLETCHER_TAPES_ACCESSORIES,Fletcher Membrane Tapes and Thermal Break Accessories,knowledge/fletcher/tapes-accessories.md,Review: R1.74 | R1.6,Not stated,Not stated,Spec Total R-value; Legacy performance,https://insulation.com.au/wp-content/uploads/2019/11/TDS-Pink-Batts-Ceiling-v4.pdf,https://insulation.com.au/wp-content/uploads/2024/SUIS-FBS-1-Glasswool-Bio-soluble-Insulation-Rev3-171024.pdf,REVIEW,Thermal R conflict between legacy and spec fields; Order Flag contains repeated 6712; confirm intended meaning; Order Quantity contains repeated 6712; confirm intended meaning,READY,manufacturer_supported_variant_review,True,False,Product_Master_Bot_Sheet1_Validated.xlsx,cab733ff840db5bb8116e4869b42915772cd667d035912612bd78c0d35b4b5b7
Fletcher,FL-4006802,FITAPEPLAINFOILW48L50MRL,TAPE PLAIN FOIL 400F 50M X 48MM Foil Tape,Yes,Accessory,Tape / Sealant,General Installation,4006802,FLETCHER_TAPES_ACCESSORIES,Fletcher Membrane Tapes and Thermal Break Accessories,knowledge/fletcher/tapes-accessories.md,Review: R1.37 | R1.2,Not stated,Not stated,Spec Total R-value; Legacy performance,https://insulation.com.au/wp-content/uploads/2019/11/TDS-Pink-Batts-Ceiling-v4.pdf,https://insulation.com.au/wp-content/uploads/2024/SUIS-FBS-1-Glasswool-Bio-soluble-Insulation-Rev3-171024.pdf,REVIEW,Thermal R conflict between legacy and spec fields; Order Flag contains repeated 6712; confirm intended meaning; Order Quantity contains repeated 6712; confirm intended meaning,READY,manufacturer_supported_variant_review,True,False,Product_Master_Bot_Sheet1_Validated.xlsx,cab733ff840db5bb8116e4869b42915772cd667d035912612bd78c0d35b4b5b7
Fletcher,FL-4006803,FITAPEPLAINFOILW72L50MRL,TAPE PLAIN FOIL 400F 50M X 72MM,Yes,Accessory,Tape / Sealant,General Installation,4006803,FLETCHER_TAPES_ACCESSORIES,Fletcher Membrane Tapes and Thermal Break Accessories,knowledge/fletcher/tapes-accessories.md,Review: R1.97 | R1.8,Not stated,Not stated,Spec Total R-value; Legacy performance,https://insulation.com.au/wp-content/uploads/2019/11/TDS-Pink-Batts-Ceiling-v4.pdf,https://insulation.com.au/wp-content/uploads/2024/SUIS-FBS-1-Glasswool-Bio-soluble-Insulation-Rev3-171024.pdf,REVIEW,Thermal R conflict between legacy and spec fields; Order Flag contains repeated 6712; confirm intended meaning; Order Quantity contains repeated 6712; confirm intended meaning,READY,manufacturer_supported_variant_review,True,False,Product_Master_Bot_Sheet1_Validated.xlsx,cab733ff840db5bb8116e4869b42915772cd667d035912612bd78c0d35b4b5b7
Fletcher,FL-4006809,FITAPEWHITESEAMINGW48L50MRL,3M SEAMING TAPE WHITE 3M Seaming Tape 50MX48MM,Yes,Accessory,Tape / Sealant,General Installation,4006809,FLETCHER_TAPES_ACCESSORIES,Fletcher Membrane Tapes and Thermal Break Accessories,knowledge/fletcher/tapes-accessories.md,Review: R1.37 | R1.2,Not stated,Not stated,Spec Total R-value; Legacy performance,https://insulation.com.au/wp-content/uploads/2019/11/TDS-Pink-Batts-Ceiling-v4.pdf,https://insulation.com.au/wp-content/uploads/2024/SUIS-FBS-1-Glasswool-Bio-soluble-Insulation-Rev3-171024.pdf,REVIEW,Thermal R conflict between legacy and spec fields; Order Flag contains repeated 6712; confirm intended meaning; Order Quantity contains repeated 6712; confirm intended meaning,READY,manufacturer_supported_variant_review,True,False,Product_Master_Bot_Sheet1_Validated.xlsx,cab733ff840db5bb8116e4869b42915772cd667d035912612bd78c0d35b4b5b7
Fletcher,FL-4006867,FIVAPAWRAPRESWALLW1350L30MRL,VAPAWRAP RESWALL 1.35X30M Vapour Permeable Water Barrier,Yes,Wall Wrap / Sarking,Reflective Membrane,Wall Wrap / Sarking,4006867,FLETCHER_VAPAWRAP_WALL,Sisalation Vapawrap Residential Wall Wrap,knowledge/fletcher/vapawrap-wall.md,R1.5,Not stated,NRC 0.85,Spec Total R-value; Spec Product R-value; Spec Acoustic Rating; Legacy performance,https://insulation.com.au/wp-content/uploads/2024/TDS-Pink-Batts-Wall-Rev12-010225.pdf,https://insulation.com.au/wp-content/uploads/2024/SUIS-FBS-1-Glasswool-Bio-soluble-Insulation-Rev3-171024.pdf,REVIEW,Order Flag contains repeated 6712; confirm intended meaning; Order Quantity contains repeated 6712; confirm intended meaning,READY,manufacturer_supported,True,False,Product_Master_Bot_Sheet1_Validated.xlsx,cab733ff840db5bb8116e4869b42915772cd667d035912612bd78c0d35b4b5b7
Fletcher,FL-4006878,FIVAPAWRAPRESWALLW1500L30MRL,VAPAWRAP RESI WALL 1.5X30M,Yes,Wall Wrap / Sarking,Reflective Membrane,Wall Wrap / Sarking,4006878,FLETCHER_VAPAWRAP_WALL,Sisalation Vapawrap Residential Wall Wrap,knowledge/fletcher/vapawrap-wall.md,R1.5,Not stated,NRC 0.85,Spec Total R-value; Spec Product R-value; Spec Acoustic Rating; Legacy performance,https://insulation.com.au/wp-content/uploads/2024/TDS-Pink-Batts-Wall-Rev12-010225.pdf,https://insulation.com.au/wp-content/uploads/2024/SUIS-FBS-1-Glasswool-Bio-soluble-Insulation-Rev3-171024.pdf,REVIEW,Order Flag contains repeated 6712; confirm intended meaning; Order Quantity contains repeated 6712; confirm intended meaning,READY,manufacturer_supported,True,False,Product_Master_Bot_Sheet1_Validated.xlsx,cab733ff840db5bb8116e4869b42915772cd667d035912612bd78c0d35b4b5b7
Fletcher,FL-4021549,FIVAPAWRAP490W1350L30MRL,VAPAWRAP 4-90 1.35X30M FLETCHER,Yes,Wall Wrap / Sarking,Reflective Membrane,Wall Wrap / Sarking,4021549,FLETCHER_VAPAWRAP_WALL,Sisalation Vapawrap Residential Wall Wrap,knowledge/fletcher/vapawrap-wall.md,Not stated,Not stated,Not stated,No parseable performance source,https://insulation.com.au/wp-content/uploads/2024/TDS-Pink-Batts-Wall-Rev12-010225.pdf,https://insulation.com.au/wp-content/uploads/2024/SUIS-FBS-1-Glasswool-Bio-soluble-Insulation-Rev3-171024.pdf,REVIEW,Order Flag contains repeated 6712; confirm intended meaning; Order Quantity contains repeated 6712; confirm intended meaning,READY,manufacturer_supported,True,False,Product_Master_Bot_Sheet1_Validated.xlsx,cab733ff840db5bb8116e4869b42915772cd667d035912612bd78c0d35b4b5b7
Fletcher,FL-4021550,FIVAPAWRAP490W1500L30MRL,VAPAWRAP 4-90 1.5X30M FLETCHER,Yes,Wall Wrap / Sarking,Reflective Membrane,Wall Wrap / Sarking,4021550,FLETCHER_VAPAWRAP_WALL,Sisalation Vapawrap Residential Wall Wrap,knowledge/fletcher/vapawrap-wall.md,Not stated,Not stated,Not stated,No parseable performance source,https://insulation.com.au/wp-content/uploads/2024/TDS-Pink-Batts-Wall-Rev12-010225.pdf,https://insulation.com.au/wp-content/uploads/2024/SUIS-FBS-1-Glasswool-Bio-soluble-Insulation-Rev3-171024.pdf,REVIEW,Order Flag contains repeated 6712; confirm intended meaning; Order Quantity contains repeated 6712; confirm intended meaning,READY,manufacturer_supported,True,False,Product_Master_Bot_Sheet1_Validated.xlsx,cab733ff840db5bb8116e4869b42915772cd667d035912612bd78c0d35b4b5b7
Fletcher,FL-4006914,FITUFFWRAPBRW1350L60MRL,TUFF WRAP BR 497 1.35X60M Vapour Permeable Non Water Barrier,Yes,Wall Wrap / Sarking,Reflective Membrane,Wall Wrap / Sarking,4006914,FLETCHER_SISALATION_WRAP,Sisalation Tuff Wrap and Multipurpose Sarking,knowledge/fletcher/sisalation-wrap.md,Not stated,Not stated,Not stated,No parseable performance source,https://insulation.com.au/wp-content/uploads/2024/TDS-Pink-Batts-Wall-Rev12-010225.pdf,https://insulation.com.au/wp-content/uploads/2024/SUIS-FBS-1-Glasswool-Bio-soluble-Insulation-Rev3-171024.pdf,REVIEW,Order Flag contains repeated 6712; confirm intended meaning; Order Quantity contains repeated 6712; confirm intended meaning,READY,manufacturer_supported_variant_review,True,False,Product_Master_Bot_Sheet1_Validated.xlsx,cab733ff840db5bb8116e4869b42915772cd667d035912612bd78c0d35b4b5b7
Fletcher,FL-4006915,FITUFFWRAPW1350L30MRL,TUFF WRAP 497 1.35X30M,Yes,Wall Wrap / Sarking,Reflective Membrane,Wall Wrap / Sarking,4006915,FLETCHER_SISALATION_WRAP,Sisalation Tuff Wrap and Multipurpose Sarking,knowledge/fletcher/sisalation-wrap.md,Not stated,Not stated,Not stated,No parseable performance source,https://insulation.com.au/wp-content/uploads/2024/TDS-Pink-Batts-Wall-Rev12-010225.pdf,https://insulation.com.au/wp-content/uploads/2024/SUIS-FBS-1-Glasswool-Bio-soluble-Insulation-Rev3-171024.pdf,REVIEW,Order Flag contains repeated 6712; confirm intended meaning; Order Quantity contains repeated 6712; confirm intended meaning,READY,manufacturer_supported_variant_review,True,False,Product_Master_Bot_Sheet1_Validated.xlsx,cab733ff840db5bb8116e4869b42915772cd667d035912612bd78c0d35b4b5b7
Fletcher,FL-4006916,FITUFFWRAPBRW1350L30MRL,TUFF WRAP BR 497 1.35X30M,Yes,Wall Wrap / Sarking,Reflective Membrane,Wall Wrap / Sarking,4006916,FLETCHER_SISALATION_WRAP,Sisalation Tuff Wrap and Multipurpose Sarking,knowledge/fletcher/sisalation-wrap.md,Not stated,Not stated,Not stated,No parseable performance source,https://insulation.com.au/wp-content/uploads/2024/TDS-Pink-Batts-Wall-Rev12-010225.pdf,https://insulation.com.au/wp-content/uploads/2024/SUIS-FBS-1-Glasswool-Bio-soluble-Insulation-Rev3-171024.pdf,REVIEW,Order Flag contains repeated 6712; confirm intended meaning; Order Quantity contains repeated 6712; confirm intended meaning,READY,manufacturer_supported_variant_review,True,False,Product_Master_Bot_Sheet1_Validated.xlsx,cab733ff840db5bb8116e4869b42915772cd667d035912612bd78c0d35b4b5b7
Fletcher,FL-4006917,FITUFFWRAPW1350L60MRL,TUFF WRAP 497 1.35X60M,Yes,Wall Wrap / Sarking,Reflective Membrane,Wall Wrap / Sarking,4006917,FLETCHER_SISALATION_WRAP,Sisalation Tuff Wrap and Multipurpose Sarking,knowledge/fletcher/sisalation-wrap.md,Not stated,Not stated,Not stated,No parseable performance source,https://insulation.com.au/wp-content/uploads/2024/TDS-Pink-Batts-Wall-Rev12-010225.pdf,https://insulation.com.au/wp-content/uploads/2024/SUIS-FBS-1-Glasswool-Bio-soluble-Insulation-Rev3-171024.pdf,REVIEW,Order Flag contains repeated 6712; confirm intended meaning; Order Quantity contains repeated 6712; confirm intended meaning,READY,manufacturer_supported_variant_review,True,False,Product_Master_Bot_Sheet1_Validated.xlsx,cab733ff840db5bb8116e4869b42915772cd667d035912612bd78c0d35b4b5b7
Fletcher,FL-4007197,FISAFENSILENTT50W600L1200PK6,SAFE'N'SILENT PRO350 1200X600X50MM 6PK,Yes,Batt,Rockwool,Internal Wall | Ceiling | General Acoustic,4007197,FLETCHER_SAFE_N_SILENT_LEGACY,Safe'n'Silent Pro350 (legacy identity review),knowledge/fletcher/safe-n-silent-legacy.md,R1.56,Rw 40,NRC 0.90,Spec Total R-value; Spec Acoustic Rating; Legacy performance,https://insulation.com.au/wp-content/uploads/2023/TDS-Pink-Soundbreak-Rev6-150124.pdf,https://insulation.com.au/wp-content/uploads/2024/SUIS-FBS-1-Glasswool-Bio-soluble-Insulation-Rev3-171024.pdf,REVIEW,Order Flag contains repeated 6712; confirm intended meaning; Order Quantity contains repeated 6712; confirm intended meaning,READY,identity_unverified,False,False,Product_Master_Bot_Sheet1_Validated.xlsx,cab733ff840db5bb8116e4869b42915772cd667d035912612bd78c0d35b4b5b7
Fletcher,FL-4007198,FISAFENSILENTT65W600L1200PK5,SAFE'N'SILENT PRO350 1200X600X65MM 5PK,Yes,Batt,Rockwool,Internal Wall | Ceiling | General Acoustic,4007198,FLETCHER_SAFE_N_SILENT_LEGACY,Safe'n'Silent Pro350 (legacy identity review),knowledge/fletcher/safe-n-silent-legacy.md,R1.98,Rw 40,NRC 0.90,Spec Total R-value; Spec Acoustic Rating; Legacy performance,https://insulation.com.au/wp-content/uploads/2023/TDS-Pink-Soundbreak-Rev6-150124.pdf,https://insulation.com.au/wp-content/uploads/2024/SUIS-FBS-1-Glasswool-Bio-soluble-Insulation-Rev3-171024.pdf,REVIEW,Order Flag contains repeated 6712; confirm intended meaning; Order Quantity contains repeated 6712; confirm intended meaning,READY,identity_unverified,False,False,Product_Master_Bot_Sheet1_Validated.xlsx,cab733ff840db5bb8116e4869b42915772cd667d035912612bd78c0d35b4b5b7
Fletcher,FL-4007200,FISAFENSILENTT90W600L1200PK3,SAFE'N'SILENT PRO350 1200X600X90MM 3PK,Yes,Batt,Rockwool,Internal Wall | Ceiling | General Acoustic,4007200,FLETCHER_SAFE_N_SILENT_LEGACY,Safe'n'Silent Pro350 (legacy identity review),knowledge/fletcher/safe-n-silent-legacy.md,R2.67,Review: Rw 40 | Rw 45,NRC 0.90,Spec Total R-value; Spec Acoustic Rating; Legacy performance,https://insulation.com.au/wp-content/uploads/2023/TDS-Pink-Soundbreak-Rev6-150124.pdf,https://insulation.com.au/wp-content/uploads/2024/SUIS-FBS-1-Glasswool-Bio-soluble-Insulation-Rev3-171024.pdf,REVIEW,Acoustic Rw conflict between legacy and spec fields; Order Flag contains repeated 6712; confirm intended meaning; Order Quantity contains repeated 6712; confirm intended meaning,READY,identity_unverified,False,False,Product_Master_Bot_Sheet1_Validated.xlsx,cab733ff840db5bb8116e4869b42915772cd667d035912612bd78c0d35b4b5b7
Fletcher,FL-4008040,FIFFHEAVYDUTYW1350L500MRL,FF HD (1350MM 500M) (450),Yes,Reflective Insulation,Reflective Foil,General Installation,4008040,FLETCHER_FF_HD_LEGACY,Sisalation FF HD facing roll (identity review),knowledge/fletcher/ff-hd-legacy.md,Review: R33.92 | R33.8,Not stated,Not stated,Spec Total R-value; Legacy performance,https://insulation.com.au/wp-content/uploads/2019/11/TDS-Pink-Batts-Ceiling-v4.pdf,https://insulation.com.au/wp-content/uploads/2024/SUIS-FBS-1-Glasswool-Bio-soluble-Insulation-Rev3-171024.pdf,REVIEW,Thermal R conflict between legacy and spec fields; Order Flag contains repeated 6712; confirm intended meaning; Order Quantity contains repeated 6712; confirm intended meaning,READY,identity_unverified,False,False,Product_Master_Bot_Sheet1_Validated.xlsx,cab733ff840db5bb8116e4869b42915772cd667d035912612bd78c0d35b4b5b7
Fletcher,FL-4021101,FIPROTECTFFT50W300L5MPK4,PROTECT FF ROLL 5000X300X50MM Batts (4),Yes,Blanket / Roll,Glasswool,Party Wall Acoustic,4021101,FLETCHER_PARTY_WALL_STONEWOOL,Fletcher Protect / Fire Stop Party Wall Stonewool,knowledge/fletcher/party-wall-stonewool.md,R1.42,Rw 40,NRC 0.80,Spec Total R-value; Spec Acoustic Rating; Legacy performance,https://insulation.com.au/wp-content/uploads/2024/TDS_Party_Wall_Stonewool_Batts-Blankets_Rev_5_05122024.pdf,https://insulation.com.au/wp-content/uploads/2024/SUIS-FBS-1-Glasswool-Bio-soluble-Insulation-Rev3-171024.pdf,REVIEW,Order Flag contains repeated 6712; confirm intended meaning; Order Quantity contains repeated 6712; confirm intended meaning,READY,manufacturer_supported,True,False,Product_Master_Bot_Sheet1_Validated.xlsx,cab733ff840db5bb8116e4869b42915772cd667d035912612bd78c0d35b4b5b7
Fletcher,FL-4021102,FIPROTECTPWT100W168L1200PK10,PROTECT PWALL BATT 100X168X1200MM (10),Yes,Batt,Stonewool,Party Wall Acoustic,4021102,FLETCHER_PARTY_WALL_STONEWOOL,Fletcher Protect / Fire Stop Party Wall Stonewool,knowledge/fletcher/party-wall-stonewool.md,R2.0,Rw 50,NRC 0.85,Spec Total R-value; Spec Product R-value; Spec Acoustic Rating; Legacy performance,https://insulation.com.au/wp-content/uploads/2024/TDS_Party_Wall_Stonewool_Batts-Blankets_Rev_5_05122024.pdf,https://insulation.com.au/wp-content/uploads/2024/SUIS-FBS-1-Glasswool-Bio-soluble-Insulation-Rev3-171024.pdf,REVIEW,Order Flag contains repeated 6712; confirm intended meaning; Order Quantity contains repeated 6712; confirm intended meaning,READY,manufacturer_supported,True,False,Product_Master_Bot_Sheet1_Validated.xlsx,cab733ff840db5bb8116e4869b42915772cd667d035912612bd78c0d35b4b5b7
Fletcher,FL-4020908,FISUPABATT15W1200L2400PK20,SUPABATT 2400X1200X15 (20) PK GROUP PRICE,Yes,Batt,Glasswool,Internal Wall,4020908,FLETCHER_SUPABATT,supaBATT External Wall Barrier,knowledge/fletcher/supabatt.md,Review: R0.55 | R0.4,Not stated,NRC 0.80,Spec Total R-value; Spec Acoustic Rating; Legacy performance,https://insulation.com.au/wp-content/uploads/2024/TDS-Pink-Batts-Wall-Rev12-010225.pdf,https://insulation.com.au/wp-content/uploads/2024/SUIS-FBS-1-Glasswool-Bio-soluble-Insulation-Rev3-171024.pdf,REVIEW,Thermal R conflict between legacy and spec fields; Order Flag contains repeated 6712; confirm intended meaning; Order Quantity contains repeated 6712; confirm intended meaning,READY,manufacturer_supported,True,False,Product_Master_Bot_Sheet1_Validated.xlsx,cab733ff840db5bb8116e4869b42915772cd667d035912612bd78c0d35b4b5b7
Fletcher,FL-4020912,FISUPABATTVP4T15W1200L2400PK20,SUPABATT VP4 2400X1200X15 (20) PK,Yes,Batt,Glasswool,Internal Wall,4020912,FLETCHER_SUPABATT,supaBATT External Wall Barrier,knowledge/fletcher/supabatt.md,Review: R0.55 | R0.4,Not stated,NRC 0.80,Spec Total R-value; Spec Acoustic Rating; Legacy performance,https://insulation.com.au/wp-content/uploads/2024/TDS-Pink-Batts-Wall-Rev12-010225.pdf,https://insulation.com.au/wp-content/uploads/2024/SUIS-FBS-1-Glasswool-Bio-soluble-Insulation-Rev3-171024.pdf,REVIEW,Thermal R conflict between legacy and spec fields; Order Flag contains repeated 6712; confirm intended meaning; Order Quantity contains repeated 6712; confirm intended meaning,READY,manufacturer_supported,True,False,Product_Master_Bot_Sheet1_Validated.xlsx,cab733ff840db5bb8116e4869b42915772cd667d035912612bd78c0d35b4b5b7
Thermotec,E-flex ST 32mm Wall * 9mm,THEREFLEXSTPIPEID9T32L2000,E-flex ST 32mm Wall * 9mm,Yes,Pipe Insulation,Elastomeric Foam,Pipe,990320009052,THERMOTEC_E_FLEX_ST,E-Flex ST Pipe Insulation,knowledge/thermotec/e-flex-st.md,Review: R1.2 | R2.5,Not stated,Not stated,Spec Total R-value; Spec Product R-value; Legacy performance,https://www.brierleyhose.com.au/uploads/6/1/8/4/61849789/thermotec-4-zero.pdf,https://www.brierleyhose.com.au/uploads/6/1/8/4/61849789/thermotec.pdf,REVIEW,Material conflict between product and spec fields; Thermal R conflict between legacy and spec fields; Order Quantity contains repeated 6712; confirm intended meaning,READY,manufacturer_supported,True,False,Product_Master_Bot_Sheet1_Validated.xlsx,cab733ff840db5bb8116e4869b42915772cd667d035912612bd78c0d35b4b5b7
Thermotec,E-flex ST 32mm Wall * 13mm,THEREFLEXSTPIPEID13T32L2000,E-flex ST 32mm Wall * 13mm,Yes,Pipe Insulation,Elastomeric Foam,Pipe,990320013052,THERMOTEC_E_FLEX_ST,E-Flex ST Pipe Insulation,knowledge/thermotec/e-flex-st.md,Review: R1.2 | R2.5,Not stated,Not stated,Spec Total R-value; Spec Product R-value; Legacy performance,https://www.brierleyhose.com.au/uploads/6/1/8/4/61849789/thermotec-4-zero.pdf,https://www.brierleyhose.com.au/uploads/6/1/8/4/61849789/thermotec.pdf,REVIEW,Material conflict between product and spec fields; Thermal R conflict between legacy and spec fields; Order Quantity contains repeated 6712; confirm intended meaning,READY,manufacturer_supported,True,False,Product_Master_Bot_Sheet1_Validated.xlsx,cab733ff840db5bb8116e4869b42915772cd667d035912612bd78c0d35b4b5b7
Thermotec,E-flex ST 32mm Wall * 16mm,THEREFLEXSTPIPEID16T32L2000,E-flex ST 32mm Wall * 16mm,Yes,Pipe Insulation,Elastomeric Foam,Pipe,990320016052,THERMOTEC_E_FLEX_ST,E-Flex ST Pipe Insulation,knowledge/thermotec/e-flex-st.md,Review: R1.2 | R2.5,Not stated,Not stated,Spec Total R-value; Spec Product R-value; Legacy performance,https://www.brierleyhose.com.au/uploads/6/1/8/4/61849789/thermotec-4-zero.pdf,https://www.brierleyhose.com.au/uploads/6/1/8/4/61849789/thermotec.pdf,REVIEW,Material conflict between product and spec fields; Thermal R conflict between legacy and spec fields; Order Quantity contains repeated 6712; confirm intended meaning,READY,manufacturer_supported,True,False,Product_Master_Bot_Sheet1_Validated.xlsx,cab733ff840db5bb8116e4869b42915772cd667d035912612bd78c0d35b4b5b7
Thermotec,E-flex ST 32mm Wall * 19mm,THEREFLEXSTPIPEID19T32L2000,E-flex ST 32mm Wall * 19mm,Yes,Pipe Insulation,Elastomeric Foam,Pipe,990320019052,THERMOTEC_E_FLEX_ST,E-Flex ST Pipe Insulation,knowledge/thermotec/e-flex-st.md,Review: R1.2 | R2.5,Not stated,Not stated,Spec Total R-value; Spec Product R-value; Legacy performance,https://www.brierleyhose.com.au/uploads/6/1/8/4/61849789/thermotec-4-zero.pdf,https://www.brierleyhose.com.au/uploads/6/1/8/4/61849789/thermotec.pdf,REVIEW,Material conflict between product and spec fields; Thermal R conflict between legacy and spec fields; Order Quantity contains repeated 6712; confirm intended meaning,READY,manufacturer_supported,True,False,Product_Master_Bot_Sheet1_Validated.xlsx,cab733ff840db5bb8116e4869b42915772cd667d035912612bd78c0d35b4b5b7
Thermotec,E-flex ST 38mm Wall * 22mm,THEREFLEXSTPIPEID22T38L2000,E-flex ST 38mm Wall * 22mm,Yes,Pipe Insulation,Elastomeric Foam,Pipe,990380022052,THERMOTEC_E_FLEX_ST,E-Flex ST Pipe Insulation,knowledge/thermotec/e-flex-st.md,Review: R1.2 | R2.5,Not stated,Not stated,Spec Total R-value; Spec Product R-value; Legacy performance,https://www.brierleyhose.com.au/uploads/6/1/8/4/61849789/thermotec-4-zero.pdf,https://www.brierleyhose.com.au/uploads/6/1/8/4/61849789/thermotec.pdf,REVIEW,Material conflict between product and spec fields; Thermal R conflict between legacy and spec fields; Order Quantity contains repeated 6712; confirm intended meaning,READY,manufacturer_supported,True,False,Product_Master_Bot_Sheet1_Validated.xlsx,cab733ff840db5bb8116e4869b42915772cd667d035912612bd78c0d35b4b5b7
Thermotec,E-flex ST 38mm Wall * 25mm,THEREFLEXSTPIPEID25T38L2000,E-flex ST 38mm Wall * 25mm,Yes,Pipe Insulation,Elastomeric Foam,Pipe,990380025052,THERMOTEC_E_FLEX_ST,E-Flex ST Pipe Insulation,knowledge/thermotec/e-flex-st.md,Review: R1.2 | R2.5,Not stated,Not stated,Spec Total R-value; Spec Product R-value; Legacy performance,https://www.brierleyhose.com.au/uploads/6/1/8/4/61849789/thermotec-4-zero.pdf,https://www.brierleyhose.com.au/uploads/6/1/8/4/61849789/thermotec.pdf,REVIEW,Material conflict between product and spec fields; Thermal R conflict between legacy and spec fields; Order Quantity contains repeated 6712; confirm intended meaning,READY,manufacturer_supported,True,False,Product_Master_Bot_Sheet1_Validated.xlsx,cab733ff840db5bb8116e4869b42915772cd667d035912612bd78c0d35b4b5b7
Thermotec,E-flex ST 38mm Wall * 32mm,THEREFLEXSTPIPEID32T38L2000,E-flex ST 38mm Wall * 32mm,Yes,Pipe Insulation,Elastomeric Foam,Pipe,990380032052,THERMOTEC_E_FLEX_ST,E-Flex ST Pipe Insulation,knowledge/thermotec/e-flex-st.md,Review: R1.2 | R2.5,Not stated,Not stated,Spec Total R-value; Spec Product R-value; Legacy performance,https://www.brierleyhose.com.au/uploads/6/1/8/4/61849789/thermotec-4-zero.pdf,https://www.brierleyhose.com.au/uploads/6/1/8/4/61849789/thermotec.pdf,REVIEW,Material conflict between product and spec fields; Thermal R conflict between legacy and spec fields; Order Quantity contains repeated 6712; confirm intended meaning,READY,manufacturer_supported,True,False,Product_Master_Bot_Sheet1_Validated.xlsx,cab733ff840db5bb8116e4869b42915772cd667d035912612bd78c0d35b4b5b7
Thermotec,E-flex ST 38mm Wall * 38mm,THEREFLEXSTPIPEID38T38L2000,E-flex ST 38mm Wall * 38mm,Yes,Pipe Insulation,Elastomeric Foam,Pipe,990380038052,THERMOTEC_E_FLEX_ST,E-Flex ST Pipe Insulation,knowledge/thermotec/e-flex-st.md,Review: R1.2 | R2.5,Not stated,Not stated,Spec Total R-value; Spec Product R-value; Legacy performance,https://www.brierleyhose.com.au/uploads/6/1/8/4/61849789/thermotec-4-zero.pdf,https://www.brierleyhose.com.au/uploads/6/1/8/4/61849789/thermotec.pdf,REVIEW,Material conflict between product and spec fields; Thermal R conflict between legacy and spec fields; Order Quantity contains repeated 6712; confirm intended meaning,READY,manufacturer_supported,True,False,Product_Master_Bot_Sheet1_Validated.xlsx,cab733ff840db5bb8116e4869b42915772cd667d035912612bd78c0d35b4b5b7
Thermotec,E-flex ST 38mm Wall * 42mm,THEREFLEXSTPIPEID42T38L2000,E-flex ST 38mm Wall * 42mm,Yes,Pipe Insulation,Elastomeric Foam,Pipe,990380042052,THERMOTEC_E_FLEX_ST,E-Flex ST Pipe Insulation,knowledge/thermotec/e-flex-st.md,Review: R1.2 | R2.5,Not stated,Not stated,Spec Total R-value; Spec Product R-value; Legacy performance,https://www.brierleyhose.com.au/uploads/6/1/8/4/61849789/thermotec-4-zero.pdf,https://www.brierleyhose.com.au/uploads/6/1/8/4/61849789/thermotec.pdf,REVIEW,Material conflict between product and spec fields; Thermal R conflict between legacy and spec fields; Order Quantity contains repeated 6712; confirm intended meaning,READY,manufacturer_supported,True,False,Product_Master_Bot_Sheet1_Validated.xlsx,cab733ff840db5bb8116e4869b42915772cd667d035912612bd78c0d35b4b5b7
Thermotec,E-flex ST 38mm Wall * 67mm,THEREFLEXSTPIPEID67T38L2000,E-flex ST 38mm Wall * 67mm,Yes,Pipe Insulation,Elastomeric Foam,Pipe,990380067052,THERMOTEC_E_FLEX_ST,E-Flex ST Pipe Insulation,knowledge/thermotec/e-flex-st.md,Review: R1.2 | R2.5,Not stated,Not stated,Spec Total R-value; Spec Product R-value; Legacy performance,https://www.brierleyhose.com.au/uploads/6/1/8/4/61849789/thermotec-4-zero.pdf,https://www.brierleyhose.com.au/uploads/6/1/8/4/61849789/thermotec.pdf,REVIEW,Material conflict between product and spec fields; Thermal R conflict between legacy and spec fields; Order Quantity contains repeated 6712; confirm intended meaning,READY,manufacturer_supported,True,False,Product_Master_Bot_Sheet1_Validated.xlsx,cab733ff840db5bb8116e4869b42915772cd667d035912612bd78c0d35b4b5b7
Thermotec,E-flex ST 38mm Wall * 76mm,THEREFLEXSTPIPEID76T38L2000,E-flex ST 38mm Wall * 76mm,Yes,Pipe Insulation,Elastomeric Foam,Pipe,990380076052,THERMOTEC_E_FLEX_ST,E-Flex ST Pipe Insulation,knowledge/thermotec/e-flex-st.md,Review: R1.2 | R2.5,Not stated,Not stated,Spec Total R-value; Spec Product R-value; Legacy performance,https://www.brierleyhose.com.au/uploads/6/1/8/4/61849789/thermotec-4-zero.pdf,https://www.brierleyhose.com.au/uploads/6/1/8/4/61849789/thermotec.pdf,REVIEW,Material conflict between product and spec fields; Thermal R conflict between legacy and spec fields; Order Quantity contains repeated 6712; confirm intended meaning,READY,manufacturer_supported,True,False,Product_Master_Bot_Sheet1_Validated.xlsx,cab733ff840db5bb8116e4869b42915772cd667d035912612bd78c0d35b4b5b7
Thermotec,E-flex ST 38mm Wall * 102mm,THEREFLEXSTPIPEID102T38L2000,E-flex ST 38mm Wall * 102mm,Yes,Pipe Insulation,Elastomeric Foam,Pipe,990380102052,THERMOTEC_E_FLEX_ST,E-Flex ST Pipe Insulation,knowledge/thermotec/e-flex-st.md,Review: R1.2 | R2.5,Not stated,Not stated,Spec Total R-value; Spec Product R-value; Legacy performance,https://www.brierleyhose.com.au/uploads/6/1/8/4/61849789/thermotec-4-zero.pdf,https://www.brierleyhose.com.au/uploads/6/1/8/4/61849789/thermotec.pdf,REVIEW,Material conflict between product and spec fields; Thermal R conflict between legacy and spec fields; Order Quantity contains repeated 6712; confirm intended meaning,READY,manufacturer_supported,True,False,Product_Master_Bot_Sheet1_Validated.xlsx,cab733ff840db5bb8116e4869b42915772cd667d035912612bd78c0d35b4b5b7
Thermotec,E-flex ST Coil 13mm Wall * 13mm (32m),THEREFLEXSTPIPEID13T13L32M,E-flex ST Coil 13mm Wall * 13mm (32m),Yes,Pipe Insulation,Elastomeric Foam,Pipe,990130013072,THERMOTEC_E_FLEX_ST,E-Flex ST Pipe Insulation,knowledge/thermotec/e-flex-st.md,Review: R1.2 | R2.5,Not stated,Not stated,Spec Total R-value; Spec Product R-value; Legacy performance,https://www.brierleyhose.com.au/uploads/6/1/8/4/61849789/thermotec-4-zero.pdf,https://www.brierleyhose.com.au/uploads/6/1/8/4/61849789/thermotec.pdf,REVIEW,Material conflict between product and spec fields; Thermal R conflict between legacy and spec fields; Order Quantity contains repeated 6712; confirm intended meaning,READY,manufacturer_supported,True,False,Product_Master_Bot_Sheet1_Validated.xlsx,cab733ff840db5bb8116e4869b42915772cd667d035912612bd78c0d35b4b5b7
Thermotec,E-flex ST Coil 13mm Wall * 19mm (25m),THEREFLEXSTPIPEID19T13L25M,E-flex ST Coil 13mm Wall * 19mm (25m),Yes,Pipe Insulation,Elastomeric Foam,Pipe,990130019072,THERMOTEC_E_FLEX_ST,E-Flex ST Pipe Insulation,knowledge/thermotec/e-flex-st.md,Review: R1.2 | R2.5,Not stated,Not stated,Spec Total R-value; Spec Product R-value; Legacy performance,https://www.brierleyhose.com.au/uploads/6/1/8/4/61849789/thermotec-4-zero.pdf,https://www.brierleyhose.com.au/uploads/6/1/8/4/61849789/thermotec.pdf,REVIEW,Material conflict between product and spec fields; Thermal R conflict between legacy and spec fields; Order Quantity contains repeated 6712; confirm intended meaning,READY,manufacturer_supported,True,False,Product_Master_Bot_Sheet1_Validated.xlsx,cab733ff840db5bb8116e4869b42915772cd667d035912612bd78c0d35b4b5b7
Thermotec,E-flex ST Coil 13mm Wall * 28mm (20m),THEREFLEXSTPIPEID28T13L20M,E-flex ST Coil 13mm Wall * 28mm (20m),Yes,Pipe Insulation,Elastomeric Foam,Pipe,990130028072,THERMOTEC_E_FLEX_ST,E-Flex ST Pipe Insulation,knowledge/thermotec/e-flex-st.md,Review: R1.2 | R2.5,Not stated,Not stated,Spec Total R-value; Spec Product R-value; Legacy performance,https://www.brierleyhose.com.au/uploads/6/1/8/4/61849789/thermotec-4-zero.pdf,https://www.brierleyhose.com.au/uploads/6/1/8/4/61849789/thermotec.pdf,REVIEW,Material conflict between product and spec fields; Thermal R conflict between legacy and spec fields; Order Quantity contains repeated 6712; confirm intended meaning,READY,manufacturer_supported,True,False,Product_Master_Bot_Sheet1_Validated.xlsx,cab733ff840db5bb8116e4869b42915772cd667d035912612bd78c0d35b4b5b7
Thermotec,E-flex ST Sheeting 13mm THK 1m x 1.5m,THEREFLEXSTPIPEID1500T13L1000,E-flex ST Sheeting 13mm THK 1m x 1.5m,Yes,Pipe Insulation,Elastomeric Foam,Pipe,990131501052,THERMOTEC_E_FLEX_ST,E-Flex ST Pipe Insulation,knowledge/thermotec/e-flex-st.md,Review: R1.2 | R2.5,Not stated,Not stated,Spec Total R-value; Spec Product R-value; Legacy performance,https://www.brierleyhose.com.au/uploads/6/1/8/4/61849789/thermotec-4-zero.pdf,https://www.brierleyhose.com.au/uploads/6/1/8/4/61849789/thermotec.pdf,REVIEW,Material conflict between product and spec fields; Thermal R conflict between legacy and spec fields; Order Quantity contains repeated 6712; confirm intended meaning,READY,manufacturer_supported,True,False,Product_Master_Bot_Sheet1_Validated.xlsx,cab733ff840db5bb8116e4869b42915772cd667d035912612bd78c0d35b4b5b7
Thermotec,E-flex ST Sheeting 19mm THK 1m x 1.5m,THEREFLEXSTPIPEID1500T19L1000,E-flex ST Sheeting 19mm THK 1m x 1.5m,Yes,Pipe Insulation,Elastomeric Foam,Pipe,990191501052,THERMOTEC_E_FLEX_ST,E-Flex ST Pipe Insulation,knowledge/thermotec/e-flex-st.md,Review: R1.2 | R2.5,Not stated,Not stated,Spec Total R-value; Spec Product R-value; Legacy performance,https://www.brierleyhose.com.au/uploads/6/1/8/4/61849789/thermotec-4-zero.pdf,https://www.brierleyhose.com.au/uploads/6/1/8/4/61849789/thermotec.pdf,REVIEW,Material conflict between product and spec fields; Thermal R conflict between legacy and spec fields; Order Quantity contains repeated 6712; confirm intended meaning,READY,manufacturer_supported,True,False,Product_Master_Bot_Sheet1_Validated.xlsx,cab733ff840db5bb8116e4869b42915772cd667d035912612bd78c0d35b4b5b7
Thermotec,E-flex ST Sheeting 25mm THK 1m x 1.5m,THEREFLEXSTPIPEID1500T25L1000,E-flex ST Sheeting 25mm THK 1m x 1.5m,Yes,Pipe Insulation,Elastomeric Foam,Pipe,990251501052,THERMOTEC_E_FLEX_ST,E-Flex ST Pipe Insulation,knowledge/thermotec/e-flex-st.md,Review: R1.2 | R2.5,Not stated,Not stated,Spec Total R-value; Spec Product R-value; Legacy performance,https://www.brierleyhose.com.au/uploads/6/1/8/4/61849789/thermotec-4-zero.pdf,https://www.brierleyhose.com.au/uploads/6/1/8/4/61849789/thermotec.pdf,REVIEW,Material conflict between product and spec fields; Thermal R conflict between legacy and spec fields; Order Quantity contains repeated 6712; confirm intended meaning,READY,manufacturer_supported,True,False,Product_Master_Bot_Sheet1_Validated.xlsx,cab733ff840db5bb8116e4869b42915772cd667d035912612bd78c0d35b4b5b7
Thermotec,E-flex HT 13mm Wall * 9mm,THEREFLEXHTPIPEID9T13L2000,E-flex HT 13mm Wall * 9mm,Yes,Pipe Insulation,Elastomeric Foam,Pipe,990130009032,THERMOTEC_E_FLEX_HT,E-Flex HT Solar Pipe Insulation,knowledge/thermotec/e-flex-ht.md,Review: R1.2 | R2.5,Not stated,Not stated,Spec Total R-value; Spec Product R-value; Legacy performance,https://www.brierleyhose.com.au/uploads/6/1/8/4/61849789/thermotec-4-zero.pdf,https://www.brierleyhose.com.au/uploads/6/1/8/4/61849789/thermotec.pdf,REVIEW,Material conflict between product and spec fields; Thermal R conflict between legacy and spec fields; Order Quantity contains repeated 6712; confirm intended meaning,READY,manufacturer_supported,True,False,Product_Master_Bot_Sheet1_Validated.xlsx,cab733ff840db5bb8116e4869b42915772cd667d035912612bd78c0d35b4b5b7
Thermotec,E-flex HT 13mm Wall * 13mm,THEREFLEXHTPIPEID13T13L2000,E-flex HT 13mm Wall * 13mm,Yes,Pipe Insulation,Elastomeric Foam,Pipe,990130013032,THERMOTEC_E_FLEX_HT,E-Flex HT Solar Pipe Insulation,knowledge/thermotec/e-flex-ht.md,Review: R1.2 | R2.5,Not stated,Not stated,Spec Total R-value; Spec Product R-value; Legacy performance,https://www.brierleyhose.com.au/uploads/6/1/8/4/61849789/thermotec-4-zero.pdf,https://www.brierleyhose.com.au/uploads/6/1/8/4/61849789/thermotec.pdf,REVIEW,Material conflict between product and spec fields; Thermal R conflict between legacy and spec fields; Order Quantity contains repeated 6712; confirm intended meaning,READY,manufacturer_supported,True,False,Product_Master_Bot_Sheet1_Validated.xlsx,cab733ff840db5bb8116e4869b42915772cd667d035912612bd78c0d35b4b5b7
Thermotec,E-flex HT 13mm Wall * 16mm,THEREFLEXHTPIPEID16T13L2000,E-flex HT 13mm Wall * 16mm,Yes,Pipe Insulation,Elastomeric Foam,Pipe,990130016032,THERMOTEC_E_FLEX_HT,E-Flex HT Solar Pipe Insulation,knowledge/thermotec/e-flex-ht.md,Review: R1.2 | R2.5,Not stated,Not stated,Spec Total R-value; Spec Product R-value; Legacy performance,https://www.brierleyhose.com.au/uploads/6/1/8/4/61849789/thermotec-4-zero.pdf,https://www.brierleyhose.com.au/uploads/6/1/8/4/61849789/thermotec.pdf,REVIEW,Material conflict between product and spec fields; Thermal R conflict between legacy and spec fields; Order Quantity contains repeated 6712; confirm intended meaning,READY,manufacturer_supported,True,False,Product_Master_Bot_Sheet1_Validated.xlsx,cab733ff840db5bb8116e4869b42915772cd667d035912612bd78c0d35b4b5b7
Thermotec,E-flex HT 13mm Wall * 19mm,THEREFLEXHTPIPEID19T13L2000,E-flex HT 13mm Wall * 19mm,Yes,Pipe Insulation,Elastomeric Foam,Pipe,990130019032,THERMOTEC_E_FLEX_HT,E-Flex HT Solar Pipe Insulation,knowledge/thermotec/e-flex-ht.md,Review: R1.2 | R2.5,Not stated,Not stated,Spec Total R-value; Spec Product R-value; Legacy performance,https://www.brierleyhose.com.au/uploads/6/1/8/4/61849789/thermotec-4-zero.pdf,https://www.brierleyhose.com.au/uploads/6/1/8/4/61849789/thermotec.pdf,REVIEW,Material conflict between product and spec fields; Thermal R conflict between legacy and spec fields; Order Quantity contains repeated 6712; confirm intended meaning,READY,manufacturer_supported,True,False,Product_Master_Bot_Sheet1_Validated.xlsx,cab733ff840db5bb8116e4869b42915772cd667d035912612bd78c0d35b4b5b7
Thermotec,E-flex HT 13mm Wall * 25mm,THEREFLEXHTPIPEID25T13L2000,E-flex HT 13mm Wall * 25mm,Yes,Pipe Insulation,Elastomeric Foam,Pipe,990130025032,THERMOTEC_E_FLEX_HT,E-Flex HT Solar Pipe Insulation,knowledge/thermotec/e-flex-ht.md,Review: R1.2 | R2.5,Not stated,Not stated,Spec Total R-value; Spec Product R-value; Legacy performance,https://www.brierleyhose.com.au/uploads/6/1/8/4/61849789/thermotec-4-zero.pdf,https://www.brierleyhose.com.au/uploads/6/1/8/4/61849789/thermotec.pdf,REVIEW,Material conflict between product and spec fields; Thermal R conflict between legacy and spec fields; Order Quantity contains repeated 6712; confirm intended meaning,READY,manufacturer_supported,True,False,Product_Master_Bot_Sheet1_Validated.xlsx,cab733ff840db5bb8116e4869b42915772cd667d035912612bd78c0d35b4b5b7
Thermotec,E-flex HT 13mm Wall * 32mm,THEREFLEXHTPIPEID32T13L2000,E-flex HT 13mm Wall * 32mm,Yes,Pipe Insulation,Elastomeric Foam,Pipe,990130032032,THERMOTEC_E_FLEX_HT,E-Flex HT Solar Pipe Insulation,knowledge/thermotec/e-flex-ht.md,Review: R1.2 | R2.5,Not stated,Not stated,Spec Total R-value; Spec Product R-value; Legacy performance,https://www.brierleyhose.com.au/uploads/6/1/8/4/61849789/thermotec-4-zero.pdf,https://www.brierleyhose.com.au/uploads/6/1/8/4/61849789/thermotec.pdf,REVIEW,Material conflict between product and spec fields; Thermal R conflict between legacy and spec fields; Order Quantity contains repeated 6712; confirm intended meaning,READY,manufacturer_supported,True,False,Product_Master_Bot_Sheet1_Validated.xlsx,cab733ff840db5bb8116e4869b42915772cd667d035912612bd78c0d35b4b5b7
Thermotec,E-flex HT 13mm Wall * 39mm,THEREFLEXHTPIPEID39T13L2000,E-flex HT 13mm Wall * 39mm,Yes,Pipe Insulation,Elastomeric Foam,Pipe,990130039032,THERMOTEC_E_FLEX_HT,E-Flex HT Solar Pipe Insulation,knowledge/thermotec/e-flex-ht.md,Review: R1.2 | R2.5,Not stated,Not stated,Spec Total R-value; Spec Product R-value; Legacy performance,https://www.brierleyhose.com.au/uploads/6/1/8/4/61849789/thermotec-4-zero.pdf,https://www.brierleyhose.com.au/uploads/6/1/8/4/61849789/thermotec.pdf,REVIEW,Material conflict between product and spec fields; Thermal R conflict between legacy and spec fields; Order Quantity contains repeated 6712; confirm intended meaning,READY,manufacturer_supported,True,False,Product_Master_Bot_Sheet1_Validated.xlsx,cab733ff840db5bb8116e4869b42915772cd667d035912612bd78c0d35b4b5b7
Thermotec,Maxflex Coil 13mm Wall * 13mm (32m),THERMAXCOILT13W13L32MCOIL,Maxflex Coil 13mm Wall * 13mm (32m),Yes,Pipe Insulation,Elastomeric Foam,Pipe,990130013042,THERMOTEC_MAXFLEX_PIPE,Maxflex Coil Pipe Insulation (identity unverified),knowledge/thermotec/maxflex-pipe.md,Review: R1.2 | R2.5,Not stated,Not stated,Spec Total R-value; Spec Product R-value; Legacy performance,https://www.brierleyhose.com.au/uploads/6/1/8/4/61849789/thermotec-4-zero.pdf,https://www.brierleyhose.com.au/uploads/6/1/8/4/61849789/thermotec.pdf,REVIEW,Thermal R conflict between legacy and spec fields; Order Quantity contains repeated 6712; confirm intended meaning,READY,identity_unverified,False,False,Product_Master_Bot_Sheet1_Validated.xlsx,cab733ff840db5bb8116e4869b42915772cd667d035912612bd78c0d35b4b5b7
Thermotec,Maxflex Coil 13mm Wall * 19mm (25m),THERMAXCOILT13W19L25MCOIL,Maxflex Coil 13mm Wall * 19mm (25m),Yes,Pipe Insulation,Elastomeric Foam,Pipe,990130019042,THERMOTEC_MAXFLEX_PIPE,Maxflex Coil Pipe Insulation (identity unverified),knowledge/thermotec/maxflex-pipe.md,Review: R1.2 | R2.5,Not stated,Not stated,Spec Total R-value; Spec Product R-value; Legacy performance,https://www.brierleyhose.com.au/uploads/6/1/8/4/61849789/thermotec-4-zero.pdf,https://www.brierleyhose.com.au/uploads/6/1/8/4/61849789/thermotec.pdf,REVIEW,Thermal R conflict between legacy and spec fields; Order Quantity contains repeated 6712; confirm intended meaning,READY,identity_unverified,False,False,Product_Master_Bot_Sheet1_Validated.xlsx,cab733ff840db5bb8116e4869b42915772cd667d035912612bd78c0d35b4b5b7
Thermotec,E-flex HT 19mm Wall * 13mm,THEREFLEXHTPIPEID13T19L2000,E-flex HT 19mm Wall * 13mm,Yes,Pipe Insulation,Elastomeric Foam,Pipe,990190013032,THERMOTEC_E_FLEX_HT,E-Flex HT Solar Pipe Insulation,knowledge/thermotec/e-flex-ht.md,Review: R1.2 | R2.5,Not stated,Not stated,Spec Total R-value; Spec Product R-value; Legacy performance,https://www.brierleyhose.com.au/uploads/6/1/8/4/61849789/thermotec-4-zero.pdf,https://www.brierleyhose.com.au/uploads/6/1/8/4/61849789/thermotec.pdf,REVIEW,Material conflict between product and spec fields; Thermal R conflict between legacy and spec fields; Order Quantity contains repeated 6712; confirm intended meaning,READY,manufacturer_supported,True,False,Product_Master_Bot_Sheet1_Validated.xlsx,cab733ff840db5bb8116e4869b42915772cd667d035912612bd78c0d35b4b5b7
Thermotec,E-flex HT 19mm Wall * 19mm,THEREFLEXHTPIPEID19T19L2000,E-flex HT 19mm Wall * 19mm,Yes,Pipe Insulation,Elastomeric Foam,Pipe,990190019032,THERMOTEC_E_FLEX_HT,E-Flex HT Solar Pipe Insulation,knowledge/thermotec/e-flex-ht.md,Review: R1.2 | R2.5,Not stated,Not stated,Spec Total R-value; Spec Product R-value; Legacy performance,https://www.brierleyhose.com.au/uploads/6/1/8/4/61849789/thermotec-4-zero.pdf,https://www.brierleyhose.com.au/uploads/6/1/8/4/61849789/thermotec.pdf,REVIEW,Material conflict between product and spec fields; Thermal R conflict between legacy and spec fields; Order Quantity contains repeated 6712; confirm intended meaning,READY,manufacturer_supported,True,False,Product_Master_Bot_Sheet1_Validated.xlsx,cab733ff840db5bb8116e4869b42915772cd667d035912612bd78c0d35b4b5b7
Thermotec,E-flex HT 19mm Wall * 25mm,THEREFLEXHTPIPEID25T19L2000,E-flex HT 19mm Wall * 25mm,Yes,Pipe Insulation,Elastomeric Foam,Pipe,990190025032,THERMOTEC_E_FLEX_HT,E-Flex HT Solar Pipe Insulation,knowledge/thermotec/e-flex-ht.md,Review: R1.2 | R2.5,Not stated,Not stated,Spec Total R-value; Spec Product R-value; Legacy performance,https://www.brierleyhose.com.au/uploads/6/1/8/4/61849789/thermotec-4-zero.pdf,https://www.brierleyhose.com.au/uploads/6/1/8/4/61849789/thermotec.pdf,REVIEW,Material conflict between product and spec fields; Thermal R conflict between legacy and spec fields; Order Quantity contains repeated 6712; confirm intended meaning,READY,manufacturer_supported,True,False,Product_Master_Bot_Sheet1_Validated.xlsx,cab733ff840db5bb8116e4869b42915772cd667d035912612bd78c0d35b4b5b7
Thermotec,E-flex HT 19mm Wall * 32mm,THEREFLEXHTPIPEID32T19L2000,E-flex HT 19mm Wall * 32mm,Yes,Pipe Insulation,Elastomeric Foam,Pipe,990190032032,THERMOTEC_E_FLEX_HT,E-Flex HT Solar Pipe Insulation,knowledge/thermotec/e-flex-ht.md,Review: R1.2 | R2.5,Not stated,Not stated,Spec Total R-value; Spec Product R-value; Legacy performance,https://www.brierleyhose.com.au/uploads/6/1/8/4/61849789/thermotec-4-zero.pdf,https://www.brierleyhose.com.au/uploads/6/1/8/4/61849789/thermotec.pdf,REVIEW,Material conflict between product and spec fields; Thermal R conflict between legacy and spec fields; Order Quantity contains repeated 6712; confirm intended meaning,READY,manufacturer_supported,True,False,Product_Master_Bot_Sheet1_Validated.xlsx,cab733ff840db5bb8116e4869b42915772cd667d035912612bd78c0d35b4b5b7
Thermotec,E-flex HT 19mm Wall * 38mm,THEREFLEXHTPIPEID38T19L2000,E-flex HT 19mm Wall * 38mm,Yes,Pipe Insulation,Elastomeric Foam,Pipe,990190039032,THERMOTEC_E_FLEX_HT,E-Flex HT Solar Pipe Insulation,knowledge/thermotec/e-flex-ht.md,Review: R1.2 | R2.5,Not stated,Not stated,Spec Total R-value; Spec Product R-value; Legacy performance,https://www.brierleyhose.com.au/uploads/6/1/8/4/61849789/thermotec-4-zero.pdf,https://www.brierleyhose.com.au/uploads/6/1/8/4/61849789/thermotec.pdf,REVIEW,Material conflict between product and spec fields; Thermal R conflict between legacy and spec fields; Order Quantity contains repeated 6712; confirm intended meaning,READY,manufacturer_supported,True,False,Product_Master_Bot_Sheet1_Validated.xlsx,cab733ff840db5bb8116e4869b42915772cd667d035912612bd78c0d35b4b5b7
Thermotec,E-flex HT 19mm Wall * 51mm,THEREFLEXHTPIPEID51T19L2000,E-flex HT 19mm Wall * 51mm,Yes,Pipe Insulation,Elastomeric Foam,Pipe,990190051032,THERMOTEC_E_FLEX_HT,E-Flex HT Solar Pipe Insulation,knowledge/thermotec/e-flex-ht.md,Review: R1.2 | R2.5,Not stated,Not stated,Spec Total R-value; Spec Product R-value; Legacy performance,https://www.brierleyhose.com.au/uploads/6/1/8/4/61849789/thermotec-4-zero.pdf,https://www.brierleyhose.com.au/uploads/6/1/8/4/61849789/thermotec.pdf,REVIEW,Material conflict between product and spec fields; Thermal R conflict between legacy and spec fields; Order Quantity contains repeated 6712; confirm intended meaning,READY,manufacturer_supported,True,False,Product_Master_Bot_Sheet1_Validated.xlsx,cab733ff840db5bb8116e4869b42915772cd667d035912612bd78c0d35b4b5b7
Thermotec,E-flex HT 25mm Wall * 22mm,THEREFLEXHTPIPEID22T25L2000,E-flex HT 25mm Wall * 22mm,Yes,Pipe Insulation,Elastomeric Foam,Pipe,990250022032,THERMOTEC_E_FLEX_HT,E-Flex HT Solar Pipe Insulation,knowledge/thermotec/e-flex-ht.md,Review: R1.2 | R2.5,Not stated,Not stated,Spec Total R-value; Spec Product R-value; Legacy performance,https://www.brierleyhose.com.au/uploads/6/1/8/4/61849789/thermotec-4-zero.pdf,https://www.brierleyhose.com.au/uploads/6/1/8/4/61849789/thermotec.pdf,REVIEW,Material conflict between product and spec fields; Thermal R conflict between legacy and spec fields; Order Quantity contains repeated 6712; confirm intended meaning,READY,manufacturer_supported,True,False,Product_Master_Bot_Sheet1_Validated.xlsx,cab733ff840db5bb8116e4869b42915772cd667d035912612bd78c0d35b4b5b7
Thermotec,Maxflex MaxTape 3mm x 50mm x 9.1m,THERMAXTAPET3W50L9P1MRL,Maxflex MaxTape 3mm x 50mm x 9.1m,Yes,Accessory,Tape / Sealant,Pipe,990003050910,THERMOTEC_MAXTAPE_FR,MaxTape FR Insulating Foam Tape,knowledge/thermotec/maxtape-fr.md,Review: R1.2 | R2.5,Not stated,Not stated,Spec Total R-value; Spec Product R-value; Legacy performance,https://www.brierleyhose.com.au/uploads/6/1/8/4/61849789/thermotec-4-zero.pdf,https://www.brierleyhose.com.au/uploads/6/1/8/4/61849789/thermotec.pdf,REVIEW,Thermal R conflict between legacy and spec fields; Order Quantity contains repeated 6712; confirm intended meaning,READY,manufacturer_supported_classification_pending,True,False,Product_Master_Bot_Sheet1_Validated.xlsx,cab733ff840db5bb8116e4869b42915772cd667d035912612bd78c0d35b4b5b7
Thermotec,Maxflex MaxTape 3mm x 98mm x 9.1m,THERMAXTAPET3W98L9P1MRL,Maxflex MaxTape 3mm x 98mm x 9.1m,Yes,Accessory,Tape / Sealant,Pipe,990003098910,THERMOTEC_MAXTAPE_FR,MaxTape FR Insulating Foam Tape,knowledge/thermotec/maxtape-fr.md,Review: R1.2 | R2.5,Not stated,Not stated,Spec Total R-value; Spec Product R-value; Legacy performance,https://www.brierleyhose.com.au/uploads/6/1/8/4/61849789/thermotec-4-zero.pdf,https://www.brierleyhose.com.au/uploads/6/1/8/4/61849789/thermotec.pdf,REVIEW,Thermal R conflict between legacy and spec fields; Order Quantity contains repeated 6712; confirm intended meaning,READY,manufacturer_supported_classification_pending,True,False,Product_Master_Bot_Sheet1_Validated.xlsx,cab733ff840db5bb8116e4869b42915772cd667d035912612bd78c0d35b4b5b7
